{
	"credit": "Made with Blockbench",
	"textures": {
		"0": "blocks/sandstone_bottom",
		"1": "blocks/quartz_block_side",
		"2": "blocks/nether_brick",
		"3": "blocks/planks_big_oak",
		"4": "blocks/hardened_clay_stained_white",
		"particle": "blocks/sandstone_bottom"
	},
	"elements": [
		{
			"from": [15.5, 5, 0],
			"to": [16.5, 6, 16],
			"faces": {
				"north": {"uv": [0, 0, 2, 1], "texture": "#1"},
				"east": {"uv": [0, 0, 14, 1], "texture": "#1"},
				"south": {"uv": [0, 0, 2, 1], "texture": "#1"},
				"west": {"uv": [0, 0, 14, 1], "texture": "#1"},
				"up": {"uv": [0, 0, 2, 14], "texture": "#1"},
				"down": {"uv": [0, 0, 2, 14], "texture": "#1"}
			}
		},
		{
			"from": [0, 0, 0],
			"to": [16, 5, 16],
			"faces": {
				"north": {"uv": [0, 0, 16, 8], "texture": "#1"},
				"east": {"uv": [0, 0, 16, 8], "texture": "#1"},
				"south": {"uv": [0, 0, 16, 8], "texture": "#1"},
				"west": {"uv": [0, 0, 16, 8], "texture": "#1"},
				"up": {"uv": [0, 0, 16, 16], "texture": "#1"},
				"down": {"uv": [0, 0, 16, 16], "texture": "#1"}
			}
		},
		{
			"from": [0, 4, -0.5],
			"to": [16, 5, 0],
			"faces": {
				"north": {"uv": [0, 0, 16, 1], "texture": "#1"},
				"east": {"uv": [0, 0, 0.5, 1], "texture": "#1"},
				"south": {"uv": [0, 0, 16, 1], "texture": "#1"},
				"west": {"uv": [0, 0, 0.5, 1], "texture": "#1"},
				"up": {"uv": [0, 0, 16, 0.5], "texture": "#1"},
				"down": {"uv": [0, 0, 16, 0.5], "texture": "#1"}
			}
		},
		{
			"from": [16, 4, 0],
			"to": [16.5, 5, 16],
			"faces": {
				"north": {"uv": [0, 0, 0.5, 1], "texture": "#1"},
				"east": {"uv": [0, 0, 16, 1], "texture": "#1"},
				"south": {"uv": [0, 0, 0.5, 1], "texture": "#1"},
				"west": {"uv": [0, 0, 16, 1], "texture": "#1"},
				"up": {"uv": [0, 0, 16, 0.5], "rotation": 90, "texture": "#1"},
				"down": {"uv": [0, 0, 16, 0.5], "rotation": 270, "texture": "#1"}
			}
		},
		{
			"from": [-0.5, 4, 0],
			"to": [0, 5, 16],
			"faces": {
				"north": {"uv": [0, 0, 0.5, 1], "texture": "#1"},
				"east": {"uv": [0, 0, 16, 1], "texture": "#1"},
				"south": {"uv": [0, 0, 0.5, 1], "texture": "#1"},
				"west": {"uv": [0, 0, 16, 1], "texture": "#1"},
				"up": {"uv": [0, 0, 16, 0.5], "rotation": 90, "texture": "#1"},
				"down": {"uv": [0, 0, 16, 0.5], "rotation": 270, "texture": "#1"}
			}
		},
		{
			"from": [-0.5, 5, -0.5],
			"to": [16.5, 6, 0.5],
			"faces": {
				"north": {"uv": [0, 0, 16, 1], "texture": "#1"},
				"east": {"uv": [0, 0, 2, 1], "texture": "#1"},
				"south": {"uv": [0, 0, 16, 1], "texture": "#1"},
				"west": {"uv": [0, 0, 2, 1], "texture": "#1"},
				"up": {"uv": [0, 0, 2, 16], "rotation": 90, "texture": "#1"},
				"down": {"uv": [0, 0, 2, 16], "rotation": 270, "texture": "#1"}
			}
		},
		{
			"from": [0, 4, 16],
			"to": [16, 5, 16.5],
			"faces": {
				"north": {"uv": [0, 0, 16, 1], "texture": "#1"},
				"east": {"uv": [0, 0, 0.5, 1], "texture": "#1"},
				"south": {"uv": [0, 0, 16, 1], "texture": "#1"},
				"west": {"uv": [0, 0, 0.5, 1], "texture": "#1"},
				"up": {"uv": [0, 0, 16, 0.5], "texture": "#1"},
				"down": {"uv": [0, 0, 16, 0.5], "texture": "#1"}
			}
		},
		{
			"from": [-0.5, 5, 15.5],
			"to": [16.5, 6, 16.5],
			"faces": {
				"north": {"uv": [0, 0, 16, 1], "texture": "#1"},
				"east": {"uv": [0, 0, 2, 1], "texture": "#1"},
				"south": {"uv": [0, 0, 16, 1], "texture": "#1"},
				"west": {"uv": [0, 0, 2, 1], "texture": "#1"},
				"up": {"uv": [0, 0, 2, 16], "rotation": 90, "texture": "#1"},
				"down": {"uv": [0, 0, 2, 16], "rotation": 270, "texture": "#1"}
			}
		},
		{
			"from": [-0.5, 5, 0],
			"to": [0.5, 6, 16],
			"faces": {
				"north": {"uv": [0, 0, 2, 1], "texture": "#1"},
				"east": {"uv": [0, 0, 14, 1], "texture": "#1"},
				"south": {"uv": [0, 0, 2, 1], "texture": "#1"},
				"west": {"uv": [0, 0, 14, 1], "texture": "#1"},
				"up": {"uv": [0, 0, 2, 14], "texture": "#1"},
				"down": {"uv": [0, 0, 2, 14], "texture": "#1"}
			}
		},
		{
			"from": [0, 5, 0],
			"to": [16, 6.5, 16],
			"faces": {
				"north": {"uv": [0, 0, 12, 1.5], "texture": "#4"},
				"east": {"uv": [0, 0, 12, 1.5], "texture": "#4"},
				"south": {"uv": [0, 0, 12, 1.5], "texture": "#4"},
				"west": {"uv": [0, 0, 12, 1.5], "texture": "#4"},
				"up": {"uv": [0, 0, 12, 12], "texture": "#4"},
				"down": {"uv": [0, 0, 12, 12], "texture": "#2"}
			}
		},
		{
			"name": "hexadecagon",
			"from": [13.5, 13, 7.5],
			"to": [15.5, 14.5, 11.48912],
			"rotation": {"angle": -45, "axis": "x", "origin": [15, 8, 6]},
			"faces": {
				"north": {"uv": [0, 0, 1, 1], "rotation": 90, "texture": "#1"},
				"east": {"uv": [0, 0, 1, 1], "rotation": 180, "texture": "#1"},
				"south": {"uv": [0, 0, 1, 1], "rotation": 270, "texture": "#1"},
				"west": {"uv": [0, 0, 1, 1], "texture": "#1"},
				"up": {"uv": [0, 0, 1, 1], "rotation": 270, "texture": "#1"},
				"down": {"uv": [0, 0, 1, 1], "rotation": 270, "texture": "#1"}
			}
		},
		{
			"name": "hexadecagon",
			"from": [13.5, 8.00544, 0.6],
			"to": [15.5, 11.99456, 2.1],
			"rotation": {"angle": 22.5, "axis": "x", "origin": [15, 8, 6]},
			"faces": {
				"north": {"uv": [0, 0, 1, 1], "rotation": 90, "texture": "#1"},
				"east": {"uv": [0, 0, 1, 1], "rotation": 180, "texture": "#1"},
				"south": {"uv": [0, 0, 1, 1], "rotation": 270, "texture": "#1"},
				"west": {"uv": [0, 0, 1, 1], "texture": "#1"},
				"up": {"uv": [0, 0, 1, 1], "rotation": 270, "texture": "#1"},
				"down": {"uv": [0, 0, 1, 1], "rotation": 270, "texture": "#1"}
			}
		},
		{
			"name": "hexadecagon",
			"from": [13.5, 13.5, 2.5],
			"to": [15.5, 16.48912, 4],
			"rotation": {"angle": 22.5, "axis": "x", "origin": [15, 8, 10]},
			"faces": {
				"north": {"uv": [1, 0, 0, 1], "rotation": 270, "texture": "#1"},
				"east": {"uv": [1, 0, 0, 1], "rotation": 90, "texture": "#1"},
				"south": {"uv": [1, 0, 0, 1], "rotation": 90, "texture": "#1"},
				"west": {"uv": [1, 0, 0, 1], "rotation": 90, "texture": "#1"},
				"up": {"uv": [0, 1, 1, 0], "rotation": 90, "texture": "#1"},
				"down": {"uv": [0, 1, 1, 0], "rotation": 270, "texture": "#1"}
			}
		},
		{
			"name": "hexadecagon",
			"from": [13.5, 17.5, 6.5],
			"to": [15.5, 20.48912, 8],
			"faces": {
				"north": {"uv": [1, 0, 0, 1], "rotation": 270, "texture": "#1"},
				"east": {"uv": [1, 0, 0, 1], "rotation": 90, "texture": "#1"},
				"south": {"uv": [1, 0, 0, 1], "rotation": 90, "texture": "#1"},
				"west": {"uv": [1, 0, 0, 1], "rotation": 90, "texture": "#1"},
				"up": {"uv": [0, 1, 1, 0], "rotation": 90, "texture": "#1"},
				"down": {"uv": [0, 1, 1, 0], "rotation": 270, "texture": "#1"}
			}
		},
		{
			"name": "hexadecagon",
			"from": [0.5, 17.5, 6.5],
			"to": [2.5, 20.48912, 8],
			"faces": {
				"north": {"uv": [1, 0, 0, 1], "rotation": 270, "texture": "#1"},
				"east": {"uv": [1, 0, 0, 1], "rotation": 90, "texture": "#1"},
				"south": {"uv": [1, 0, 0, 1], "rotation": 90, "texture": "#1"},
				"west": {"uv": [1, 0, 0, 1], "rotation": 90, "texture": "#1"},
				"up": {"uv": [0, 1, 1, 0], "rotation": 90, "texture": "#1"},
				"down": {"uv": [0, 1, 1, 0], "rotation": 270, "texture": "#1"}
			}
		},
		{
			"name": "hexadecagon",
			"from": [0.5, 13.5, 2.5],
			"to": [2.5, 16.48912, 4],
			"rotation": {"angle": 22.5, "axis": "x", "origin": [2, 8, 10]},
			"faces": {
				"north": {"uv": [1, 0, 0, 1], "rotation": 270, "texture": "#1"},
				"east": {"uv": [1, 0, 0, 1], "rotation": 90, "texture": "#1"},
				"south": {"uv": [1, 0, 0, 1], "rotation": 90, "texture": "#1"},
				"west": {"uv": [1, 0, 0, 1], "rotation": 90, "texture": "#1"},
				"up": {"uv": [0, 1, 1, 0], "rotation": 90, "texture": "#1"},
				"down": {"uv": [0, 1, 1, 0], "rotation": 270, "texture": "#1"}
			}
		},
		{
			"name": "hexadecagon",
			"from": [0.5, 13, 7.5],
			"to": [2.5, 14.5, 11.48912],
			"rotation": {"angle": -45, "axis": "x", "origin": [2, 8, 6]},
			"faces": {
				"north": {"uv": [0, 0, 1, 1], "rotation": 90, "texture": "#1"},
				"east": {"uv": [0, 0, 1, 1], "rotation": 180, "texture": "#1"},
				"south": {"uv": [0, 0, 1, 1], "rotation": 270, "texture": "#1"},
				"west": {"uv": [0, 0, 1, 1], "texture": "#1"},
				"up": {"uv": [0, 0, 1, 1], "rotation": 270, "texture": "#1"},
				"down": {"uv": [0, 0, 1, 1], "rotation": 270, "texture": "#1"}
			}
		},
		{
			"name": "hexadecagon",
			"from": [0.5, 8.00544, 0.6],
			"to": [2.5, 11.99456, 2.1],
			"rotation": {"angle": 22.5, "axis": "x", "origin": [2, 8, 6]},
			"faces": {
				"north": {"uv": [0, 0, 1, 1], "rotation": 90, "texture": "#1"},
				"east": {"uv": [0, 0, 1, 1], "rotation": 180, "texture": "#1"},
				"south": {"uv": [0, 0, 1, 1], "rotation": 270, "texture": "#1"},
				"west": {"uv": [0, 0, 1, 1], "texture": "#1"},
				"up": {"uv": [0, 0, 1, 1], "rotation": 270, "texture": "#1"},
				"down": {"uv": [0, 0, 1, 1], "rotation": 270, "texture": "#1"}
			}
		},
		{
			"name": "hexadecagon",
			"from": [0.5, 17.5, 8],
			"to": [2.5, 20.48912, 9.5],
			"faces": {
				"north": {"uv": [1, 1, 0, 0], "rotation": 90, "texture": "#1"},
				"east": {"uv": [1, 1, 0, 0], "rotation": 90, "texture": "#1"},
				"south": {"uv": [1, 1, 0, 0], "rotation": 270, "texture": "#1"},
				"west": {"uv": [1, 1, 0, 0], "rotation": 90, "texture": "#1"},
				"up": {"uv": [1, 1, 0, 0], "rotation": 90, "texture": "#1"},
				"down": {"uv": [1, 1, 0, 0], "rotation": 270, "texture": "#1"}
			}
		},
		{
			"name": "hexadecagon",
			"from": [0.5, 13.5, 12],
			"to": [2.5, 16.48912, 13.5],
			"rotation": {"angle": -22.5, "axis": "x", "origin": [2, 8, 6]},
			"faces": {
				"north": {"uv": [1, 1, 0, 0], "rotation": 90, "texture": "#1"},
				"east": {"uv": [1, 1, 0, 0], "rotation": 90, "texture": "#1"},
				"south": {"uv": [1, 1, 0, 0], "rotation": 270, "texture": "#1"},
				"west": {"uv": [1, 1, 0, 0], "rotation": 90, "texture": "#1"},
				"up": {"uv": [1, 1, 0, 0], "rotation": 90, "texture": "#1"},
				"down": {"uv": [1, 1, 0, 0], "rotation": 270, "texture": "#1"}
			}
		},
		{
			"name": "hexadecagon",
			"from": [0.5, 13, 4.51088],
			"to": [2.5, 14.5, 8.5],
			"rotation": {"angle": 45, "axis": "x", "origin": [2, 8, 10]},
			"faces": {
				"north": {"uv": [0, 1, 1, 0], "rotation": 270, "texture": "#1"},
				"east": {"uv": [1, 0, 0, 1], "rotation": 180, "texture": "#1"},
				"south": {"uv": [0, 1, 1, 0], "rotation": 90, "texture": "#1"},
				"west": {"uv": [1, 0, 0, 1], "texture": "#1"},
				"up": {"uv": [1, 0, 0, 1], "rotation": 270, "texture": "#1"},
				"down": {"uv": [1, 0, 0, 1], "rotation": 270, "texture": "#1"}
			}
		},
		{
			"name": "hexadecagon",
			"from": [0.5, 8.00544, 13.9],
			"to": [2.5, 11.99456, 15.4],
			"rotation": {"angle": -22.5, "axis": "x", "origin": [2, 8, 10]},
			"faces": {
				"north": {"uv": [0, 1, 1, 0], "rotation": 270, "texture": "#1"},
				"east": {"uv": [1, 0, 0, 1], "rotation": 180, "texture": "#1"},
				"south": {"uv": [0, 1, 1, 0], "rotation": 90, "texture": "#1"},
				"west": {"uv": [1, 0, 0, 1], "texture": "#1"},
				"up": {"uv": [1, 0, 0, 1], "rotation": 270, "texture": "#1"},
				"down": {"uv": [1, 0, 0, 1], "rotation": 270, "texture": "#1"}
			}
		},
		{
			"name": "hexadecagon",
			"from": [0.5, 6.5, 13.5],
			"to": [2.5, 10, 15],
			"faces": {
				"north": {"uv": [0, 1, 1, 0], "rotation": 270, "texture": "#1"},
				"east": {"uv": [1, 0, 0, 1], "rotation": 180, "texture": "#1"},
				"south": {"uv": [0, 1, 1, 0], "rotation": 90, "texture": "#1"},
				"west": {"uv": [1, 0, 0, 1], "texture": "#1"},
				"up": {"uv": [1, 0, 0, 1], "rotation": 270, "texture": "#1"},
				"down": {"uv": [1, 0, 0, 1], "rotation": 270, "texture": "#1"}
			}
		},
		{
			"name": "hexadecagon",
			"from": [13.5, 17.5, 8],
			"to": [15.5, 20.48912, 9.5],
			"faces": {
				"north": {"uv": [1, 1, 0, 0], "rotation": 90, "texture": "#1"},
				"east": {"uv": [1, 1, 0, 0], "rotation": 90, "texture": "#1"},
				"south": {"uv": [1, 1, 0, 0], "rotation": 270, "texture": "#1"},
				"west": {"uv": [1, 1, 0, 0], "rotation": 90, "texture": "#1"},
				"up": {"uv": [1, 1, 0, 0], "rotation": 90, "texture": "#1"},
				"down": {"uv": [1, 1, 0, 0], "rotation": 270, "texture": "#1"}
			}
		},
		{
			"name": "hexadecagon",
			"from": [13.5, 13.5, 12],
			"to": [15.5, 16.48912, 13.5],
			"rotation": {"angle": -22.5, "axis": "x", "origin": [15, 8, 6]},
			"faces": {
				"north": {"uv": [1, 1, 0, 0], "rotation": 90, "texture": "#1"},
				"east": {"uv": [1, 1, 0, 0], "rotation": 90, "texture": "#1"},
				"south": {"uv": [1, 1, 0, 0], "rotation": 270, "texture": "#1"},
				"west": {"uv": [1, 1, 0, 0], "rotation": 90, "texture": "#1"},
				"up": {"uv": [1, 1, 0, 0], "rotation": 90, "texture": "#1"},
				"down": {"uv": [1, 1, 0, 0], "rotation": 270, "texture": "#1"}
			}
		},
		{
			"name": "hexadecagon",
			"from": [13.5, 13, 4.51088],
			"to": [15.5, 14.5, 8.5],
			"rotation": {"angle": 45, "axis": "x", "origin": [15, 8, 10]},
			"faces": {
				"north": {"uv": [0, 1, 1, 0], "rotation": 270, "texture": "#1"},
				"east": {"uv": [1, 0, 0, 1], "rotation": 180, "texture": "#1"},
				"south": {"uv": [0, 1, 1, 0], "rotation": 90, "texture": "#1"},
				"west": {"uv": [1, 0, 0, 1], "texture": "#1"},
				"up": {"uv": [1, 0, 0, 1], "rotation": 270, "texture": "#1"},
				"down": {"uv": [1, 0, 0, 1], "rotation": 270, "texture": "#1"}
			}
		},
		{
			"name": "hexadecagon",
			"from": [13.5, 8.00544, 13.9],
			"to": [15.5, 11.99456, 15.4],
			"rotation": {"angle": -22.5, "axis": "x", "origin": [15, 8, 10]},
			"faces": {
				"north": {"uv": [0, 1, 1, 0], "rotation": 270, "texture": "#1"},
				"east": {"uv": [1, 0, 0, 1], "rotation": 180, "texture": "#1"},
				"south": {"uv": [0, 1, 1, 0], "rotation": 90, "texture": "#1"},
				"west": {"uv": [1, 0, 0, 1], "texture": "#1"},
				"up": {"uv": [1, 0, 0, 1], "rotation": 270, "texture": "#1"},
				"down": {"uv": [1, 0, 0, 1], "rotation": 270, "texture": "#1"}
			}
		},
		{
			"name": "hexadecagon",
			"from": [13.5, 6.5, 13.5],
			"to": [15.5, 10, 15],
			"faces": {
				"north": {"uv": [0, 1, 1, 0], "rotation": 270, "texture": "#1"},
				"east": {"uv": [1, 0, 0, 1], "rotation": 180, "texture": "#1"},
				"south": {"uv": [0, 1, 1, 0], "rotation": 90, "texture": "#1"},
				"west": {"uv": [1, 0, 0, 1], "texture": "#1"},
				"up": {"uv": [1, 0, 0, 1], "rotation": 270, "texture": "#1"},
				"down": {"uv": [1, 0, 0, 1], "rotation": 270, "texture": "#1"}
			}
		},
		{
			"name": "hexadecagon",
			"from": [13.5, 6.5, 1],
			"to": [15.5, 10, 2.5],
			"faces": {
				"north": {"uv": [0, 1, 1, 0], "rotation": 270, "texture": "#1"},
				"east": {"uv": [1, 0, 0, 1], "rotation": 180, "texture": "#1"},
				"south": {"uv": [0, 1, 1, 0], "rotation": 90, "texture": "#1"},
				"west": {"uv": [1, 0, 0, 1], "texture": "#1"},
				"up": {"uv": [1, 0, 0, 1], "rotation": 270, "texture": "#1"},
				"down": {"uv": [1, 0, 0, 1], "rotation": 270, "texture": "#1"}
			}
		},
		{
			"name": "hexadecagon",
			"from": [0.5, 6.5, 1],
			"to": [2.5, 10, 2.5],
			"faces": {
				"north": {"uv": [0, 1, 1, 0], "rotation": 270, "texture": "#1"},
				"east": {"uv": [1, 0, 0, 1], "rotation": 180, "texture": "#1"},
				"south": {"uv": [0, 1, 1, 0], "rotation": 90, "texture": "#1"},
				"west": {"uv": [1, 0, 0, 1], "texture": "#1"},
				"up": {"uv": [1, 0, 0, 1], "rotation": 270, "texture": "#1"},
				"down": {"uv": [1, 0, 0, 1], "rotation": 270, "texture": "#1"}
			}
		},
		{
			"name": "hexadecagon",
			"from": [-0.5, 19, 7.80109],
			"to": [3, 21, 8.19891],
			"rotation": {"angle": 45, "axis": "x", "origin": [2, 20, 8]},
			"faces": {
				"north": {"uv": [0, 0, 1, 1], "rotation": 90, "texture": "#2"},
				"east": {"uv": [0, 0, 1, 1], "rotation": 180, "texture": "#2"},
				"south": {"uv": [0, 0, 1, 1], "rotation": 270, "texture": "#2"},
				"west": {"uv": [0, 0, 1, 1], "texture": "#2"},
				"up": {"uv": [0, 0, 1, 1], "rotation": 270, "texture": "#2"},
				"down": {"uv": [0, 0, 1, 1], "rotation": 270, "texture": "#2"}
			}
		},
		{
			"name": "hexadecagon",
			"from": [-0.5, 19, 7.80109],
			"to": [3, 21, 8.19891],
			"rotation": {"angle": 22.5, "axis": "x", "origin": [2, 20, 8]},
			"faces": {
				"north": {"uv": [0, 0, 1, 1], "rotation": 90, "texture": "#2"},
				"east": {"uv": [0, 0, 1, 1], "rotation": 180, "texture": "#2"},
				"south": {"uv": [0, 0, 1, 1], "rotation": 270, "texture": "#2"},
				"west": {"uv": [0, 0, 1, 1], "texture": "#2"},
				"up": {"uv": [0, 0, 1, 1], "rotation": 270, "texture": "#2"},
				"down": {"uv": [0, 0, 1, 1], "rotation": 270, "texture": "#2"}
			}
		},
		{
			"name": "hexadecagon",
			"from": [-0.5, 19, 7.80109],
			"to": [3, 21, 8.19891],
			"faces": {
				"north": {"uv": [0, 0, 1, 1], "rotation": 90, "texture": "#2"},
				"east": {"uv": [0, 0, 1, 1], "rotation": 180, "texture": "#2"},
				"south": {"uv": [0, 0, 1, 1], "rotation": 270, "texture": "#2"},
				"west": {"uv": [0, 0, 1, 1], "texture": "#2"},
				"up": {"uv": [0, 0, 1, 1], "rotation": 270, "texture": "#2"},
				"down": {"uv": [0, 0, 1, 1], "rotation": 270, "texture": "#2"}
			}
		},
		{
			"name": "hexadecagon",
			"from": [-0.5, 19, 7.80109],
			"to": [3, 21, 8.19891],
			"rotation": {"angle": -22.5, "axis": "x", "origin": [2, 20, 8]},
			"faces": {
				"north": {"uv": [0, 0, 1, 1], "rotation": 90, "texture": "#2"},
				"east": {"uv": [0, 0, 1, 1], "rotation": 180, "texture": "#2"},
				"south": {"uv": [0, 0, 1, 1], "rotation": 270, "texture": "#2"},
				"west": {"uv": [0, 0, 1, 1], "texture": "#2"},
				"up": {"uv": [0, 0, 1, 1], "rotation": 270, "texture": "#2"},
				"down": {"uv": [0, 0, 1, 1], "rotation": 270, "texture": "#2"}
			}
		},
		{
			"name": "hexadecagon",
			"from": [-0.5, 19, 7.80109],
			"to": [3, 21, 8.19891],
			"rotation": {"angle": -45, "axis": "x", "origin": [2, 20, 8]},
			"faces": {
				"north": {"uv": [0, 0, 1, 1], "rotation": 90, "texture": "#2"},
				"east": {"uv": [0, 0, 1, 1], "rotation": 180, "texture": "#2"},
				"south": {"uv": [0, 0, 1, 1], "rotation": 270, "texture": "#2"},
				"west": {"uv": [0, 0, 1, 1], "texture": "#2"},
				"up": {"uv": [0, 0, 1, 1], "rotation": 270, "texture": "#2"},
				"down": {"uv": [0, 0, 1, 1], "rotation": 270, "texture": "#2"}
			}
		},
		{
			"name": "hexadecagon",
			"from": [-0.5, 19.80109, 7],
			"to": [3, 20.19891, 9],
			"rotation": {"angle": 22.5, "axis": "x", "origin": [2, 20, 8]},
			"faces": {
				"north": {"uv": [0, 0, 1, 1], "rotation": 90, "texture": "#2"},
				"east": {"uv": [0, 0, 1, 1], "rotation": 180, "texture": "#2"},
				"south": {"uv": [0, 0, 1, 1], "rotation": 270, "texture": "#2"},
				"west": {"uv": [0, 0, 1, 1], "texture": "#2"},
				"up": {"uv": [0, 0, 1, 1], "rotation": 270, "texture": "#2"},
				"down": {"uv": [0, 0, 1, 1], "rotation": 270, "texture": "#2"}
			}
		},
		{
			"name": "hexadecagon",
			"from": [-0.5, 19.80109, 7],
			"to": [3, 20.19891, 9],
			"faces": {
				"north": {"uv": [0, 0, 1, 1], "rotation": 90, "texture": "#2"},
				"east": {"uv": [0, 0, 1, 1], "rotation": 180, "texture": "#2"},
				"south": {"uv": [0, 0, 1, 1], "rotation": 270, "texture": "#2"},
				"west": {"uv": [0, 0, 1, 1], "texture": "#2"},
				"up": {"uv": [0, 0, 1, 1], "rotation": 270, "texture": "#2"},
				"down": {"uv": [0, 0, 1, 1], "rotation": 270, "texture": "#2"}
			}
		},
		{
			"name": "hexadecagon",
			"from": [-0.5, 19.80109, 7],
			"to": [3, 20.19891, 9],
			"rotation": {"angle": -22.5, "axis": "x", "origin": [2, 20, 8]},
			"faces": {
				"north": {"uv": [0, 0, 1, 1], "rotation": 90, "texture": "#2"},
				"east": {"uv": [0, 0, 1, 1], "rotation": 180, "texture": "#2"},
				"south": {"uv": [0, 0, 1, 1], "rotation": 270, "texture": "#2"},
				"west": {"uv": [0, 0, 1, 1], "texture": "#2"},
				"up": {"uv": [0, 0, 1, 1], "rotation": 270, "texture": "#2"},
				"down": {"uv": [0, 0, 1, 1], "rotation": 270, "texture": "#2"}
			}
		},
		{
			"name": "hexadecagon",
			"from": [13, 19, 7.80109],
			"to": [16.5, 21, 8.19891],
			"rotation": {"angle": 45, "axis": "x", "origin": [15, 20, 8]},
			"faces": {
				"north": {"uv": [0, 0, 1, 1], "rotation": 90, "texture": "#2"},
				"east": {"uv": [0, 0, 1, 1], "rotation": 180, "texture": "#2"},
				"south": {"uv": [0, 0, 1, 1], "rotation": 270, "texture": "#2"},
				"west": {"uv": [0, 0, 1, 1], "texture": "#2"},
				"up": {"uv": [0, 0, 1, 1], "rotation": 270, "texture": "#2"},
				"down": {"uv": [0, 0, 1, 1], "rotation": 270, "texture": "#2"}
			}
		},
		{
			"name": "hexadecagon",
			"from": [13, 19, 7.80109],
			"to": [16.5, 21, 8.19891],
			"rotation": {"angle": 22.5, "axis": "x", "origin": [15, 20, 8]},
			"faces": {
				"north": {"uv": [0, 0, 1, 1], "rotation": 90, "texture": "#2"},
				"east": {"uv": [0, 0, 1, 1], "rotation": 180, "texture": "#2"},
				"south": {"uv": [0, 0, 1, 1], "rotation": 270, "texture": "#2"},
				"west": {"uv": [0, 0, 1, 1], "texture": "#2"},
				"up": {"uv": [0, 0, 1, 1], "rotation": 270, "texture": "#2"},
				"down": {"uv": [0, 0, 1, 1], "rotation": 270, "texture": "#2"}
			}
		},
		{
			"name": "hexadecagon",
			"from": [13, 19, 7.80109],
			"to": [16.5, 21, 8.19891],
			"faces": {
				"north": {"uv": [0, 0, 1, 1], "rotation": 90, "texture": "#2"},
				"east": {"uv": [0, 0, 1, 1], "rotation": 180, "texture": "#2"},
				"south": {"uv": [0, 0, 1, 1], "rotation": 270, "texture": "#2"},
				"west": {"uv": [0, 0, 1, 1], "texture": "#2"},
				"up": {"uv": [0, 0, 1, 1], "rotation": 270, "texture": "#2"},
				"down": {"uv": [0, 0, 1, 1], "rotation": 270, "texture": "#2"}
			}
		},
		{
			"name": "hexadecagon",
			"from": [13, 19, 7.80109],
			"to": [16.5, 21, 8.19891],
			"rotation": {"angle": -22.5, "axis": "x", "origin": [15, 20, 8]},
			"faces": {
				"north": {"uv": [0, 0, 1, 1], "rotation": 90, "texture": "#2"},
				"east": {"uv": [0, 0, 1, 1], "rotation": 180, "texture": "#2"},
				"south": {"uv": [0, 0, 1, 1], "rotation": 270, "texture": "#2"},
				"west": {"uv": [0, 0, 1, 1], "texture": "#2"},
				"up": {"uv": [0, 0, 1, 1], "rotation": 270, "texture": "#2"},
				"down": {"uv": [0, 0, 1, 1], "rotation": 270, "texture": "#2"}
			}
		},
		{
			"name": "hexadecagon",
			"from": [13, 19, 7.80109],
			"to": [16.5, 21, 8.19891],
			"rotation": {"angle": -45, "axis": "x", "origin": [15, 20, 8]},
			"faces": {
				"north": {"uv": [0, 0, 1, 1], "rotation": 90, "texture": "#2"},
				"east": {"uv": [0, 0, 1, 1], "rotation": 180, "texture": "#2"},
				"south": {"uv": [0, 0, 1, 1], "rotation": 270, "texture": "#2"},
				"west": {"uv": [0, 0, 1, 1], "texture": "#2"},
				"up": {"uv": [0, 0, 1, 1], "rotation": 270, "texture": "#2"},
				"down": {"uv": [0, 0, 1, 1], "rotation": 270, "texture": "#2"}
			}
		},
		{
			"name": "hexadecagon",
			"from": [13, 19.80109, 7],
			"to": [16.5, 20.19891, 9],
			"rotation": {"angle": 22.5, "axis": "x", "origin": [15, 20, 8]},
			"faces": {
				"north": {"uv": [0, 0, 1, 1], "rotation": 90, "texture": "#2"},
				"east": {"uv": [0, 0, 1, 1], "rotation": 180, "texture": "#2"},
				"south": {"uv": [0, 0, 1, 1], "rotation": 270, "texture": "#2"},
				"west": {"uv": [0, 0, 1, 1], "texture": "#2"},
				"up": {"uv": [0, 0, 1, 1], "rotation": 270, "texture": "#2"},
				"down": {"uv": [0, 0, 1, 1], "rotation": 270, "texture": "#2"}
			}
		},
		{
			"name": "hexadecagon",
			"from": [13, 19.80109, 7],
			"to": [16.5, 20.19891, 9],
			"faces": {
				"north": {"uv": [0, 0, 1, 1], "rotation": 90, "texture": "#2"},
				"east": {"uv": [0, 0, 1, 1], "rotation": 180, "texture": "#2"},
				"south": {"uv": [0, 0, 1, 1], "rotation": 270, "texture": "#2"},
				"west": {"uv": [0, 0, 1, 1], "texture": "#2"},
				"up": {"uv": [0, 0, 1, 1], "rotation": 270, "texture": "#2"},
				"down": {"uv": [0, 0, 1, 1], "rotation": 270, "texture": "#2"}
			}
		},
		{
			"name": "hexadecagon",
			"from": [13, 19.80109, 7],
			"to": [16.5, 20.19891, 9],
			"rotation": {"angle": -22.5, "axis": "x", "origin": [15, 20, 8]},
			"faces": {
				"north": {"uv": [0, 0, 1, 1], "rotation": 90, "texture": "#2"},
				"east": {"uv": [0, 0, 1, 1], "rotation": 180, "texture": "#2"},
				"south": {"uv": [0, 0, 1, 1], "rotation": 270, "texture": "#2"},
				"west": {"uv": [0, 0, 1, 1], "texture": "#2"},
				"up": {"uv": [0, 0, 1, 1], "rotation": 270, "texture": "#2"},
				"down": {"uv": [0, 0, 1, 1], "rotation": 270, "texture": "#2"}
			}
		},
		{
			"from": [3, 19, 7],
			"to": [5, 20, 9],
			"faces": {
				"north": {"uv": [0, 0, 2, 1], "texture": "#3"},
				"east": {"uv": [0, 0, 2, 1], "texture": "#3"},
				"south": {"uv": [0, 0, 2, 1], "texture": "#3"},
				"west": {"uv": [0, 0, 2, 1], "texture": "#3"},
				"up": {"uv": [0, 0, 2, 2], "texture": "#3"},
				"down": {"uv": [0, 0, 2, 2], "texture": "#3"}
			}
		},
		{
			"from": [11, 19, 7],
			"to": [13, 20, 9],
			"faces": {
				"north": {"uv": [0, 0, 2, 1], "texture": "#3"},
				"east": {"uv": [0, 0, 2, 1], "texture": "#3"},
				"south": {"uv": [0, 0, 2, 1], "texture": "#3"},
				"west": {"uv": [0, 0, 2, 1], "texture": "#3"},
				"up": {"uv": [0, 0, 2, 2], "texture": "#3"},
				"down": {"uv": [0, 0, 2, 2], "texture": "#3"}
			}
		},
		{
			"from": [3, 20, 7],
			"to": [6, 21, 9],
			"faces": {
				"north": {"uv": [0, 0, 3, 1], "texture": "#3"},
				"east": {"uv": [0, 0, 2, 1], "texture": "#3"},
				"south": {"uv": [0, 0, 3, 1], "texture": "#3"},
				"west": {"uv": [0, 0, 2, 1], "texture": "#3"},
				"up": {"uv": [0, 0, 3, 2], "texture": "#3"},
				"down": {"uv": [0, 0, 3, 2], "texture": "#3"}
			}
		},
		{
			"from": [10, 20, 7],
			"to": [13, 21, 9],
			"faces": {
				"north": {"uv": [0, 0, 3, 1], "texture": "#3"},
				"east": {"uv": [0, 0, 2, 1], "texture": "#3"},
				"south": {"uv": [0, 0, 3, 1], "texture": "#3"},
				"west": {"uv": [0, 0, 2, 1], "texture": "#3"},
				"up": {"uv": [0, 0, 3, 2], "texture": "#3"},
				"down": {"uv": [0, 0, 3, 2], "texture": "#3"}
			}
		},
		{
			"from": [5, 24, 7],
			"to": [11, 25, 9],
			"faces": {
				"north": {"uv": [0, 0, 6, 1], "texture": "#3"},
				"east": {"uv": [0, 0, 2, 1], "texture": "#3"},
				"south": {"uv": [0, 0, 6, 1], "texture": "#3"},
				"west": {"uv": [0, 0, 2, 1], "texture": "#3"},
				"up": {"uv": [0, 0, 6, 2], "texture": "#3"},
				"down": {"uv": [0, 0, 6, 2], "texture": "#3"}
			}
		},
		{
			"from": [3, 21, 7],
			"to": [13, 24, 9],
			"faces": {
				"north": {"uv": [0, 0, 10, 3], "texture": "#3"},
				"east": {"uv": [0, 0, 2, 3], "texture": "#3"},
				"south": {"uv": [0, 0, 10, 3], "texture": "#3"},
				"west": {"uv": [0, 0, 2, 3], "texture": "#3"},
				"up": {"uv": [0, 0, 10, 2], "texture": "#3"},
				"down": {"uv": [0, 0, 10, 2], "texture": "#3"}
			}
		},
		{
			"name": "hexadecagon",
			"from": [7.00544, 10.5, 3],
			"to": [8.99456, 11.5, 3.5],
			"rotation": {"angle": -45, "axis": "y", "origin": [8, 11, 8]},
			"faces": {
				"north": {"uv": [0, 0, 1.5, 1.5], "texture": "#0"},
				"east": {"uv": [0, 0, 1, 1], "texture": "#0"},
				"south": {"uv": [0, 0, 4.5, 4], "texture": "#2"},
				"west": {"uv": [0, 0, 1, 1], "texture": "#0"},
				"up": {"uv": [0, 0, 1, 1], "texture": "#0"},
				"down": {"uv": [0, 0, 1, 1], "texture": "#2"}
			}
		},
		{
			"name": "hexadecagon",
			"from": [7.00544, 10.5, 3],
			"to": [8.99456, 11.5, 3.5],
			"rotation": {"angle": -22.5, "axis": "y", "origin": [8, 11, 8]},
			"faces": {
				"north": {"uv": [0, 0, 1.5, 1.5], "texture": "#0"},
				"east": {"uv": [0, 0, 1, 1], "texture": "#0"},
				"south": {"uv": [0, 0, 4.5, 4], "texture": "#2"},
				"west": {"uv": [0, 0, 1, 1], "texture": "#0"},
				"up": {"uv": [0, 0, 1, 1], "texture": "#0"},
				"down": {"uv": [0, 0, 1, 1], "texture": "#2"}
			}
		},
		{
			"name": "hexadecagon",
			"from": [7.00544, 10.5, 3],
			"to": [8.60544, 11.5, 3.5],
			"faces": {
				"north": {"uv": [0, 0, 1.5, 1.5], "texture": "#0"},
				"east": {"uv": [0, 0, 1, 1], "texture": "#0"},
				"south": {"uv": [0, 0, 4.5, 4], "texture": "#2"},
				"west": {"uv": [0, 0, 1, 1], "texture": "#0"},
				"up": {"uv": [0, 0, 1, 1], "texture": "#0"},
				"down": {"uv": [0, 0, 1, 1], "texture": "#2"}
			}
		},
		{
			"name": "hexadecagon",
			"from": [7.00544, 10.5, 3],
			"to": [8.99456, 11.5, 3.5],
			"rotation": {"angle": 22.5, "axis": "y", "origin": [8, 11, 8]},
			"faces": {
				"north": {"uv": [0, 0, 1.5, 1.5], "texture": "#0"},
				"east": {"uv": [0, 0, 1, 1], "texture": "#0"},
				"south": {"uv": [0, 0, 4.5, 4], "texture": "#2"},
				"west": {"uv": [0, 0, 1, 1], "texture": "#0"},
				"up": {"uv": [0, 0, 1, 1], "texture": "#0"},
				"down": {"uv": [0, 0, 1, 1], "texture": "#2"}
			}
		},
		{
			"name": "hexadecagon",
			"from": [7.00544, 10.5, 3],
			"to": [8.99456, 11.5, 3.5],
			"rotation": {"angle": 45, "axis": "y", "origin": [8, 11, 8]},
			"faces": {
				"north": {"uv": [0, 0, 1.5, 1.5], "texture": "#0"},
				"east": {"uv": [0, 0, 1, 1], "texture": "#0"},
				"south": {"uv": [0, 0, 4.5, 4], "texture": "#2"},
				"west": {"uv": [0, 0, 1, 1], "texture": "#0"},
				"up": {"uv": [0, 0, 1, 1], "texture": "#0"},
				"down": {"uv": [0, 0, 1, 1], "texture": "#2"}
			}
		},
		{
			"name": "hexadecagon",
			"from": [7.00544, 10.5, 12.5],
			"to": [8.99456, 11.5, 13],
			"rotation": {"angle": -45, "axis": "y", "origin": [8, 11, 8]},
			"faces": {
				"north": {"uv": [0, 0, 1.5, 1.5], "texture": "#2"},
				"east": {"uv": [0, 0, 1, 1], "texture": "#0"},
				"south": {"uv": [0, 0, 4.5, 4], "texture": "#0"},
				"west": {"uv": [0, 0, 1, 1], "texture": "#0"},
				"up": {"uv": [0, 0, 1, 1], "texture": "#0"},
				"down": {"uv": [0, 0, 1, 1], "texture": "#2"}
			}
		},
		{
			"name": "hexadecagon",
			"from": [7.00544, 10.5, 12.5],
			"to": [8.99456, 11.5, 13],
			"rotation": {"angle": -22.5, "axis": "y", "origin": [8, 11, 8]},
			"faces": {
				"north": {"uv": [0, 0, 1.5, 1.5], "texture": "#2"},
				"east": {"uv": [0, 0, 1, 1], "texture": "#0"},
				"south": {"uv": [0, 0, 4.5, 4], "texture": "#0"},
				"west": {"uv": [0, 0, 1, 1], "texture": "#0"},
				"up": {"uv": [0, 0, 1, 1], "texture": "#0"},
				"down": {"uv": [0, 0, 1, 1], "texture": "#2"}
			}
		},
		{
			"name": "hexadecagon",
			"from": [7.00544, 10.5, 12.5],
			"to": [8.99456, 11.5, 13],
			"faces": {
				"north": {"uv": [0, 0, 1.5, 1.5], "texture": "#2"},
				"east": {"uv": [0, 0, 1, 1], "texture": "#0"},
				"south": {"uv": [0, 0, 4.5, 4], "texture": "#0"},
				"west": {"uv": [0, 0, 1, 1], "texture": "#0"},
				"up": {"uv": [0, 0, 1, 1], "texture": "#0"},
				"down": {"uv": [0, 0, 1, 1], "texture": "#2"}
			}
		},
		{
			"name": "hexadecagon",
			"from": [7.00544, 10.5, 12.5],
			"to": [8.99456, 11.5, 13],
			"rotation": {"angle": 22.5, "axis": "y", "origin": [8, 11, 8]},
			"faces": {
				"north": {"uv": [0, 0, 1.5, 1.5], "texture": "#2"},
				"east": {"uv": [0, 0, 1, 1], "texture": "#0"},
				"south": {"uv": [0, 0, 4.5, 4], "texture": "#0"},
				"west": {"uv": [0, 0, 1, 1], "texture": "#0"},
				"up": {"uv": [0, 0, 1, 1], "texture": "#0"},
				"down": {"uv": [0, 0, 1, 1], "texture": "#2"}
			}
		},
		{
			"name": "hexadecagon",
			"from": [7.00544, 10.5, 12.5],
			"to": [8.99456, 11.5, 13],
			"rotation": {"angle": 45, "axis": "y", "origin": [8, 11, 8]},
			"faces": {
				"north": {"uv": [0, 0, 1.5, 1.5], "texture": "#2"},
				"east": {"uv": [0, 0, 1, 1], "texture": "#0"},
				"south": {"uv": [0, 0, 4.5, 4], "texture": "#0"},
				"west": {"uv": [0, 0, 1, 1], "texture": "#0"},
				"up": {"uv": [0, 0, 1, 1], "texture": "#0"},
				"down": {"uv": [0, 0, 1, 1], "texture": "#2"}
			}
		},
		{
			"name": "hexadecagon",
			"from": [3, 10.5, 7.00544],
			"to": [3.5, 11.5, 8.99456],
			"rotation": {"angle": -22.5, "axis": "y", "origin": [8, 11, 8]},
			"faces": {
				"north": {"uv": [0, 0, 1.5, 1.5], "texture": "#0"},
				"east": {"uv": [0, 0, 1, 1], "texture": "#2"},
				"south": {"uv": [0, 0, 4.5, 4], "texture": "#0"},
				"west": {"uv": [0, 0, 1, 1], "texture": "#0"},
				"up": {"uv": [0, 0, 1, 1], "texture": "#0"},
				"down": {"uv": [0, 0, 1, 1], "texture": "#2"}
			}
		},
		{
			"name": "hexadecagon",
			"from": [3, 10.5, 7.00544],
			"to": [3.5, 11.5, 8.99456],
			"faces": {
				"north": {"uv": [0, 0, 1.5, 1.5], "texture": "#0"},
				"east": {"uv": [0, 0, 1, 1], "texture": "#2"},
				"south": {"uv": [0, 0, 4.5, 4], "texture": "#0"},
				"west": {"uv": [0, 0, 1, 1], "texture": "#0"},
				"up": {"uv": [0, 0, 1, 1], "texture": "#0"},
				"down": {"uv": [0, 0, 1, 1], "texture": "#2"}
			}
		},
		{
			"name": "hexadecagon",
			"from": [3, 10.5, 7.00544],
			"to": [3.5, 11.5, 8.99456],
			"rotation": {"angle": 22.5, "axis": "y", "origin": [8, 11, 8]},
			"faces": {
				"north": {"uv": [0, 0, 1.5, 1.5], "texture": "#0"},
				"east": {"uv": [0, 0, 1, 1], "texture": "#2"},
				"south": {"uv": [0, 0, 4.5, 4], "texture": "#0"},
				"west": {"uv": [0, 0, 1, 1], "texture": "#0"},
				"up": {"uv": [0, 0, 1, 1], "texture": "#0"},
				"down": {"uv": [0, 0, 1, 1], "texture": "#2"}
			}
		},
		{
			"name": "hexadecagon",
			"from": [12.5, 10.5, 7.00544],
			"to": [13, 11.5, 8.99456],
			"rotation": {"angle": -22.5, "axis": "y", "origin": [8, 11, 8]},
			"faces": {
				"north": {"uv": [0, 0, 1.5, 1.5], "texture": "#0"},
				"east": {"uv": [0, 0, 1, 1], "texture": "#0"},
				"south": {"uv": [0, 0, 4.5, 4], "texture": "#0"},
				"west": {"uv": [0, 0, 1, 1], "texture": "#2"},
				"up": {"uv": [0, 0, 1, 1], "texture": "#0"},
				"down": {"uv": [0, 0, 1, 1], "texture": "#2"}
			}
		},
		{
			"name": "hexadecagon",
			"from": [12.5, 10.5, 7.00544],
			"to": [13, 11.5, 8.99456],
			"faces": {
				"north": {"uv": [0, 0, 1.5, 1.5], "texture": "#0"},
				"east": {"uv": [0, 0, 1, 1], "texture": "#0"},
				"south": {"uv": [0, 0, 4.5, 4], "texture": "#0"},
				"west": {"uv": [0, 0, 1, 1], "texture": "#2"},
				"up": {"uv": [0, 0, 1, 1], "texture": "#0"},
				"down": {"uv": [0, 0, 1, 1], "texture": "#2"}
			}
		},
		{
			"name": "hexadecagon",
			"from": [12.5, 10.5, 7.00544],
			"to": [13, 11.5, 8.99456],
			"rotation": {"angle": 22.5, "axis": "y", "origin": [8, 11, 8]},
			"faces": {
				"north": {"uv": [0, 0, 1.5, 1.5], "texture": "#0"},
				"east": {"uv": [0, 0, 1, 1], "texture": "#0"},
				"south": {"uv": [0, 0, 4.5, 4], "texture": "#0"},
				"west": {"uv": [0, 0, 1, 1], "texture": "#2"},
				"up": {"uv": [0, 0, 1, 1], "texture": "#0"},
				"down": {"uv": [0, 0, 1, 1], "texture": "#2"}
			}
		},
		{
			"name": "hexadecagon",
			"from": [6.92587, 9.94, 2.6],
			"to": [9.07413, 10.74, 3.14],
			"rotation": {"angle": -45, "axis": "y", "origin": [8, 10.48, 8]},
			"faces": {
				"north": {"uv": [0, 0, 1.5, 1.5], "texture": "#0"},
				"east": {"uv": [0, 0, 1, 1], "texture": "#0"},
				"south": {"uv": [0, 0, 4.5, 4], "texture": "#2"},
				"west": {"uv": [0, 0, 1, 1], "texture": "#0"},
				"up": {"uv": [0, 0, 1, 1], "texture": "#0"},
				"down": {"uv": [0, 0, 1, 1], "texture": "#0"}
			}
		},
		{
			"name": "hexadecagon",
			"from": [6.92587, 9.94, 2.6],
			"to": [9.07413, 10.74, 3.14],
			"rotation": {"angle": -22.5, "axis": "y", "origin": [8, 10.48, 8]},
			"faces": {
				"north": {"uv": [0, 0, 1.5, 1.5], "texture": "#0"},
				"east": {"uv": [0, 0, 1, 1], "texture": "#0"},
				"south": {"uv": [0, 0, 4.5, 4], "texture": "#2"},
				"west": {"uv": [0, 0, 1, 1], "texture": "#0"},
				"up": {"uv": [0, 0, 1, 1], "texture": "#0"},
				"down": {"uv": [0, 0, 1, 1], "texture": "#0"}
			}
		},
		{
			"name": "hexadecagon",
			"from": [6.92587, 9.94, 2.6],
			"to": [8.72587, 10.74, 3.14],
			"faces": {
				"north": {"uv": [0, 0, 1.5, 1.5], "texture": "#0"},
				"east": {"uv": [0, 0, 1, 1], "texture": "#0"},
				"south": {"uv": [0, 0, 4.5, 4], "texture": "#2"},
				"west": {"uv": [0, 0, 1, 1], "texture": "#0"},
				"up": {"uv": [0, 0, 1, 1], "texture": "#0"},
				"down": {"uv": [0, 0, 1, 1], "texture": "#0"}
			}
		},
		{
			"name": "hexadecagon",
			"from": [6.92587, 9.94, 2.6],
			"to": [9.07413, 10.74, 3.14],
			"rotation": {"angle": 22.5, "axis": "y", "origin": [8, 10.48, 8]},
			"faces": {
				"north": {"uv": [0, 0, 1.5, 1.5], "texture": "#0"},
				"east": {"uv": [0, 0, 1, 1], "texture": "#0"},
				"south": {"uv": [0, 0, 4.5, 4], "texture": "#2"},
				"west": {"uv": [0, 0, 1, 1], "texture": "#0"},
				"up": {"uv": [0, 0, 1, 1], "texture": "#0"},
				"down": {"uv": [0, 0, 1, 1], "texture": "#0"}
			}
		},
		{
			"name": "hexadecagon",
			"from": [6.92587, 9.94, 2.6],
			"to": [9.07413, 10.74, 3.14],
			"rotation": {"angle": 45, "axis": "y", "origin": [8, 10.48, 8]},
			"faces": {
				"north": {"uv": [0, 0, 1.5, 1.5], "texture": "#0"},
				"east": {"uv": [0, 0, 1, 1], "texture": "#0"},
				"south": {"uv": [0, 0, 4.5, 4], "texture": "#2"},
				"west": {"uv": [0, 0, 1, 1], "texture": "#0"},
				"up": {"uv": [0, 0, 1, 1], "texture": "#0"},
				"down": {"uv": [0, 0, 1, 1], "texture": "#0"}
			}
		},
		{
			"name": "hexadecagon",
			"from": [6.92587, 9.94, 12.86],
			"to": [9.07413, 10.74, 13.4],
			"rotation": {"angle": -45, "axis": "y", "origin": [8, 10.48, 8]},
			"faces": {
				"north": {"uv": [0, 0, 1.5, 1.5], "texture": "#2"},
				"east": {"uv": [0, 0, 1, 1], "texture": "#0"},
				"south": {"uv": [0, 0, 4.5, 4], "texture": "#0"},
				"west": {"uv": [0, 0, 1, 1], "texture": "#0"},
				"up": {"uv": [0, 0, 1, 1], "texture": "#0"},
				"down": {"uv": [0, 0, 1, 1], "texture": "#0"}
			}
		},
		{
			"name": "hexadecagon",
			"from": [6.92587, 9.94, 12.86],
			"to": [9.07413, 10.74, 13.4],
			"rotation": {"angle": -22.5, "axis": "y", "origin": [8, 10.48, 8]},
			"faces": {
				"north": {"uv": [0, 0, 1.5, 1.5], "texture": "#2"},
				"east": {"uv": [0, 0, 1, 1], "texture": "#0"},
				"south": {"uv": [0, 0, 4.5, 4], "texture": "#0"},
				"west": {"uv": [0, 0, 1, 1], "texture": "#0"},
				"up": {"uv": [0, 0, 1, 1], "texture": "#0"},
				"down": {"uv": [0, 0, 1, 1], "texture": "#0"}
			}
		},
		{
			"name": "hexadecagon",
			"from": [6.92587, 9.94, 12.86],
			"to": [9.07413, 10.74, 13.4],
			"faces": {
				"north": {"uv": [0, 0, 1.5, 1.5], "texture": "#2"},
				"east": {"uv": [0, 0, 1, 1], "texture": "#0"},
				"south": {"uv": [0, 0, 4.5, 4], "texture": "#0"},
				"west": {"uv": [0, 0, 1, 1], "texture": "#0"},
				"up": {"uv": [0, 0, 1, 1], "texture": "#0"},
				"down": {"uv": [0, 0, 1, 1], "texture": "#0"}
			}
		},
		{
			"name": "hexadecagon",
			"from": [6.92587, 9.94, 12.86],
			"to": [9.07413, 10.74, 13.4],
			"rotation": {"angle": 22.5, "axis": "y", "origin": [8, 10.48, 8]},
			"faces": {
				"north": {"uv": [0, 0, 1.5, 1.5], "texture": "#2"},
				"east": {"uv": [0, 0, 1, 1], "texture": "#0"},
				"south": {"uv": [0, 0, 4.5, 4], "texture": "#0"},
				"west": {"uv": [0, 0, 1, 1], "texture": "#0"},
				"up": {"uv": [0, 0, 1, 1], "texture": "#0"},
				"down": {"uv": [0, 0, 1, 1], "texture": "#0"}
			}
		},
		{
			"name": "hexadecagon",
			"from": [6.92587, 9.94, 12.86],
			"to": [9.07413, 10.74, 13.4],
			"rotation": {"angle": 45, "axis": "y", "origin": [8, 10.48, 8]},
			"faces": {
				"north": {"uv": [0, 0, 1.5, 1.5], "texture": "#2"},
				"east": {"uv": [0, 0, 1, 1], "texture": "#0"},
				"south": {"uv": [0, 0, 4.5, 4], "texture": "#0"},
				"west": {"uv": [0, 0, 1, 1], "texture": "#0"},
				"up": {"uv": [0, 0, 1, 1], "texture": "#0"},
				"down": {"uv": [0, 0, 1, 1], "texture": "#0"}
			}
		},
		{
			"name": "hexadecagon",
			"from": [2.6, 9.94, 6.92587],
			"to": [3.14, 10.74, 9.07413],
			"rotation": {"angle": -22.5, "axis": "y", "origin": [8, 10.48, 8]},
			"faces": {
				"north": {"uv": [0, 0, 1.5, 1.5], "texture": "#0"},
				"east": {"uv": [0, 0, 1, 1], "texture": "#2"},
				"south": {"uv": [0, 0, 4.5, 4], "texture": "#0"},
				"west": {"uv": [0, 0, 1, 1], "texture": "#0"},
				"up": {"uv": [0, 0, 1, 1], "texture": "#0"},
				"down": {"uv": [0, 0, 1, 1], "texture": "#0"}
			}
		},
		{
			"name": "hexadecagon",
			"from": [2.6, 9.94, 6.92587],
			"to": [3.14, 10.74, 9.07413],
			"faces": {
				"north": {"uv": [0, 0, 1.5, 1.5], "texture": "#0"},
				"east": {"uv": [0, 0, 1, 1], "texture": "#2"},
				"south": {"uv": [0, 0, 4.5, 4], "texture": "#0"},
				"west": {"uv": [0, 0, 1, 1], "texture": "#0"},
				"up": {"uv": [0, 0, 1, 1], "texture": "#0"},
				"down": {"uv": [0, 0, 1, 1], "texture": "#0"}
			}
		},
		{
			"name": "hexadecagon",
			"from": [2.6, 9.94, 6.92587],
			"to": [3.14, 10.74, 9.07413],
			"rotation": {"angle": 22.5, "axis": "y", "origin": [8, 10.48, 8]},
			"faces": {
				"north": {"uv": [0, 0, 1.5, 1.5], "texture": "#0"},
				"east": {"uv": [0, 0, 1, 1], "texture": "#2"},
				"south": {"uv": [0, 0, 4.5, 4], "texture": "#0"},
				"west": {"uv": [0, 0, 1, 1], "texture": "#0"},
				"up": {"uv": [0, 0, 1, 1], "texture": "#0"},
				"down": {"uv": [0, 0, 1, 1], "texture": "#0"}
			}
		},
		{
			"name": "hexadecagon",
			"from": [12.86, 9.94, 6.92587],
			"to": [13.4, 10.74, 9.07413],
			"rotation": {"angle": -22.5, "axis": "y", "origin": [8, 10.48, 8]},
			"faces": {
				"north": {"uv": [0, 0, 1.5, 1.5], "texture": "#0"},
				"east": {"uv": [0, 0, 1, 1], "texture": "#0"},
				"south": {"uv": [0, 0, 4.5, 4], "texture": "#0"},
				"west": {"uv": [0, 0, 1, 1], "texture": "#2"},
				"up": {"uv": [0, 0, 1, 1], "texture": "#0"},
				"down": {"uv": [0, 0, 1, 1], "texture": "#0"}
			}
		},
		{
			"name": "hexadecagon",
			"from": [12.86, 9.94, 6.92587],
			"to": [13.4, 10.74, 9.07413],
			"faces": {
				"north": {"uv": [0, 0, 1.5, 1.5], "texture": "#0"},
				"east": {"uv": [0, 0, 1, 1], "texture": "#0"},
				"south": {"uv": [0, 0, 4.5, 4], "texture": "#0"},
				"west": {"uv": [0, 0, 1, 1], "texture": "#2"},
				"up": {"uv": [0, 0, 1, 1], "texture": "#0"},
				"down": {"uv": [0, 0, 1, 1], "texture": "#0"}
			}
		},
		{
			"name": "hexadecagon",
			"from": [12.86, 9.94, 6.92587],
			"to": [13.4, 10.74, 9.07413],
			"rotation": {"angle": 22.5, "axis": "y", "origin": [8, 10.48, 8]},
			"faces": {
				"north": {"uv": [0, 0, 1.5, 1.5], "texture": "#0"},
				"east": {"uv": [0, 0, 1, 1], "texture": "#0"},
				"south": {"uv": [0, 0, 4.5, 4], "texture": "#0"},
				"west": {"uv": [0, 0, 1, 1], "texture": "#2"},
				"up": {"uv": [0, 0, 1, 1], "texture": "#0"},
				"down": {"uv": [0, 0, 1, 1], "texture": "#0"}
			}
		},
		{
			"name": "hexadecagon",
			"from": [7.085, 10.98, 3.4],
			"to": [8.915, 12.9, 3.86],
			"rotation": {"angle": -45, "axis": "y", "origin": [8, 11.44, 8]},
			"faces": {
				"north": {"uv": [0, 0, 1.5, 1.5], "texture": "#0"},
				"east": {"uv": [0, 0, 1, 1], "texture": "#0"},
				"south": {"uv": [0, 0, 4.5, 4], "texture": "#2"},
				"west": {"uv": [0, 0, 1, 1], "texture": "#0"},
				"up": {"uv": [0, 0, 1, 1], "texture": "#0"},
				"down": {"uv": [0, 0, 1, 1], "texture": "#2"}
			}
		},
		{
			"name": "hexadecagon",
			"from": [7.2, 10.98, 3.4],
			"to": [8.9, 12.9, 3.86],
			"rotation": {"angle": -22.5, "axis": "y", "origin": [8, 11.44, 8]},
			"faces": {
				"north": {"uv": [0, 0, 1.5, 1.5], "texture": "#0"},
				"east": {"uv": [0, 0, 1, 1], "texture": "#0"},
				"south": {"uv": [0, 0, 4.5, 4], "texture": "#2"},
				"west": {"uv": [0, 0, 1, 1], "texture": "#0"},
				"up": {"uv": [0, 0, 1, 1], "texture": "#0"},
				"down": {"uv": [0, 0, 1, 1], "texture": "#2"}
			}
		},
		{
			"name": "hexadecagon",
			"from": [7.085, 10.98, 3.4],
			"to": [8.685, 12.9, 3.86],
			"faces": {
				"north": {"uv": [0, 0, 1.5, 1.5], "texture": "#0"},
				"east": {"uv": [0, 0, 1, 1], "texture": "#0"},
				"south": {"uv": [0, 0, 4.5, 4], "texture": "#2"},
				"west": {"uv": [0, 0, 1, 1], "texture": "#0"},
				"up": {"uv": [0, 0, 1, 1], "texture": "#0"},
				"down": {"uv": [0, 0, 1, 1], "texture": "#2"}
			}
		},
		{
			"name": "hexadecagon",
			"from": [7.085, 10.98, 3.4],
			"to": [8.915, 12.9, 3.86],
			"rotation": {"angle": 22.5, "axis": "y", "origin": [8, 11.44, 8]},
			"faces": {
				"north": {"uv": [0, 0, 1.5, 1.5], "texture": "#0"},
				"east": {"uv": [0, 0, 1, 1], "texture": "#0"},
				"south": {"uv": [0, 0, 4.5, 4], "texture": "#2"},
				"west": {"uv": [0, 0, 1, 1], "texture": "#0"},
				"up": {"uv": [0, 0, 1, 1], "texture": "#0"},
				"down": {"uv": [0, 0, 1, 1], "texture": "#2"}
			}
		},
		{
			"name": "hexadecagon",
			"from": [7.085, 10.98, 3.4],
			"to": [8.915, 12.9, 3.86],
			"rotation": {"angle": 45, "axis": "y", "origin": [8, 11.44, 8]},
			"faces": {
				"north": {"uv": [0, 0, 1.5, 1.5], "texture": "#0"},
				"east": {"uv": [0, 0, 1, 1], "texture": "#0"},
				"south": {"uv": [0, 0, 4.5, 4], "texture": "#2"},
				"west": {"uv": [0, 0, 1, 1], "texture": "#0"},
				"up": {"uv": [0, 0, 1, 1], "texture": "#0"},
				"down": {"uv": [0, 0, 1, 1], "texture": "#2"}
			}
		},
		{
			"name": "hexadecagon",
			"from": [7.085, 10.98, 12.14],
			"to": [8.915, 12.9, 12.6],
			"rotation": {"angle": -45, "axis": "y", "origin": [8, 11.44, 8]},
			"faces": {
				"north": {"uv": [0, 0, 1.5, 1.5], "texture": "#2"},
				"east": {"uv": [0, 0, 1, 1], "texture": "#0"},
				"south": {"uv": [0, 0, 4.5, 4], "texture": "#0"},
				"west": {"uv": [0, 0, 1, 1], "texture": "#0"},
				"up": {"uv": [0, 0, 1, 1], "texture": "#0"},
				"down": {"uv": [0, 0, 1, 1], "texture": "#2"}
			}
		},
		{
			"name": "hexadecagon",
			"from": [7.085, 10.98, 12.14],
			"to": [8.915, 12.9, 12.6],
			"rotation": {"angle": -22.5, "axis": "y", "origin": [8, 11.44, 8]},
			"faces": {
				"north": {"uv": [0, 0, 1.5, 1.5], "texture": "#2"},
				"east": {"uv": [0, 0, 1, 1], "texture": "#0"},
				"south": {"uv": [0, 0, 4.5, 4], "texture": "#0"},
				"west": {"uv": [0, 0, 1, 1], "texture": "#0"},
				"up": {"uv": [0, 0, 1, 1], "texture": "#0"},
				"down": {"uv": [0, 0, 1, 1], "texture": "#2"}
			}
		},
		{
			"name": "hexadecagon",
			"from": [7.085, 10.98, 12.14],
			"to": [8.915, 12.9, 12.6],
			"faces": {
				"north": {"uv": [0, 0, 1.5, 1.5], "texture": "#2"},
				"east": {"uv": [0, 0, 1, 1], "texture": "#0"},
				"south": {"uv": [0, 0, 4.5, 4], "texture": "#0"},
				"west": {"uv": [0, 0, 1, 1], "texture": "#0"},
				"up": {"uv": [0, 0, 1, 1], "texture": "#0"},
				"down": {"uv": [0, 0, 1, 1], "texture": "#2"}
			}
		},
		{
			"name": "hexadecagon",
			"from": [7.085, 10.98, 12.14],
			"to": [8.915, 12.9, 12.6],
			"rotation": {"angle": 22.5, "axis": "y", "origin": [8, 11.44, 8]},
			"faces": {
				"north": {"uv": [0, 0, 1.5, 1.5], "texture": "#2"},
				"east": {"uv": [0, 0, 1, 1], "texture": "#0"},
				"south": {"uv": [0, 0, 4.5, 4], "texture": "#0"},
				"west": {"uv": [0, 0, 1, 1], "texture": "#0"},
				"up": {"uv": [0, 0, 1, 1], "texture": "#0"},
				"down": {"uv": [0, 0, 1, 1], "texture": "#2"}
			}
		},
		{
			"name": "hexadecagon",
			"from": [7.085, 10.98, 12.14],
			"to": [8.915, 12.9, 12.6],
			"rotation": {"angle": 45, "axis": "y", "origin": [8, 11.44, 8]},
			"faces": {
				"north": {"uv": [0, 0, 1.5, 1.5], "texture": "#2"},
				"east": {"uv": [0, 0, 1, 1], "texture": "#0"},
				"south": {"uv": [0, 0, 4.5, 4], "texture": "#0"},
				"west": {"uv": [0, 0, 1, 1], "texture": "#0"},
				"up": {"uv": [0, 0, 1, 1], "texture": "#0"},
				"down": {"uv": [0, 0, 1, 1], "texture": "#2"}
			}
		},
		{
			"name": "hexadecagon",
			"from": [3.4, 10.98, 7.085],
			"to": [3.86, 12.9, 8.915],
			"rotation": {"angle": -22.5, "axis": "y", "origin": [8, 11.44, 8]},
			"faces": {
				"north": {"uv": [0, 0, 1.5, 1.5], "texture": "#0"},
				"east": {"uv": [0, 0, 1, 1], "texture": "#2"},
				"south": {"uv": [0, 0, 4.5, 4], "texture": "#0"},
				"west": {"uv": [0, 0, 1, 1], "texture": "#0"},
				"up": {"uv": [0, 0, 1, 1], "texture": "#0"},
				"down": {"uv": [0, 0, 1, 1], "texture": "#2"}
			}
		},
		{
			"name": "hexadecagon",
			"from": [3.4, 10.98, 7.085],
			"to": [3.86, 12.9, 8.915],
			"faces": {
				"north": {"uv": [0, 0, 1.5, 1.5], "texture": "#0"},
				"east": {"uv": [0, 0, 1, 1], "texture": "#2"},
				"south": {"uv": [0, 0, 4.5, 4], "texture": "#0"},
				"west": {"uv": [0, 0, 1, 1], "texture": "#0"},
				"up": {"uv": [0, 0, 1, 1], "texture": "#0"},
				"down": {"uv": [0, 0, 1, 1], "texture": "#2"}
			}
		},
		{
			"name": "hexadecagon",
			"from": [3.4, 10.98, 7.085],
			"to": [3.86, 12.9, 8.915],
			"rotation": {"angle": 22.5, "axis": "y", "origin": [8, 11.44, 8]},
			"faces": {
				"north": {"uv": [0, 0, 1.5, 1.5], "texture": "#0"},
				"east": {"uv": [0, 0, 1, 1], "texture": "#2"},
				"south": {"uv": [0, 0, 4.5, 4], "texture": "#0"},
				"west": {"uv": [0, 0, 1, 1], "texture": "#0"},
				"up": {"uv": [0, 0, 1, 1], "texture": "#0"},
				"down": {"uv": [0, 0, 1, 1], "texture": "#2"}
			}
		},
		{
			"name": "hexadecagon",
			"from": [12.14, 10.98, 7.085],
			"to": [12.6, 12.9, 8.915],
			"rotation": {"angle": -22.5, "axis": "y", "origin": [8, 11.44, 8]},
			"faces": {
				"north": {"uv": [0, 0, 1.5, 1.5], "texture": "#0"},
				"east": {"uv": [0, 0, 1, 1], "texture": "#0"},
				"south": {"uv": [0, 0, 4.5, 4], "texture": "#0"},
				"west": {"uv": [0, 0, 1, 1], "texture": "#2"},
				"up": {"uv": [0, 0, 1, 1], "texture": "#0"},
				"down": {"uv": [0, 0, 1, 1], "texture": "#2"}
			}
		},
		{
			"name": "hexadecagon",
			"from": [12.14, 10.98, 7.085],
			"to": [12.6, 12.9, 8.915],
			"faces": {
				"north": {"uv": [0, 0, 1.5, 1.5], "texture": "#0"},
				"east": {"uv": [0, 0, 1, 1], "texture": "#0"},
				"south": {"uv": [0, 0, 4.5, 4], "texture": "#0"},
				"west": {"uv": [0, 0, 1, 1], "texture": "#2"},
				"up": {"uv": [0, 0, 1, 1], "texture": "#0"},
				"down": {"uv": [0, 0, 1, 1], "texture": "#2"}
			}
		},
		{
			"name": "hexadecagon",
			"from": [12.14, 10.98, 7.085],
			"to": [12.6, 12.9, 8.915],
			"rotation": {"angle": 22.5, "axis": "y", "origin": [8, 11.44, 8]},
			"faces": {
				"north": {"uv": [0, 0, 1.5, 1.5], "texture": "#0"},
				"east": {"uv": [0, 0, 1, 1], "texture": "#0"},
				"south": {"uv": [0, 0, 4.5, 4], "texture": "#0"},
				"west": {"uv": [0, 0, 1, 1], "texture": "#2"},
				"up": {"uv": [0, 0, 1, 1], "texture": "#0"},
				"down": {"uv": [0, 0, 1, 1], "texture": "#2"}
			}
		},
		{
			"name": "hexadecagon",
			"from": [7.1582, 12.3416, 3.768],
			"to": [8.8418, 14.108, 4.1912],
			"rotation": {"angle": -45, "axis": "y", "origin": [8, 12.7648, 8]},
			"faces": {
				"north": {"uv": [0, 0, 1.5, 1.5], "texture": "#0"},
				"east": {"uv": [0, 0, 1, 1], "texture": "#0"},
				"south": {"uv": [0, 0, 4.5, 4], "texture": "#2"},
				"west": {"uv": [0, 0, 1, 1], "texture": "#0"},
				"up": {"uv": [0, 0, 1, 1], "texture": "#0"},
				"down": {"uv": [0, 0, 1, 1], "texture": "#2"}
			}
		},
		{
			"name": "hexadecagon",
			"from": [7.6, 12.3416, 3.768],
			"to": [9, 14.108, 4.1912],
			"rotation": {"angle": -22.5, "axis": "y", "origin": [8, 12.7648, 8]},
			"faces": {
				"north": {"uv": [0, 0, 1.5, 1.5], "texture": "#0"},
				"east": {"uv": [0, 0, 1, 1], "texture": "#0"},
				"south": {"uv": [0, 0, 4.5, 4], "texture": "#2"},
				"west": {"uv": [0, 0, 1, 1], "texture": "#0"},
				"up": {"uv": [0, 0, 1, 1], "texture": "#0"},
				"down": {"uv": [0, 0, 1, 1], "texture": "#2"}
			}
		},
		{
			"name": "hexadecagon",
			"from": [7.1582, 12.3416, 3.768],
			"to": [8.6582, 14.108, 4.1912],
			"faces": {
				"north": {"uv": [0, 0, 1.5, 1.5], "texture": "#0"},
				"east": {"uv": [0, 0, 1, 1], "texture": "#0"},
				"south": {"uv": [0, 0, 4.5, 4], "texture": "#2"},
				"west": {"uv": [0, 0, 1, 1], "texture": "#0"},
				"up": {"uv": [0, 0, 1, 1], "texture": "#0"},
				"down": {"uv": [0, 0, 1, 1], "texture": "#2"}
			}
		},
		{
			"name": "hexadecagon",
			"from": [7.1582, 12.3416, 3.768],
			"to": [8.8418, 14.108, 4.1912],
			"rotation": {"angle": 22.5, "axis": "y", "origin": [8, 12.7648, 8]},
			"faces": {
				"north": {"uv": [0, 0, 1.5, 1.5], "texture": "#0"},
				"east": {"uv": [0, 0, 1, 1], "texture": "#0"},
				"south": {"uv": [0, 0, 4.5, 4], "texture": "#2"},
				"west": {"uv": [0, 0, 1, 1], "texture": "#0"},
				"up": {"uv": [0, 0, 1, 1], "texture": "#0"},
				"down": {"uv": [0, 0, 1, 1], "texture": "#2"}
			}
		},
		{
			"name": "hexadecagon",
			"from": [7.1582, 12.3416, 3.768],
			"to": [8.8418, 14.108, 4.1912],
			"rotation": {"angle": 45, "axis": "y", "origin": [8, 12.7648, 8]},
			"faces": {
				"north": {"uv": [0, 0, 1.5, 1.5], "texture": "#0"},
				"east": {"uv": [0, 0, 1, 1], "texture": "#0"},
				"south": {"uv": [0, 0, 4.5, 4], "texture": "#2"},
				"west": {"uv": [0, 0, 1, 1], "texture": "#0"},
				"up": {"uv": [0, 0, 1, 1], "texture": "#0"},
				"down": {"uv": [0, 0, 1, 1], "texture": "#2"}
			}
		},
		{
			"name": "hexadecagon",
			"from": [7.1582, 12.3416, 11.8088],
			"to": [8.8418, 14.108, 12.232],
			"rotation": {"angle": -45, "axis": "y", "origin": [8, 12.7648, 8]},
			"faces": {
				"north": {"uv": [0, 0, 1.5, 1.5], "texture": "#2"},
				"east": {"uv": [0, 0, 1, 1], "texture": "#0"},
				"south": {"uv": [0, 0, 4.5, 4], "texture": "#0"},
				"west": {"uv": [0, 0, 1, 1], "texture": "#0"},
				"up": {"uv": [0, 0, 1, 1], "texture": "#0"},
				"down": {"uv": [0, 0, 1, 1], "texture": "#2"}
			}
		},
		{
			"name": "hexadecagon",
			"from": [7.1582, 12.3416, 11.8088],
			"to": [8.8418, 14.108, 12.232],
			"rotation": {"angle": -22.5, "axis": "y", "origin": [8, 12.7648, 8]},
			"faces": {
				"north": {"uv": [0, 0, 1.5, 1.5], "texture": "#2"},
				"east": {"uv": [0, 0, 1, 1], "texture": "#0"},
				"south": {"uv": [0, 0, 4.5, 4], "texture": "#0"},
				"west": {"uv": [0, 0, 1, 1], "texture": "#0"},
				"up": {"uv": [0, 0, 1, 1], "texture": "#0"},
				"down": {"uv": [0, 0, 1, 1], "texture": "#2"}
			}
		},
		{
			"name": "hexadecagon",
			"from": [7.1582, 12.3416, 11.8088],
			"to": [8.8418, 14.108, 12.232],
			"faces": {
				"north": {"uv": [0, 0, 1.5, 1.5], "texture": "#2"},
				"east": {"uv": [0, 0, 1, 1], "texture": "#0"},
				"south": {"uv": [0, 0, 4.5, 4], "texture": "#0"},
				"west": {"uv": [0, 0, 1, 1], "texture": "#0"},
				"up": {"uv": [0, 0, 1, 1], "texture": "#0"},
				"down": {"uv": [0, 0, 1, 1], "texture": "#2"}
			}
		},
		{
			"name": "hexadecagon",
			"from": [7.1582, 12.3416, 11.8088],
			"to": [8.8418, 14.108, 12.232],
			"rotation": {"angle": 22.5, "axis": "y", "origin": [8, 12.7648, 8]},
			"faces": {
				"north": {"uv": [0, 0, 1.5, 1.5], "texture": "#2"},
				"east": {"uv": [0, 0, 1, 1], "texture": "#0"},
				"south": {"uv": [0, 0, 4.5, 4], "texture": "#0"},
				"west": {"uv": [0, 0, 1, 1], "texture": "#0"},
				"up": {"uv": [0, 0, 1, 1], "texture": "#0"},
				"down": {"uv": [0, 0, 1, 1], "texture": "#2"}
			}
		},
		{
			"name": "hexadecagon",
			"from": [7.1582, 12.3416, 11.8088],
			"to": [8.8418, 14.108, 12.232],
			"rotation": {"angle": 45, "axis": "y", "origin": [8, 12.7648, 8]},
			"faces": {
				"north": {"uv": [0, 0, 1.5, 1.5], "texture": "#2"},
				"east": {"uv": [0, 0, 1, 1], "texture": "#0"},
				"south": {"uv": [0, 0, 4.5, 4], "texture": "#0"},
				"west": {"uv": [0, 0, 1, 1], "texture": "#0"},
				"up": {"uv": [0, 0, 1, 1], "texture": "#0"},
				"down": {"uv": [0, 0, 1, 1], "texture": "#2"}
			}
		},
		{
			"name": "hexadecagon",
			"from": [3.768, 12.3416, 7.1582],
			"to": [4.1912, 14.108, 8.8418],
			"rotation": {"angle": -22.5, "axis": "y", "origin": [8, 12.7648, 8]},
			"faces": {
				"north": {"uv": [0, 0, 1.5, 1.5], "texture": "#0"},
				"east": {"uv": [0, 0, 1, 1], "texture": "#2"},
				"south": {"uv": [0, 0, 4.5, 4], "texture": "#0"},
				"west": {"uv": [0, 0, 1, 1], "texture": "#0"},
				"up": {"uv": [0, 0, 1, 1], "texture": "#0"},
				"down": {"uv": [0, 0, 1, 1], "texture": "#2"}
			}
		},
		{
			"name": "hexadecagon",
			"from": [3.768, 12.3416, 7.1582],
			"to": [4.1912, 14.108, 8.8418],
			"faces": {
				"north": {"uv": [0, 0, 1.5, 1.5], "texture": "#0"},
				"east": {"uv": [0, 0, 1, 1], "texture": "#2"},
				"south": {"uv": [0, 0, 4.5, 4], "texture": "#0"},
				"west": {"uv": [0, 0, 1, 1], "texture": "#0"},
				"up": {"uv": [0, 0, 1, 1], "texture": "#0"},
				"down": {"uv": [0, 0, 1, 1], "texture": "#2"}
			}
		},
		{
			"name": "hexadecagon",
			"from": [3.768, 12.3416, 7.1582],
			"to": [4.1912, 14.108, 8.8418],
			"rotation": {"angle": 22.5, "axis": "y", "origin": [8, 12.7648, 8]},
			"faces": {
				"north": {"uv": [0, 0, 1.5, 1.5], "texture": "#0"},
				"east": {"uv": [0, 0, 1, 1], "texture": "#2"},
				"south": {"uv": [0, 0, 4.5, 4], "texture": "#0"},
				"west": {"uv": [0, 0, 1, 1], "texture": "#0"},
				"up": {"uv": [0, 0, 1, 1], "texture": "#0"},
				"down": {"uv": [0, 0, 1, 1], "texture": "#2"}
			}
		},
		{
			"name": "hexadecagon",
			"from": [11.8088, 12.3416, 7.1582],
			"to": [12.232, 14.108, 8.8418],
			"rotation": {"angle": -22.5, "axis": "y", "origin": [8, 12.7648, 8]},
			"faces": {
				"north": {"uv": [0, 0, 1.5, 1.5], "texture": "#0"},
				"east": {"uv": [0, 0, 1, 1], "texture": "#0"},
				"south": {"uv": [0, 0, 4.5, 4], "texture": "#0"},
				"west": {"uv": [0, 0, 1, 1], "texture": "#2"},
				"up": {"uv": [0, 0, 1, 1], "texture": "#0"},
				"down": {"uv": [0, 0, 1, 1], "texture": "#2"}
			}
		},
		{
			"name": "hexadecagon",
			"from": [11.8088, 12.3416, 7.1582],
			"to": [12.232, 14.108, 8.8418],
			"faces": {
				"north": {"uv": [0, 0, 1.5, 1.5], "texture": "#0"},
				"east": {"uv": [0, 0, 1, 1], "texture": "#0"},
				"south": {"uv": [0, 0, 4.5, 4], "texture": "#0"},
				"west": {"uv": [0, 0, 1, 1], "texture": "#2"},
				"up": {"uv": [0, 0, 1, 1], "texture": "#0"},
				"down": {"uv": [0, 0, 1, 1], "texture": "#2"}
			}
		},
		{
			"name": "hexadecagon",
			"from": [11.8088, 12.3416, 7.1582],
			"to": [12.232, 14.108, 8.8418],
			"rotation": {"angle": 22.5, "axis": "y", "origin": [8, 12.7648, 8]},
			"faces": {
				"north": {"uv": [0, 0, 1.5, 1.5], "texture": "#0"},
				"east": {"uv": [0, 0, 1, 1], "texture": "#0"},
				"south": {"uv": [0, 0, 4.5, 4], "texture": "#0"},
				"west": {"uv": [0, 0, 1, 1], "texture": "#2"},
				"up": {"uv": [0, 0, 1, 1], "texture": "#0"},
				"down": {"uv": [0, 0, 1, 1], "texture": "#2"}
			}
		},
		{
			"name": "hexadecagon",
			"from": [7.22555, 13.75427, 4.10656],
			"to": [8.77445, 15.37936, 4.4959],
			"rotation": {"angle": -45, "axis": "y", "origin": [8, 14.14362, 8]},
			"faces": {
				"north": {"uv": [0, 0, 1.5, 1.5], "texture": "#0"},
				"east": {"uv": [0, 0, 1, 1], "texture": "#0"},
				"south": {"uv": [0, 0, 4.5, 4], "texture": "#2"},
				"west": {"uv": [0, 0, 1, 1], "texture": "#0"},
				"up": {"uv": [0, 0, 1, 1], "texture": "#0"},
				"down": {"uv": [0, 0, 1, 1], "texture": "#2"}
			}
		},
		{
			"name": "hexadecagon",
			"from": [7.7, 13.75427, 4.10656],
			"to": [9, 15.37936, 4.4959],
			"rotation": {"angle": -22.5, "axis": "y", "origin": [8, 14.14362, 8]},
			"faces": {
				"north": {"uv": [0, 0, 1.5, 1.5], "texture": "#0"},
				"east": {"uv": [0, 0, 1, 1], "texture": "#0"},
				"south": {"uv": [0, 0, 4.5, 4], "texture": "#2"},
				"west": {"uv": [0, 0, 1, 1], "texture": "#0"},
				"up": {"uv": [0, 0, 1, 1], "texture": "#0"},
				"down": {"uv": [0, 0, 1, 1], "texture": "#2"}
			}
		},
		{
			"name": "hexadecagon",
			"from": [7.22555, 13.75427, 4.10656],
			"to": [8.77445, 15.37936, 4.4959],
			"faces": {
				"north": {"uv": [0, 0, 1.5, 1.5], "texture": "#0"},
				"east": {"uv": [0, 0, 1, 1], "texture": "#0"},
				"south": {"uv": [0, 0, 4.5, 4], "texture": "#2"},
				"west": {"uv": [0, 0, 1, 1], "texture": "#0"},
				"up": {"uv": [0, 0, 1, 1], "texture": "#0"},
				"down": {"uv": [0, 0, 1, 1], "texture": "#2"}
			}
		},
		{
			"name": "hexadecagon",
			"from": [7.22555, 13.75427, 4.10656],
			"to": [8.77445, 15.37936, 4.4959],
			"rotation": {"angle": 22.5, "axis": "y", "origin": [8, 14.14362, 8]},
			"faces": {
				"north": {"uv": [0, 0, 1.5, 1.5], "texture": "#0"},
				"east": {"uv": [0, 0, 1, 1], "texture": "#0"},
				"south": {"uv": [0, 0, 4.5, 4], "texture": "#2"},
				"west": {"uv": [0, 0, 1, 1], "texture": "#0"},
				"up": {"uv": [0, 0, 1, 1], "texture": "#0"},
				"down": {"uv": [0, 0, 1, 1], "texture": "#2"}
			}
		},
		{
			"name": "hexadecagon",
			"from": [7.22555, 13.75427, 4.10656],
			"to": [8.77445, 15.37936, 4.4959],
			"rotation": {"angle": 45, "axis": "y", "origin": [8, 14.14362, 8]},
			"faces": {
				"north": {"uv": [0, 0, 1.5, 1.5], "texture": "#0"},
				"east": {"uv": [0, 0, 1, 1], "texture": "#0"},
				"south": {"uv": [0, 0, 4.5, 4], "texture": "#2"},
				"west": {"uv": [0, 0, 1, 1], "texture": "#0"},
				"up": {"uv": [0, 0, 1, 1], "texture": "#0"},
				"down": {"uv": [0, 0, 1, 1], "texture": "#2"}
			}
		},
		{
			"name": "hexadecagon",
			"from": [7.22555, 13.75427, 11.5041],
			"to": [8.77445, 15.37936, 11.89344],
			"rotation": {"angle": -45, "axis": "y", "origin": [8, 14.14362, 8]},
			"faces": {
				"north": {"uv": [0, 0, 1.5, 1.5], "texture": "#2"},
				"east": {"uv": [0, 0, 1, 1], "texture": "#0"},
				"south": {"uv": [0, 0, 4.5, 4], "texture": "#0"},
				"west": {"uv": [0, 0, 1, 1], "texture": "#0"},
				"up": {"uv": [0, 0, 1, 1], "texture": "#0"},
				"down": {"uv": [0, 0, 1, 1], "texture": "#2"}
			}
		},
		{
			"name": "hexadecagon",
			"from": [7.22555, 13.75427, 11.5041],
			"to": [8.77445, 15.37936, 11.89344],
			"rotation": {"angle": -22.5, "axis": "y", "origin": [8, 14.14362, 8]},
			"faces": {
				"north": {"uv": [0, 0, 1.5, 1.5], "texture": "#2"},
				"east": {"uv": [0, 0, 1, 1], "texture": "#0"},
				"south": {"uv": [0, 0, 4.5, 4], "texture": "#0"},
				"west": {"uv": [0, 0, 1, 1], "texture": "#0"},
				"up": {"uv": [0, 0, 1, 1], "texture": "#0"},
				"down": {"uv": [0, 0, 1, 1], "texture": "#2"}
			}
		},
		{
			"name": "hexadecagon",
			"from": [7.22555, 13.75427, 11.5041],
			"to": [8.77445, 15.37936, 11.89344],
			"faces": {
				"north": {"uv": [0, 0, 1.5, 1.5], "texture": "#2"},
				"east": {"uv": [0, 0, 1, 1], "texture": "#0"},
				"south": {"uv": [0, 0, 4.5, 4], "texture": "#0"},
				"west": {"uv": [0, 0, 1, 1], "texture": "#0"},
				"up": {"uv": [0, 0, 1, 1], "texture": "#0"},
				"down": {"uv": [0, 0, 1, 1], "texture": "#2"}
			}
		},
		{
			"name": "hexadecagon",
			"from": [7.22555, 13.75427, 11.5041],
			"to": [8.77445, 15.37936, 11.89344],
			"rotation": {"angle": 22.5, "axis": "y", "origin": [8, 14.14362, 8]},
			"faces": {
				"north": {"uv": [0, 0, 1.5, 1.5], "texture": "#2"},
				"east": {"uv": [0, 0, 1, 1], "texture": "#0"},
				"south": {"uv": [0, 0, 4.5, 4], "texture": "#0"},
				"west": {"uv": [0, 0, 1, 1], "texture": "#0"},
				"up": {"uv": [0, 0, 1, 1], "texture": "#0"},
				"down": {"uv": [0, 0, 1, 1], "texture": "#2"}
			}
		},
		{
			"name": "hexadecagon",
			"from": [7.22555, 13.75427, 11.5041],
			"to": [8.77445, 15.37936, 11.89344],
			"rotation": {"angle": 45, "axis": "y", "origin": [8, 14.14362, 8]},
			"faces": {
				"north": {"uv": [0, 0, 1.5, 1.5], "texture": "#2"},
				"east": {"uv": [0, 0, 1, 1], "texture": "#0"},
				"south": {"uv": [0, 0, 4.5, 4], "texture": "#0"},
				"west": {"uv": [0, 0, 1, 1], "texture": "#0"},
				"up": {"uv": [0, 0, 1, 1], "texture": "#0"},
				"down": {"uv": [0, 0, 1, 1], "texture": "#2"}
			}
		},
		{
			"name": "hexadecagon",
			"from": [4.10656, 13.75427, 7.22555],
			"to": [4.4959, 15.37936, 8.77445],
			"rotation": {"angle": -22.5, "axis": "y", "origin": [8, 14.14362, 8]},
			"faces": {
				"north": {"uv": [0, 0, 1.5, 1.5], "texture": "#0"},
				"east": {"uv": [0, 0, 1, 1], "texture": "#2"},
				"south": {"uv": [0, 0, 4.5, 4], "texture": "#0"},
				"west": {"uv": [0, 0, 1, 1], "texture": "#0"},
				"up": {"uv": [0, 0, 1, 1], "texture": "#0"},
				"down": {"uv": [0, 0, 1, 1], "texture": "#2"}
			}
		},
		{
			"name": "hexadecagon",
			"from": [4.10656, 13.75427, 7.22555],
			"to": [4.4959, 15.37936, 8.77445],
			"faces": {
				"north": {"uv": [0, 0, 1.5, 1.5], "texture": "#0"},
				"east": {"uv": [0, 0, 1, 1], "texture": "#2"},
				"south": {"uv": [0, 0, 4.5, 4], "texture": "#0"},
				"west": {"uv": [0, 0, 1, 1], "texture": "#0"},
				"up": {"uv": [0, 0, 1, 1], "texture": "#0"},
				"down": {"uv": [0, 0, 1, 1], "texture": "#2"}
			}
		},
		{
			"name": "hexadecagon",
			"from": [4.10656, 13.75427, 7.22555],
			"to": [4.4959, 15.37936, 8.77445],
			"rotation": {"angle": 22.5, "axis": "y", "origin": [8, 14.14362, 8]},
			"faces": {
				"north": {"uv": [0, 0, 1.5, 1.5], "texture": "#0"},
				"east": {"uv": [0, 0, 1, 1], "texture": "#2"},
				"south": {"uv": [0, 0, 4.5, 4], "texture": "#0"},
				"west": {"uv": [0, 0, 1, 1], "texture": "#0"},
				"up": {"uv": [0, 0, 1, 1], "texture": "#0"},
				"down": {"uv": [0, 0, 1, 1], "texture": "#2"}
			}
		},
		{
			"name": "hexadecagon",
			"from": [11.5041, 13.75427, 7.22555],
			"to": [11.89344, 15.37936, 8.77445],
			"rotation": {"angle": -22.5, "axis": "y", "origin": [8, 14.14362, 8]},
			"faces": {
				"north": {"uv": [0, 0, 1.5, 1.5], "texture": "#0"},
				"east": {"uv": [0, 0, 1, 1], "texture": "#0"},
				"south": {"uv": [0, 0, 4.5, 4], "texture": "#0"},
				"west": {"uv": [0, 0, 1, 1], "texture": "#2"},
				"up": {"uv": [0, 0, 1, 1], "texture": "#0"},
				"down": {"uv": [0, 0, 1, 1], "texture": "#2"}
			}
		},
		{
			"name": "hexadecagon",
			"from": [11.5041, 13.75427, 7.22555],
			"to": [11.89344, 15.37936, 8.77445],
			"faces": {
				"north": {"uv": [0, 0, 1.5, 1.5], "texture": "#0"},
				"east": {"uv": [0, 0, 1, 1], "texture": "#0"},
				"south": {"uv": [0, 0, 4.5, 4], "texture": "#0"},
				"west": {"uv": [0, 0, 1, 1], "texture": "#2"},
				"up": {"uv": [0, 0, 1, 1], "texture": "#0"},
				"down": {"uv": [0, 0, 1, 1], "texture": "#2"}
			}
		},
		{
			"name": "hexadecagon",
			"from": [11.5041, 13.75427, 7.22555],
			"to": [11.89344, 15.37936, 8.77445],
			"rotation": {"angle": 22.5, "axis": "y", "origin": [8, 14.14362, 8]},
			"faces": {
				"north": {"uv": [0, 0, 1.5, 1.5], "texture": "#0"},
				"east": {"uv": [0, 0, 1, 1], "texture": "#0"},
				"south": {"uv": [0, 0, 4.5, 4], "texture": "#0"},
				"west": {"uv": [0, 0, 1, 1], "texture": "#2"},
				"up": {"uv": [0, 0, 1, 1], "texture": "#0"},
				"down": {"uv": [0, 0, 1, 1], "texture": "#2"}
			}
		},
		{
			"name": "hexadecagon",
			"from": [7.30299, 14.87884, 4.4959],
			"to": [8.69701, 17.34142, 4.84631],
			"rotation": {"angle": -45, "axis": "y", "origin": [8, 15.22925, 8]},
			"faces": {
				"north": {"uv": [0, 0, 1.5, 1.5], "texture": "#0"},
				"east": {"uv": [0, 0, 1, 1], "texture": "#0"},
				"south": {"uv": [0, 0, 4.5, 4], "texture": "#2"},
				"west": {"uv": [0, 0, 1, 1], "texture": "#0"},
				"up": {"uv": [0, 0, 1, 1], "texture": "#0"},
				"down": {"uv": [0, 0, 1, 1], "texture": "#2"}
			}
		},
		{
			"name": "hexadecagon",
			"from": [7.30299, 14.87884, 4.4959],
			"to": [8.69701, 17.34142, 4.84631],
			"rotation": {"angle": -22.5, "axis": "y", "origin": [8, 15.22925, 8]},
			"faces": {
				"north": {"uv": [0, 0, 1.5, 1.5], "texture": "#0"},
				"east": {"uv": [0, 0, 1, 1], "texture": "#0"},
				"south": {"uv": [0, 0, 4.5, 4], "texture": "#2"},
				"west": {"uv": [0, 0, 1, 1], "texture": "#0"},
				"up": {"uv": [0, 0, 1, 1], "texture": "#0"},
				"down": {"uv": [0, 0, 1, 1], "texture": "#2"}
			}
		},
		{
			"name": "hexadecagon",
			"from": [7.30299, 14.87884, 4.4959],
			"to": [8.69701, 17.34142, 4.84631],
			"faces": {
				"north": {"uv": [0, 0, 1.5, 1.5], "texture": "#0"},
				"east": {"uv": [0, 0, 1, 1], "texture": "#0"},
				"south": {"uv": [0, 0, 4.5, 4], "texture": "#2"},
				"west": {"uv": [0, 0, 1, 1], "texture": "#0"},
				"up": {"uv": [0, 0, 1, 1], "texture": "#0"},
				"down": {"uv": [0, 0, 1, 1], "texture": "#2"}
			}
		},
		{
			"name": "hexadecagon",
			"from": [7.30299, 14.87884, 4.4959],
			"to": [8.69701, 17.34142, 4.84631],
			"rotation": {"angle": 22.5, "axis": "y", "origin": [8, 15.22925, 8]},
			"faces": {
				"north": {"uv": [0, 0, 1.5, 1.5], "texture": "#0"},
				"east": {"uv": [0, 0, 1, 1], "texture": "#0"},
				"south": {"uv": [0, 0, 4.5, 4], "texture": "#2"},
				"west": {"uv": [0, 0, 1, 1], "texture": "#0"},
				"up": {"uv": [0, 0, 1, 1], "texture": "#0"},
				"down": {"uv": [0, 0, 1, 1], "texture": "#2"}
			}
		},
		{
			"name": "hexadecagon",
			"from": [7.30299, 14.87884, 4.4959],
			"to": [8.69701, 17.34142, 4.84631],
			"rotation": {"angle": 45, "axis": "y", "origin": [8, 15.22925, 8]},
			"faces": {
				"north": {"uv": [0, 0, 1.5, 1.5], "texture": "#0"},
				"east": {"uv": [0, 0, 1, 1], "texture": "#0"},
				"south": {"uv": [0, 0, 4.5, 4], "texture": "#2"},
				"west": {"uv": [0, 0, 1, 1], "texture": "#0"},
				"up": {"uv": [0, 0, 1, 1], "texture": "#0"},
				"down": {"uv": [0, 0, 1, 1], "texture": "#2"}
			}
		},
		{
			"name": "hexadecagon",
			"from": [7.30299, 14.87884, 11.15369],
			"to": [8.69701, 17.34142, 11.5041],
			"rotation": {"angle": -45, "axis": "y", "origin": [8, 15.22925, 8]},
			"faces": {
				"north": {"uv": [0, 0, 1.5, 1.5], "texture": "#2"},
				"east": {"uv": [0, 0, 1, 1], "texture": "#0"},
				"south": {"uv": [0, 0, 4.5, 4], "texture": "#0"},
				"west": {"uv": [0, 0, 1, 1], "texture": "#0"},
				"up": {"uv": [0, 0, 1, 1], "texture": "#0"},
				"down": {"uv": [0, 0, 1, 1], "texture": "#2"}
			}
		},
		{
			"name": "hexadecagon",
			"from": [7.30299, 14.87884, 11.15369],
			"to": [8.69701, 17.34142, 11.5041],
			"rotation": {"angle": -22.5, "axis": "y", "origin": [8, 15.22925, 8]},
			"faces": {
				"north": {"uv": [0, 0, 1.5, 1.5], "texture": "#2"},
				"east": {"uv": [0, 0, 1, 1], "texture": "#0"},
				"south": {"uv": [0, 0, 4.5, 4], "texture": "#0"},
				"west": {"uv": [0, 0, 1, 1], "texture": "#0"},
				"up": {"uv": [0, 0, 1, 1], "texture": "#0"},
				"down": {"uv": [0, 0, 1, 1], "texture": "#2"}
			}
		},
		{
			"name": "hexadecagon",
			"from": [7.30299, 14.87884, 11.15369],
			"to": [8.69701, 17.34142, 11.5041],
			"faces": {
				"north": {"uv": [0, 0, 1.5, 1.5], "texture": "#2"},
				"east": {"uv": [0, 0, 1, 1], "texture": "#0"},
				"south": {"uv": [0, 0, 4.5, 4], "texture": "#0"},
				"west": {"uv": [0, 0, 1, 1], "texture": "#0"},
				"up": {"uv": [0, 0, 1, 1], "texture": "#0"},
				"down": {"uv": [0, 0, 1, 1], "texture": "#2"}
			}
		},
		{
			"name": "hexadecagon",
			"from": [7.30299, 14.87884, 11.15369],
			"to": [8.69701, 17.34142, 11.5041],
			"rotation": {"angle": 22.5, "axis": "y", "origin": [8, 15.22925, 8]},
			"faces": {
				"north": {"uv": [0, 0, 1.5, 1.5], "texture": "#2"},
				"east": {"uv": [0, 0, 1, 1], "texture": "#0"},
				"south": {"uv": [0, 0, 4.5, 4], "texture": "#0"},
				"west": {"uv": [0, 0, 1, 1], "texture": "#0"},
				"up": {"uv": [0, 0, 1, 1], "texture": "#0"},
				"down": {"uv": [0, 0, 1, 1], "texture": "#2"}
			}
		},
		{
			"name": "hexadecagon",
			"from": [7.30299, 14.87884, 11.15369],
			"to": [8.69701, 17.34142, 11.5041],
			"rotation": {"angle": 45, "axis": "y", "origin": [8, 15.22925, 8]},
			"faces": {
				"north": {"uv": [0, 0, 1.5, 1.5], "texture": "#2"},
				"east": {"uv": [0, 0, 1, 1], "texture": "#0"},
				"south": {"uv": [0, 0, 4.5, 4], "texture": "#0"},
				"west": {"uv": [0, 0, 1, 1], "texture": "#0"},
				"up": {"uv": [0, 0, 1, 1], "texture": "#0"},
				"down": {"uv": [0, 0, 1, 1], "texture": "#2"}
			}
		},
		{
			"name": "hexadecagon",
			"from": [4.4959, 14.87884, 7.30299],
			"to": [4.84631, 17.34142, 8.69701],
			"rotation": {"angle": -22.5, "axis": "y", "origin": [8, 15.22925, 8]},
			"faces": {
				"north": {"uv": [0, 0, 1.5, 1.5], "texture": "#0"},
				"east": {"uv": [0, 0, 1, 1], "texture": "#2"},
				"south": {"uv": [0, 0, 4.5, 4], "texture": "#0"},
				"west": {"uv": [0, 0, 1, 1], "texture": "#0"},
				"up": {"uv": [0, 0, 1, 1], "texture": "#0"},
				"down": {"uv": [0, 0, 1, 1], "texture": "#2"}
			}
		},
		{
			"name": "hexadecagon",
			"from": [4.4959, 14.87884, 7.30299],
			"to": [4.84631, 17.34142, 8.69701],
			"faces": {
				"north": {"uv": [0, 0, 1.5, 1.5], "texture": "#0"},
				"east": {"uv": [0, 0, 1, 1], "texture": "#2"},
				"south": {"uv": [0, 0, 4.5, 4], "texture": "#0"},
				"west": {"uv": [0, 0, 1, 1], "texture": "#0"},
				"up": {"uv": [0, 0, 1, 1], "texture": "#0"},
				"down": {"uv": [0, 0, 1, 1], "texture": "#2"}
			}
		},
		{
			"name": "hexadecagon",
			"from": [4.4959, 14.87884, 7.30299],
			"to": [4.84631, 17.34142, 8.69701],
			"rotation": {"angle": 22.5, "axis": "y", "origin": [8, 15.22925, 8]},
			"faces": {
				"north": {"uv": [0, 0, 1.5, 1.5], "texture": "#0"},
				"east": {"uv": [0, 0, 1, 1], "texture": "#2"},
				"south": {"uv": [0, 0, 4.5, 4], "texture": "#0"},
				"west": {"uv": [0, 0, 1, 1], "texture": "#0"},
				"up": {"uv": [0, 0, 1, 1], "texture": "#0"},
				"down": {"uv": [0, 0, 1, 1], "texture": "#2"}
			}
		},
		{
			"name": "hexadecagon",
			"from": [11.15369, 14.87884, 7.30299],
			"to": [11.5041, 17.34142, 8.69701],
			"rotation": {"angle": -22.5, "axis": "y", "origin": [8, 15.22925, 8]},
			"faces": {
				"north": {"uv": [0, 0, 1.5, 1.5], "texture": "#0"},
				"east": {"uv": [0, 0, 1, 1], "texture": "#0"},
				"south": {"uv": [0, 0, 4.5, 4], "texture": "#0"},
				"west": {"uv": [0, 0, 1, 1], "texture": "#2"},
				"up": {"uv": [0, 0, 1, 1], "texture": "#0"},
				"down": {"uv": [0, 0, 1, 1], "texture": "#2"}
			}
		},
		{
			"name": "hexadecagon",
			"from": [11.15369, 14.87884, 7.30299],
			"to": [11.5041, 17.34142, 8.69701],
			"faces": {
				"north": {"uv": [0, 0, 1.5, 1.5], "texture": "#0"},
				"east": {"uv": [0, 0, 1, 1], "texture": "#0"},
				"south": {"uv": [0, 0, 4.5, 4], "texture": "#0"},
				"west": {"uv": [0, 0, 1, 1], "texture": "#2"},
				"up": {"uv": [0, 0, 1, 1], "texture": "#0"},
				"down": {"uv": [0, 0, 1, 1], "texture": "#2"}
			}
		},
		{
			"name": "hexadecagon",
			"from": [11.15369, 14.87884, 7.30299],
			"to": [11.5041, 17.34142, 8.69701],
			"rotation": {"angle": 22.5, "axis": "y", "origin": [8, 15.22925, 8]},
			"faces": {
				"north": {"uv": [0, 0, 1.5, 1.5], "texture": "#0"},
				"east": {"uv": [0, 0, 1, 1], "texture": "#0"},
				"south": {"uv": [0, 0, 4.5, 4], "texture": "#0"},
				"west": {"uv": [0, 0, 1, 1], "texture": "#2"},
				"up": {"uv": [0, 0, 1, 1], "texture": "#0"},
				"down": {"uv": [0, 0, 1, 1], "texture": "#2"}
			}
		},
		{
			"name": "hexadecagon",
			"from": [7.35438, 17.09814, 4.75424],
			"to": [8.64562, 18.7473, 11.24576],
			"rotation": {"angle": -45, "axis": "y", "origin": [8, 17.42272, 8]},
			"faces": {
				"north": {"uv": [0, 0, 1.5, 1.5], "texture": "#0"},
				"east": {"uv": [0, 0, 1, 1], "texture": "#0"},
				"south": {"uv": [0, 0, 4.5, 4], "texture": "#0"},
				"west": {"uv": [0, 0, 1, 1], "texture": "#0"},
				"up": {"uv": [0, 0, 1, 1], "texture": "#0"},
				"down": {"uv": [0, 0, 1, 1], "texture": "#2"}
			}
		},
		{
			"name": "hexadecagon",
			"from": [7.35438, 17.09814, 4.75424],
			"to": [8.64562, 18.7473, 11.24576],
			"rotation": {"angle": -22.5, "axis": "y", "origin": [8, 17.42272, 8]},
			"faces": {
				"north": {"uv": [0, 0, 1.5, 1.5], "texture": "#0"},
				"east": {"uv": [0, 0, 1, 1], "texture": "#0"},
				"south": {"uv": [0, 0, 4.5, 4], "texture": "#0"},
				"west": {"uv": [0, 0, 1, 1], "texture": "#0"},
				"up": {"uv": [0, 0, 1, 1], "texture": "#0"},
				"down": {"uv": [0, 0, 1, 1], "texture": "#2"}
			}
		},
		{
			"name": "hexadecagon",
			"from": [7.35438, 17.09814, 4.75424],
			"to": [8.64562, 18.7473, 11.24576],
			"faces": {
				"north": {"uv": [0, 0, 1.5, 1.5], "texture": "#0"},
				"east": {"uv": [0, 0, 1, 1], "texture": "#0"},
				"south": {"uv": [0, 0, 4.5, 4], "texture": "#0"},
				"west": {"uv": [0, 0, 1, 1], "texture": "#0"},
				"up": {"uv": [0, 0, 1, 1], "texture": "#0"},
				"down": {"uv": [0, 0, 1, 1], "texture": "#2"}
			}
		},
		{
			"name": "hexadecagon",
			"from": [7.35438, 17.09814, 4.75424],
			"to": [8.64562, 18.7473, 11.24576],
			"rotation": {"angle": 22.5, "axis": "y", "origin": [8, 17.42272, 8]},
			"faces": {
				"north": {"uv": [0, 0, 1.5, 1.5], "texture": "#0"},
				"east": {"uv": [0, 0, 1, 1], "texture": "#0"},
				"south": {"uv": [0, 0, 4.5, 4], "texture": "#0"},
				"west": {"uv": [0, 0, 1, 1], "texture": "#0"},
				"up": {"uv": [0, 0, 1, 1], "texture": "#0"},
				"down": {"uv": [0, 0, 1, 1], "texture": "#2"}
			}
		},
		{
			"name": "hexadecagon",
			"from": [7.35438, 17.09814, 4.75424],
			"to": [8.64562, 18.7473, 11.24576],
			"rotation": {"angle": 45, "axis": "y", "origin": [8, 17.42272, 8]},
			"faces": {
				"north": {"uv": [0, 0, 1.5, 1.5], "texture": "#0"},
				"east": {"uv": [0, 0, 1, 1], "texture": "#0"},
				"south": {"uv": [0, 0, 4.5, 4], "texture": "#0"},
				"west": {"uv": [0, 0, 1, 1], "texture": "#0"},
				"up": {"uv": [0, 0, 1, 1], "texture": "#0"},
				"down": {"uv": [0, 0, 1, 1], "texture": "#2"}
			}
		},
		{
			"name": "hexadecagon",
			"from": [4.75424, 17.09814, 7.35438],
			"to": [11.24576, 18.7473, 8.64562],
			"rotation": {"angle": -22.5, "axis": "y", "origin": [8, 17.42272, 8]},
			"faces": {
				"north": {"uv": [0, 0, 1.5, 1.5], "texture": "#0"},
				"east": {"uv": [0, 0, 1, 1], "texture": "#0"},
				"south": {"uv": [0, 0, 4.5, 4], "texture": "#0"},
				"west": {"uv": [0, 0, 1, 1], "texture": "#0"},
				"up": {"uv": [0, 0, 1, 1], "texture": "#0"},
				"down": {"uv": [0, 0, 1, 1], "texture": "#2"}
			}
		},
		{
			"name": "hexadecagon",
			"from": [4.75424, 17.09814, 7.35438],
			"to": [11.24576, 18.7473, 8.64562],
			"faces": {
				"north": {"uv": [0, 0, 1.5, 1.5], "texture": "#0"},
				"east": {"uv": [0, 0, 1, 1], "texture": "#0"},
				"south": {"uv": [0, 0, 4.5, 4], "texture": "#0"},
				"west": {"uv": [0, 0, 1, 1], "texture": "#0"},
				"up": {"uv": [0, 0, 1, 1], "texture": "#0"},
				"down": {"uv": [0, 0, 1, 1], "texture": "#2"}
			}
		},
		{
			"name": "hexadecagon",
			"from": [4.75424, 17.09814, 7.35438],
			"to": [11.24576, 18.7473, 8.64562],
			"rotation": {"angle": 22.5, "axis": "y", "origin": [8, 17.42272, 8]},
			"faces": {
				"north": {"uv": [0, 0, 1.5, 1.5], "texture": "#0"},
				"east": {"uv": [0, 0, 1, 1], "texture": "#0"},
				"south": {"uv": [0, 0, 4.5, 4], "texture": "#0"},
				"west": {"uv": [0, 0, 1, 1], "texture": "#0"},
				"up": {"uv": [0, 0, 1, 1], "texture": "#0"},
				"down": {"uv": [0, 0, 1, 1], "texture": "#2"}
			}
		},
		{
			"from": [7.5, 8, 7.5],
			"to": [8.5, 16, 8.5],
			"faces": {
				"north": {"uv": [0, 0, 1.25, 1.25], "texture": "#2"},
				"east": {"uv": [0, 0, 1, 7], "texture": "#2"},
				"south": {"uv": [0, 0, 1, 7], "texture": "#2"},
				"west": {"uv": [0, 0, 1, 7], "texture": "#2"},
				"up": {"uv": [0, 0, 1, 1], "texture": "#2"},
				"down": {"uv": [0, 0, 1, 1], "texture": "#2"}
			}
		},
		{
			"from": [6, 18, 7.5],
			"to": [10, 20.5, 8.5],
			"faces": {
				"north": {"uv": [0, 0, 4, 2.5], "texture": "#0"},
				"east": {"uv": [0, 0, 1, 2.5], "texture": "#0"},
				"south": {"uv": [0, 0, 4, 2.5], "texture": "#0"},
				"west": {"uv": [0, 0, 1, 2.5], "texture": "#0"},
				"up": {"uv": [0, 0, 4, 1], "texture": "#0"},
				"down": {"uv": [0, 0, 4, 1], "texture": "#0"}
			}
		},
		{
			"name": "hexadecagon",
			"from": [0.5, 20.5, 6.75],
			"to": [2.5, 21, 9.25],
			"faces": {
				"north": {"uv": [1, 0, 0, 1], "rotation": 270, "texture": "#2"},
				"east": {"uv": [1, 0, 0, 1], "rotation": 90, "texture": "#2"},
				"south": {"uv": [1, 0, 0, 1], "rotation": 90, "texture": "#2"},
				"west": {"uv": [1, 0, 0, 1], "rotation": 90, "texture": "#2"},
				"up": {"uv": [0, 1, 1, 0], "rotation": 90, "texture": "#2"},
				"down": {"uv": [0, 1, 1, 0], "rotation": 270, "texture": "#2"}
			}
		},
		{
			"name": "hexadecagon",
			"from": [13.5, 20.5, 6.75],
			"to": [15.5, 21, 9.25],
			"faces": {
				"north": {"uv": [1, 0, 0, 1], "rotation": 270, "texture": "#2"},
				"east": {"uv": [1, 0, 0, 1], "rotation": 90, "texture": "#2"},
				"south": {"uv": [1, 0, 0, 1], "rotation": 90, "texture": "#2"},
				"west": {"uv": [1, 0, 0, 1], "rotation": 90, "texture": "#2"},
				"up": {"uv": [0, 1, 1, 0], "rotation": 90, "texture": "#2"},
				"down": {"uv": [0, 1, 1, 0], "rotation": 270, "texture": "#2"}
			}
		},
		{
			"name": "hexadecagon",
			"from": [14.25, 20.5, 6.75],
			"to": [14.75, 22.5, 9.25],
			"faces": {
				"north": {"uv": [1, 0, 0, 1], "rotation": 180, "texture": "#2"},
				"east": {"uv": [0, 1, 1, 0], "texture": "#2"},
				"south": {"uv": [1, 0, 0, 1], "rotation": 180, "texture": "#2"},
				"west": {"uv": [0, 1, 1, 0], "rotation": 180, "texture": "#2"},
				"up": {"uv": [1, 0, 0, 1], "rotation": 180, "texture": "#2"},
				"down": {"uv": [1, 0, 0, 1], "texture": "#2"}
			}
		},
		{
			"name": "hexadecagon",
			"from": [1.25, 20.5, 6.75],
			"to": [1.75, 22.5, 9.25],
			"faces": {
				"north": {"uv": [1, 0, 0, 1], "rotation": 180, "texture": "#2"},
				"east": {"uv": [0, 1, 1, 0], "texture": "#2"},
				"south": {"uv": [1, 0, 0, 1], "rotation": 180, "texture": "#2"},
				"west": {"uv": [0, 1, 1, 0], "rotation": 180, "texture": "#2"},
				"up": {"uv": [1, 0, 0, 1], "rotation": 180, "texture": "#2"},
				"down": {"uv": [1, 0, 0, 1], "texture": "#2"}
			}
		},
		{
			"name": "hexadecagon",
			"from": [8.25, 20.5, 6.75],
			"to": [8.75, 26, 9.25],
			"faces": {
				"north": {"uv": [1, 0, 0, 1], "rotation": 180, "texture": "#2"},
				"east": {"uv": [0, 1, 1, 0], "texture": "#2"},
				"south": {"uv": [1, 0, 0, 1], "rotation": 180, "texture": "#2"},
				"west": {"uv": [0, 1, 1, 0], "rotation": 180, "texture": "#2"},
				"up": {"uv": [1, 0, 0, 1], "rotation": 180, "texture": "#2"},
				"down": {"uv": [1, 0, 0, 1], "texture": "#2"}
			}
		},
		{
			"name": "hexadecagon",
			"from": [7.25, 20.5, 6.75],
			"to": [7.75, 26, 9.25],
			"faces": {
				"north": {"uv": [1, 0, 0, 1], "rotation": 180, "texture": "#2"},
				"east": {"uv": [0, 1, 1, 0], "texture": "#2"},
				"south": {"uv": [1, 0, 0, 1], "rotation": 180, "texture": "#2"},
				"west": {"uv": [0, 1, 1, 0], "rotation": 180, "texture": "#2"},
				"up": {"uv": [1, 0, 0, 1], "rotation": 180, "texture": "#2"},
				"down": {"uv": [1, 0, 0, 1], "texture": "#2"}
			}
		},
		{
			"name": "hexadecagon",
			"from": [12.25, 22.5, 6.75],
			"to": [12.75, 28, 9.25],
			"rotation": {"angle": 22.5, "axis": "z", "origin": [15, 8, 9.95]},
			"faces": {
				"north": {"uv": [1, 0, 0, 1], "rotation": 180, "texture": "#2"},
				"east": {"uv": [0, 1, 1, 0], "texture": "#2"},
				"south": {"uv": [1, 0, 0, 1], "rotation": 180, "texture": "#2"},
				"west": {"uv": [0, 1, 1, 0], "rotation": 180, "texture": "#2"},
				"up": {"uv": [1, 0, 0, 1], "rotation": 180, "texture": "#2"},
				"down": {"uv": [1, 0, 0, 1], "texture": "#2"}
			}
		},
		{
			"name": "hexadecagon",
			"from": [3.25, 22.5, 6.75],
			"to": [3.75, 28, 9.25],
			"rotation": {"angle": -22.5, "axis": "z", "origin": [1, 8, 9.95]},
			"faces": {
				"north": {"uv": [0, 0, 1, 1], "rotation": 180, "texture": "#2"},
				"east": {"uv": [1, 1, 0, 0], "rotation": 180, "texture": "#2"},
				"south": {"uv": [0, 0, 1, 1], "rotation": 180, "texture": "#2"},
				"west": {"uv": [1, 1, 0, 0], "texture": "#2"},
				"up": {"uv": [0, 0, 1, 1], "rotation": 180, "texture": "#2"},
				"down": {"uv": [0, 0, 1, 1], "texture": "#2"}
			}
		}
	],
	"display": {
		"head": {
			"scale": [2, 2, 2]
		}
	},
	"groups": [
		{
			"name": "Base",
			"children": [0, 1, 2, 3, 4, 5, 6, 7, 8, 9]
		},
		{
			"name": "Frame",
			"children": [10, 11, 12, 13, 14, 15, 16, 17, 18, 19, 20, 21, 22, 23, 24, 25, 26, 27, 28, 29]
		},
		{
			"name": "hexadecagon",
			"children": [30, 31, 32, 33, 34, 35, 36, 37, 38, 39, 40, 41, 42, 43, 44, 45]
		},
		{
			"name": "wood",
			"children": [46, 47, 48, 49, 50, 51]
		},
		{
			"name": "hexadecagon",
			"children": [52, 53, 54, 55, 56, 57, 58, 59, 60, 61, 62, 63, 64, 65, 66, 67]
		},
		{
			"name": "hexadecagon4",
			"children": [68, 69, 70, 71, 72, 73, 74, 75, 76, 77, 78, 79, 80, 81, 82, 83]
		},
		{
			"name": "hexadecagon2",
			"children": [84, 85, 86, 87, 88, 89, 90, 91, 92, 93, 94, 95, 96, 97, 98, 99]
		},
		{
			"name": "hexadecagon3",
			"children": [100, 101, 102, 103, 104, 105, 106, 107, 108, 109, 110, 111, 112, 113, 114, 115]
		},
		{
			"name": "hexadecagon5",
			"children": [116, 117, 118, 119, 120, 121, 122, 123, 124, 125, 126, 127, 128, 129, 130, 131]
		},
		{
			"name": "hexadecagon6",
			"children": [132, 133, 134, 135, 136, 137, 138, 139, 140, 141, 142, 143, 144, 145, 146, 147]
		},
		{
			"name": "hexadecagon",
			"children": [148, 149, 150, 151, 152, 153, 154, 155]
		}, 156, 157,
		{
			"name": "blackframe",
			"children": [158, 159, 160, 161, 162, 163, 164, 165]
		}
	]
}