{
	"credit": "Made with Blockbench",
	"textures": {
		"0": "blocks/planks_oak",
		"1": "blocks/wool_colored_green",
		"particle": "blocks/planks_oak"
	},
	"elements": [
		{
			"from": [-8, 0, 12],
			"to": [-6, 1, 14],
			"faces": {
				"north": {"uv": [0, 0.25, 16, 1.5], "texture": "#1"},
				"east": {"uv": [0, 0, 16, 1.25], "texture": "#1"},
				"south": {"uv": [0, 0, 16, 1.25], "texture": "#1"},
				"west": {"uv": [0, 0, 16, 1.25], "texture": "#1"},
				"up": {"uv": [0, 0, 16, 1.25], "texture": "#1"},
				"down": {"uv": [0, 0, 16, 1.25], "texture": "#1"}
			}
		},
		{
			"from": [7, 0, 2],
			"to": [9, 1, 4],
			"faces": {
				"north": {"uv": [0, 0.25, 16, 1.5], "texture": "#1"},
				"east": {"uv": [0, 0, 16, 1.25], "texture": "#1"},
				"south": {"uv": [0, 0, 16, 1.25], "texture": "#1"},
				"west": {"uv": [0, 0, 16, 1.25], "texture": "#1"},
				"up": {"uv": [0, 0, 16, 1.25], "texture": "#1"},
				"down": {"uv": [0, 0, 16, 1.25], "texture": "#1"}
			}
		},
		{
			"from": [7, 0, 12],
			"to": [9, 1, 14],
			"faces": {
				"north": {"uv": [0, 0.25, 16, 1.5], "texture": "#1"},
				"east": {"uv": [0, 0, 16, 1.25], "texture": "#1"},
				"south": {"uv": [0, 0, 16, 1.25], "texture": "#1"},
				"west": {"uv": [0, 0, 16, 1.25], "texture": "#1"},
				"up": {"uv": [0, 0, 16, 1.25], "texture": "#1"},
				"down": {"uv": [0, 0, 16, 1.25], "texture": "#1"}
			}
		},
		{
			"from": [22, 0, 12],
			"to": [24, 1, 14],
			"faces": {
				"north": {"uv": [0, 0.25, 16, 1.5], "texture": "#1"},
				"east": {"uv": [0, 0, 16, 1.25], "texture": "#1"},
				"south": {"uv": [0, 0, 16, 1.25], "texture": "#1"},
				"west": {"uv": [0, 0, 16, 1.25], "texture": "#1"},
				"up": {"uv": [0, 0, 16, 1.25], "texture": "#1"},
				"down": {"uv": [0, 0, 16, 1.25], "texture": "#1"}
			}
		},
		{
			"from": [22, 0, 2],
			"to": [24, 1, 4],
			"faces": {
				"north": {"uv": [0, 0.25, 16, 1.5], "texture": "#1"},
				"east": {"uv": [0, 0, 16, 1.25], "texture": "#1"},
				"south": {"uv": [0, 0, 16, 1.25], "texture": "#1"},
				"west": {"uv": [0, 0, 16, 1.25], "texture": "#1"},
				"up": {"uv": [0, 0, 16, 1.25], "texture": "#1"},
				"down": {"uv": [0, 0, 16, 1.25], "texture": "#1"}
			}
		},
		{
			"from": [-8, 0, 2],
			"to": [-6, 1, 4],
			"faces": {
				"north": {"uv": [0, 0.25, 16, 1.5], "texture": "#1"},
				"east": {"uv": [0, 0, 16, 1.25], "texture": "#1"},
				"south": {"uv": [0, 0, 16, 1.25], "texture": "#1"},
				"west": {"uv": [0, 0, 16, 1.25], "texture": "#1"},
				"up": {"uv": [0, 0, 16, 1.25], "texture": "#1"},
				"down": {"uv": [0, 0, 16, 1.25], "texture": "#1"}
			}
		},
		{
			"from": [7.5, 12, 5.3],
			"to": [8.5, 14.5, 6.3],
			"rotation": {"angle": 45, "axis": "x", "origin": [-7, 3, 3]},
			"faces": {
				"north": {"uv": [0, 0.25, 16, 1.5], "texture": "#1"},
				"east": {"uv": [0, 0, 16, 1.25], "texture": "#1"},
				"south": {"uv": [0, 0, 16, 1.25], "texture": "#1"},
				"west": {"uv": [0, 0, 16, 1.25], "texture": "#1"},
				"up": {"uv": [0, 0, 16, 1.25], "texture": "#1"},
				"down": {"uv": [0, 0, 16, 1.25], "texture": "#1"}
			}
		},
		{
			"from": [-8, 6, 7.5],
			"to": [24, 7, 8.5],
			"faces": {
				"north": {"uv": [0, 0.25, 16, 1.5], "texture": "#1"},
				"east": {"uv": [0, 0, 16, 1.25], "texture": "#1"},
				"south": {"uv": [0, 0, 16, 1.25], "texture": "#1"},
				"west": {"uv": [0, 0, 16, 1.25], "texture": "#1"},
				"up": {"uv": [0, 0, 16, 1.25], "texture": "#1"},
				"down": {"uv": [0, 0, 16, 1.25], "texture": "#1"}
			}
		},
		{
			"from": [22.5, 4, -0.7],
			"to": [23.5, 6.5, 0.3],
			"rotation": {"angle": 45, "axis": "x", "origin": [-7, 3, 3]},
			"faces": {
				"north": {"uv": [0, 0.25, 16, 1.5], "texture": "#1"},
				"east": {"uv": [0, 0, 16, 1.25], "texture": "#1"},
				"south": {"uv": [0, 0, 16, 1.25], "texture": "#1"},
				"west": {"uv": [0, 0, 16, 1.25], "texture": "#1"},
				"up": {"uv": [0, 0, 16, 1.25], "texture": "#1"},
				"down": {"uv": [0, 0, 16, 1.25], "texture": "#1"}
			}
		},
		{
			"from": [7.5, 4, -0.7],
			"to": [8.5, 6.5, 0.3],
			"rotation": {"angle": 45, "axis": "x", "origin": [-7, 3, 3]},
			"faces": {
				"north": {"uv": [0, 0.25, 16, 1.5], "texture": "#1"},
				"east": {"uv": [0, 0, 16, 1.25], "texture": "#1"},
				"south": {"uv": [0, 0, 16, 1.25], "texture": "#1"},
				"west": {"uv": [0, 0, 16, 1.25], "texture": "#1"},
				"up": {"uv": [0, 0, 16, 1.25], "texture": "#1"},
				"down": {"uv": [0, 0, 16, 1.25], "texture": "#1"}
			}
		},
		{
			"from": [22.5, 7, 3],
			"to": [23.5, 8, 12],
			"faces": {
				"north": {"uv": [0, 0.25, 16, 1.5], "texture": "#1"},
				"east": {"uv": [0, 0, 16, 1.25], "texture": "#1"},
				"south": {"uv": [0, 0, 16, 1.25], "texture": "#1"},
				"west": {"uv": [0, 0, 16, 1.25], "texture": "#1"},
				"up": {"uv": [0, 0, 16, 1.25], "texture": "#1"},
				"down": {"uv": [0, 0, 16, 1.25], "texture": "#1"}
			}
		},
		{
			"from": [22.5, 12, 5.3],
			"to": [23.5, 14.5, 6.3],
			"rotation": {"angle": 45, "axis": "x", "origin": [-7, 3, 3]},
			"faces": {
				"north": {"uv": [0, 0.25, 16, 1.5], "texture": "#1"},
				"east": {"uv": [0, 0, 16, 1.25], "texture": "#1"},
				"south": {"uv": [0, 0, 16, 1.25], "texture": "#1"},
				"west": {"uv": [0, 0, 16, 1.25], "texture": "#1"},
				"up": {"uv": [0, 0, 16, 1.25], "texture": "#1"},
				"down": {"uv": [0, 0, 16, 1.25], "texture": "#1"}
			}
		},
		{
			"from": [22.5, 10, 11],
			"to": [23.5, 22, 12],
			"rotation": {"angle": 22.5, "axis": "x", "origin": [25, 7.5, 7.5]},
			"faces": {
				"north": {"uv": [0, 0.25, 16, 1.5], "rotation": 180, "texture": "#1"},
				"east": {"uv": [0, 0, 16, 1.25], "rotation": 270, "texture": "#1"},
				"south": {"uv": [0, 0, 16, 1.25], "texture": "#1"},
				"west": {"uv": [0, 0, 16, 1.25], "rotation": 90, "texture": "#1"},
				"up": {"uv": [0, 0, 16, 1.25], "rotation": 180, "texture": "#1"},
				"down": {"uv": [0, 0, 16, 1.25], "texture": "#1"}
			}
		},
		{
			"from": [-8, 19.5, 16.3],
			"to": [24, 20, 17.3],
			"rotation": {"angle": 22.5, "axis": "x", "origin": [9, 19.5, 16.5]},
			"faces": {
				"north": {"uv": [0, 0.25, 16, 1.5], "rotation": 180, "texture": "#1"},
				"east": {"uv": [0, 0, 16, 1.25], "rotation": 180, "texture": "#1"},
				"south": {"uv": [0, 0, 16, 1.25], "rotation": 180, "texture": "#1"},
				"west": {"uv": [0, 0, 16, 1.25], "rotation": 180, "texture": "#1"},
				"up": {"uv": [0, 0, 16, 1.25], "texture": "#1"},
				"down": {"uv": [0, 0, 16, 1.25], "texture": "#1"}
			}
		},
		{
			"from": [7.5, 10, 11],
			"to": [8.5, 22, 12],
			"rotation": {"angle": 22.5, "axis": "x", "origin": [25, 7.5, 7.5]},
			"faces": {
				"north": {"uv": [0, 0.25, 16, 1.5], "rotation": 180, "texture": "#1"},
				"east": {"uv": [0, 0, 16, 1.25], "rotation": 270, "texture": "#1"},
				"south": {"uv": [0, 0, 16, 1.25], "texture": "#1"},
				"west": {"uv": [0, 0, 16, 1.25], "rotation": 90, "texture": "#1"},
				"up": {"uv": [0, 0, 16, 1.25], "rotation": 180, "texture": "#1"},
				"down": {"uv": [0, 0, 16, 1.25], "texture": "#1"}
			}
		},
		{
			"from": [-7.5, 10, 11],
			"to": [-6.5, 22, 12],
			"rotation": {"angle": 22.5, "axis": "x", "origin": [25, 7.5, 7.5]},
			"faces": {
				"north": {"uv": [0, 0.25, 16, 1.5], "rotation": 180, "texture": "#1"},
				"east": {"uv": [0, 0, 16, 1.25], "rotation": 270, "texture": "#1"},
				"south": {"uv": [0, 0, 16, 1.25], "texture": "#1"},
				"west": {"uv": [0, 0, 16, 1.25], "rotation": 90, "texture": "#1"},
				"up": {"uv": [0, 0, 16, 1.25], "rotation": 180, "texture": "#1"},
				"down": {"uv": [0, 0, 16, 1.25], "texture": "#1"}
			}
		},
		{
			"from": [-7, 6, 1],
			"to": [23, 6.5, 2],
			"rotation": {"angle": -22.5, "axis": "x", "origin": [9, 6.5, 2]},
			"faces": {
				"north": {"uv": [0, 0.25, 16, 1.5], "rotation": 180, "texture": "#1"},
				"east": {"uv": [0, 0, 16, 1.25], "rotation": 270, "texture": "#1"},
				"south": {"uv": [0, 0, 16, 1.25], "texture": "#1"},
				"west": {"uv": [0, 0, 16, 1.25], "rotation": 90, "texture": "#1"},
				"up": {"uv": [0, 0, 16, 1.25], "rotation": 180, "texture": "#1"},
				"down": {"uv": [0, 0, 16, 1.25], "texture": "#1"}
			}
		},
		{
			"from": [7.5, 7, 3],
			"to": [8.5, 8, 12],
			"faces": {
				"north": {"uv": [0, 0.25, 16, 1.5], "texture": "#1"},
				"east": {"uv": [0, 0, 16, 1.25], "texture": "#1"},
				"south": {"uv": [0, 0, 16, 1.25], "texture": "#1"},
				"west": {"uv": [0, 0, 16, 1.25], "texture": "#1"},
				"up": {"uv": [0, 0, 16, 1.25], "texture": "#1"},
				"down": {"uv": [0, 0, 16, 1.25], "texture": "#1"}
			}
		},
		{
			"from": [-7.5, 12, 5.3],
			"to": [-6.5, 14.5, 6.3],
			"rotation": {"angle": 45, "axis": "x", "origin": [-7, 3, 3]},
			"faces": {
				"north": {"uv": [0, 0.25, 16, 1.5], "texture": "#1"},
				"east": {"uv": [0, 0, 16, 1.25], "texture": "#1"},
				"south": {"uv": [0, 0, 16, 1.25], "texture": "#1"},
				"west": {"uv": [0, 0, 16, 1.25], "texture": "#1"},
				"up": {"uv": [0, 0, 16, 1.25], "texture": "#1"},
				"down": {"uv": [0, 0, 16, 1.25], "texture": "#1"}
			}
		},
		{
			"from": [-7.5, 4, -0.7],
			"to": [-6.5, 6.5, 0.3],
			"rotation": {"angle": 45, "axis": "x", "origin": [-7, 3, 3]},
			"faces": {
				"north": {"uv": [0, 0.25, 16, 1.5], "texture": "#1"},
				"east": {"uv": [0, 0, 16, 1.25], "texture": "#1"},
				"south": {"uv": [0, 0, 16, 1.25], "texture": "#1"},
				"west": {"uv": [0, 0, 16, 1.25], "texture": "#1"},
				"up": {"uv": [0, 0, 16, 1.25], "texture": "#1"},
				"down": {"uv": [0, 0, 16, 1.25], "texture": "#1"}
			}
		},
		{
			"from": [-7.5, 7, 3],
			"to": [-6.5, 8, 12],
			"faces": {
				"north": {"uv": [0, 0.25, 16, 1.5], "texture": "#1"},
				"east": {"uv": [0, 0, 16, 1.25], "texture": "#1"},
				"south": {"uv": [0, 0, 16, 1.25], "texture": "#1"},
				"west": {"uv": [0, 0, 16, 1.25], "texture": "#1"},
				"up": {"uv": [0, 0, 16, 1.25], "texture": "#1"},
				"down": {"uv": [0, 0, 16, 1.25], "texture": "#1"}
			}
		},
		{
			"from": [-7, 8, 12],
			"to": [23, 9, 13],
			"faces": {
				"north": {"uv": [0, 0.25, 16, 1.5], "texture": "#1"},
				"east": {"uv": [0, 0, 16, 1.25], "texture": "#1"},
				"south": {"uv": [0, 0, 16, 1.25], "texture": "#1"},
				"west": {"uv": [0, 0, 16, 1.25], "texture": "#1"},
				"up": {"uv": [0, 0, 16, 1.25], "texture": "#1"},
				"down": {"uv": [0, 0, 16, 1.25], "texture": "#1"}
			}
		},
		{
			"from": [-7.5, 4, 6],
			"to": [-6.5, 5, 8.5],
			"rotation": {"angle": -22.5, "axis": "x", "origin": [-7, 3, 3]},
			"faces": {
				"north": {"uv": [0, 0.25, 16, 1.5], "rotation": 180, "texture": "#1"},
				"east": {"uv": [0, 0, 16, 1.25], "rotation": 270, "texture": "#1"},
				"south": {"uv": [0, 0, 16, 1.25], "texture": "#1"},
				"west": {"uv": [0, 0, 16, 1.25], "rotation": 90, "texture": "#1"},
				"up": {"uv": [0, 0, 16, 1.25], "rotation": 180, "texture": "#1"},
				"down": {"uv": [0, 0, 16, 1.25], "texture": "#1"}
			}
		},
		{
			"from": [-7.5, 4, 2.3],
			"to": [-6.5, 6.5, 3.3],
			"rotation": {"angle": 45, "axis": "x", "origin": [-7, 3, 3]},
			"faces": {
				"north": {"uv": [0, 0.25, 16, 1.5], "texture": "#1"},
				"east": {"uv": [0, 0, 16, 1.25], "texture": "#1"},
				"south": {"uv": [0, 0, 16, 1.25], "texture": "#1"},
				"west": {"uv": [0, 0, 16, 1.25], "texture": "#1"},
				"up": {"uv": [0, 0, 16, 1.25], "texture": "#1"},
				"down": {"uv": [0, 0, 16, 1.25], "texture": "#1"}
			}
		},
		{
			"from": [-7.5, 2.5, 2.7],
			"to": [-6.5, 4, 3.7],
			"rotation": {"angle": 22.5, "axis": "x", "origin": [-7, 3, 3]},
			"faces": {
				"north": {"uv": [0, 0.25, 16, 1.5], "texture": "#1"},
				"east": {"uv": [0, 0, 16, 1.25], "texture": "#1"},
				"south": {"uv": [0, 0, 16, 1.25], "texture": "#1"},
				"west": {"uv": [0, 0, 16, 1.25], "texture": "#1"},
				"up": {"uv": [0, 0, 16, 1.25], "texture": "#1"},
				"down": {"uv": [0, 0, 16, 1.25], "texture": "#1"}
			}
		},
		{
			"from": [-7.5, 1, 2.5],
			"to": [-6.5, 2.5, 3.5],
			"faces": {
				"north": {"uv": [0, 0.25, 16, 1.5], "texture": "#1"},
				"east": {"uv": [0, 0, 16, 1.25], "texture": "#1"},
				"south": {"uv": [0, 0, 16, 1.25], "texture": "#1"},
				"west": {"uv": [0, 0, 16, 1.25], "texture": "#1"},
				"up": {"uv": [0, 0, 16, 1.25], "texture": "#1"},
				"down": {"uv": [0, 0, 16, 1.25], "texture": "#1"}
			}
		},
		{
			"from": [-7.5, 4.7, 3.5],
			"to": [-6.5, 5.7, 8],
			"rotation": {"angle": -22.5, "axis": "x", "origin": [-7, 3, 13]},
			"faces": {
				"north": {"uv": [0, 0.25, 16, 1.5], "texture": "#1"},
				"east": {"uv": [0, 0, 16, 1.25], "rotation": 270, "texture": "#1"},
				"south": {"uv": [0, 0, 16, 1.25], "rotation": 180, "texture": "#1"},
				"west": {"uv": [0, 0, 16, 1.25], "rotation": 90, "texture": "#1"},
				"up": {"uv": [0, 0, 16, 1.25], "rotation": 180, "texture": "#1"},
				"down": {"uv": [0, 0, 16, 1.25], "texture": "#1"}
			}
		},
		{
			"from": [-7.5, 2, 7.5],
			"to": [-6.5, 3.5, 8.5],
			"faces": {
				"north": {"uv": [0, 0.25, 16, 1.5], "texture": "#1"},
				"east": {"uv": [0, 0, 16, 1.25], "texture": "#1"},
				"south": {"uv": [0, 0, 16, 1.25], "texture": "#1"},
				"west": {"uv": [0, 0, 16, 1.25], "texture": "#1"},
				"up": {"uv": [0, 0, 16, 1.25], "texture": "#1"},
				"down": {"uv": [0, 0, 16, 1.25], "texture": "#1"}
			}
		},
		{
			"from": [-7.5, 6.5, 8.3],
			"to": [-6.5, 10, 9.3],
			"rotation": {"angle": -45, "axis": "x", "origin": [-7, 3, 13]},
			"faces": {
				"north": {"uv": [0, 0.25, 16, 1.5], "texture": "#1"},
				"east": {"uv": [0, 0, 16, 1.25], "texture": "#1"},
				"south": {"uv": [0, 0, 16, 1.25], "texture": "#1"},
				"west": {"uv": [0, 0, 16, 1.25], "texture": "#1"},
				"up": {"uv": [0, 0, 16, 1.25], "texture": "#1"},
				"down": {"uv": [0, 0, 16, 1.25], "texture": "#1"}
			}
		},
		{
			"from": [-7.5, 6.5, 6.7],
			"to": [-6.5, 10, 7.7],
			"rotation": {"angle": 45, "axis": "x", "origin": [-7, 3, 3]},
			"faces": {
				"north": {"uv": [0, 0.25, 16, 1.5], "texture": "#1"},
				"east": {"uv": [0, 0, 16, 1.25], "texture": "#1"},
				"south": {"uv": [0, 0, 16, 1.25], "texture": "#1"},
				"west": {"uv": [0, 0, 16, 1.25], "texture": "#1"},
				"up": {"uv": [0, 0, 16, 1.25], "texture": "#1"},
				"down": {"uv": [0, 0, 16, 1.25], "texture": "#1"}
			}
		},
		{
			"from": [-7.5, 4, 7.5],
			"to": [-6.5, 5, 10],
			"rotation": {"angle": 22.5, "axis": "x", "origin": [-7, 3, 13]},
			"faces": {
				"north": {"uv": [0, 0.25, 16, 1.5], "texture": "#1"},
				"east": {"uv": [0, 0, 16, 1.25], "rotation": 270, "texture": "#1"},
				"south": {"uv": [0, 0, 16, 1.25], "rotation": 180, "texture": "#1"},
				"west": {"uv": [0, 0, 16, 1.25], "rotation": 90, "texture": "#1"},
				"up": {"uv": [0, 0, 16, 1.25], "rotation": 180, "texture": "#1"},
				"down": {"uv": [0, 0, 16, 1.25], "texture": "#1"}
			}
		},
		{
			"from": [-7.5, 4, 12.7],
			"to": [-6.5, 6.5, 13.7],
			"rotation": {"angle": -45, "axis": "x", "origin": [-7, 3, 13]},
			"faces": {
				"north": {"uv": [0, 0.25, 16, 1.5], "texture": "#1"},
				"east": {"uv": [0, 0, 16, 1.25], "texture": "#1"},
				"south": {"uv": [0, 0, 16, 1.25], "texture": "#1"},
				"west": {"uv": [0, 0, 16, 1.25], "texture": "#1"},
				"up": {"uv": [0, 0, 16, 1.25], "texture": "#1"},
				"down": {"uv": [0, 0, 16, 1.25], "texture": "#1"}
			}
		},
		{
			"from": [-7.5, 2.5, 12.3],
			"to": [-6.5, 4, 13.3],
			"rotation": {"angle": -22.5, "axis": "x", "origin": [-7, 3, 13]},
			"faces": {
				"north": {"uv": [0, 0.25, 16, 1.5], "texture": "#1"},
				"east": {"uv": [0, 0, 16, 1.25], "texture": "#1"},
				"south": {"uv": [0, 0, 16, 1.25], "texture": "#1"},
				"west": {"uv": [0, 0, 16, 1.25], "texture": "#1"},
				"up": {"uv": [0, 0, 16, 1.25], "texture": "#1"},
				"down": {"uv": [0, 0, 16, 1.25], "texture": "#1"}
			}
		},
		{
			"from": [-7.5, 1, 12.5],
			"to": [-6.5, 2.5, 13.5],
			"faces": {
				"north": {"uv": [0, 0.25, 16, 1.5], "texture": "#1"},
				"east": {"uv": [0, 0, 16, 1.25], "texture": "#1"},
				"south": {"uv": [0, 0, 16, 1.25], "texture": "#1"},
				"west": {"uv": [0, 0, 16, 1.25], "texture": "#1"},
				"up": {"uv": [0, 0, 16, 1.25], "texture": "#1"},
				"down": {"uv": [0, 0, 16, 1.25], "texture": "#1"}
			}
		},
		{
			"from": [-7.5, 4.7, 8],
			"to": [-6.5, 5.7, 12.5],
			"rotation": {"angle": 22.5, "axis": "x", "origin": [-7, 3, 3]},
			"faces": {
				"north": {"uv": [0, 0.25, 16, 1.5], "rotation": 180, "texture": "#1"},
				"east": {"uv": [0, 0, 16, 1.25], "rotation": 270, "texture": "#1"},
				"south": {"uv": [0, 0, 16, 1.25], "texture": "#1"},
				"west": {"uv": [0, 0, 16, 1.25], "rotation": 90, "texture": "#1"},
				"up": {"uv": [0, 0, 16, 1.25], "rotation": 180, "texture": "#1"},
				"down": {"uv": [0, 0, 16, 1.25], "texture": "#1"}
			}
		},
		{
			"from": [22.5, 4, 6],
			"to": [23.5, 5, 8.5],
			"rotation": {"angle": -22.5, "axis": "x", "origin": [23, 3, 3]},
			"faces": {
				"north": {"uv": [0, 0.25, 16, 1.5], "rotation": 180, "texture": "#1"},
				"east": {"uv": [0, 0, 16, 1.25], "rotation": 270, "texture": "#1"},
				"south": {"uv": [0, 0, 16, 1.25], "texture": "#1"},
				"west": {"uv": [0, 0, 16, 1.25], "rotation": 90, "texture": "#1"},
				"up": {"uv": [0, 0, 16, 1.25], "rotation": 180, "texture": "#1"},
				"down": {"uv": [0, 0, 16, 1.25], "texture": "#1"}
			}
		},
		{
			"from": [22.5, 4, 2.3],
			"to": [23.5, 6.5, 3.3],
			"rotation": {"angle": 45, "axis": "x", "origin": [23, 3, 3]},
			"faces": {
				"north": {"uv": [0, 0.25, 16, 1.5], "texture": "#1"},
				"east": {"uv": [0, 0, 16, 1.25], "texture": "#1"},
				"south": {"uv": [0, 0, 16, 1.25], "texture": "#1"},
				"west": {"uv": [0, 0, 16, 1.25], "texture": "#1"},
				"up": {"uv": [0, 0, 16, 1.25], "texture": "#1"},
				"down": {"uv": [0, 0, 16, 1.25], "texture": "#1"}
			}
		},
		{
			"from": [22.5, 2.5, 2.7],
			"to": [23.5, 4, 3.7],
			"rotation": {"angle": 22.5, "axis": "x", "origin": [23, 3, 3]},
			"faces": {
				"north": {"uv": [0, 0.25, 16, 1.5], "texture": "#1"},
				"east": {"uv": [0, 0, 16, 1.25], "texture": "#1"},
				"south": {"uv": [0, 0, 16, 1.25], "texture": "#1"},
				"west": {"uv": [0, 0, 16, 1.25], "texture": "#1"},
				"up": {"uv": [0, 0, 16, 1.25], "texture": "#1"},
				"down": {"uv": [0, 0, 16, 1.25], "texture": "#1"}
			}
		},
		{
			"from": [22.5, 1, 2.5],
			"to": [23.5, 2.5, 3.5],
			"faces": {
				"north": {"uv": [0, 0.25, 16, 1.5], "texture": "#1"},
				"east": {"uv": [0, 0, 16, 1.25], "texture": "#1"},
				"south": {"uv": [0, 0, 16, 1.25], "texture": "#1"},
				"west": {"uv": [0, 0, 16, 1.25], "texture": "#1"},
				"up": {"uv": [0, 0, 16, 1.25], "texture": "#1"},
				"down": {"uv": [0, 0, 16, 1.25], "texture": "#1"}
			}
		},
		{
			"from": [22.5, 4.7, 3.5],
			"to": [23.5, 5.7, 8],
			"rotation": {"angle": -22.5, "axis": "x", "origin": [23, 3, 13]},
			"faces": {
				"north": {"uv": [0, 0.25, 16, 1.5], "texture": "#1"},
				"east": {"uv": [0, 0, 16, 1.25], "rotation": 270, "texture": "#1"},
				"south": {"uv": [0, 0, 16, 1.25], "rotation": 180, "texture": "#1"},
				"west": {"uv": [0, 0, 16, 1.25], "rotation": 90, "texture": "#1"},
				"up": {"uv": [0, 0, 16, 1.25], "rotation": 180, "texture": "#1"},
				"down": {"uv": [0, 0, 16, 1.25], "texture": "#1"}
			}
		},
		{
			"from": [22.5, 2, 7.5],
			"to": [23.5, 3.5, 8.5],
			"faces": {
				"north": {"uv": [0, 0.25, 16, 1.5], "texture": "#1"},
				"east": {"uv": [0, 0, 16, 1.25], "texture": "#1"},
				"south": {"uv": [0, 0, 16, 1.25], "texture": "#1"},
				"west": {"uv": [0, 0, 16, 1.25], "texture": "#1"},
				"up": {"uv": [0, 0, 16, 1.25], "texture": "#1"},
				"down": {"uv": [0, 0, 16, 1.25], "texture": "#1"}
			}
		},
		{
			"from": [22.5, 6.5, 8.3],
			"to": [23.5, 10, 9.3],
			"rotation": {"angle": -45, "axis": "x", "origin": [23, 3, 13]},
			"faces": {
				"north": {"uv": [0, 0.25, 16, 1.5], "texture": "#1"},
				"east": {"uv": [0, 0, 16, 1.25], "texture": "#1"},
				"south": {"uv": [0, 0, 16, 1.25], "texture": "#1"},
				"west": {"uv": [0, 0, 16, 1.25], "texture": "#1"},
				"up": {"uv": [0, 0, 16, 1.25], "texture": "#1"},
				"down": {"uv": [0, 0, 16, 1.25], "texture": "#1"}
			}
		},
		{
			"from": [22.5, 6.5, 6.7],
			"to": [23.5, 10, 7.7],
			"rotation": {"angle": 45, "axis": "x", "origin": [23, 3, 3]},
			"faces": {
				"north": {"uv": [0, 0.25, 16, 1.5], "texture": "#1"},
				"east": {"uv": [0, 0, 16, 1.25], "texture": "#1"},
				"south": {"uv": [0, 0, 16, 1.25], "texture": "#1"},
				"west": {"uv": [0, 0, 16, 1.25], "texture": "#1"},
				"up": {"uv": [0, 0, 16, 1.25], "texture": "#1"},
				"down": {"uv": [0, 0, 16, 1.25], "texture": "#1"}
			}
		},
		{
			"from": [22.5, 4, 7.5],
			"to": [23.5, 5, 10],
			"rotation": {"angle": 22.5, "axis": "x", "origin": [23, 3, 13]},
			"faces": {
				"north": {"uv": [0, 0.25, 16, 1.5], "texture": "#1"},
				"east": {"uv": [0, 0, 16, 1.25], "rotation": 270, "texture": "#1"},
				"south": {"uv": [0, 0, 16, 1.25], "rotation": 180, "texture": "#1"},
				"west": {"uv": [0, 0, 16, 1.25], "rotation": 90, "texture": "#1"},
				"up": {"uv": [0, 0, 16, 1.25], "rotation": 180, "texture": "#1"},
				"down": {"uv": [0, 0, 16, 1.25], "texture": "#1"}
			}
		},
		{
			"from": [22.5, 4, 12.7],
			"to": [23.5, 6.5, 13.7],
			"rotation": {"angle": -45, "axis": "x", "origin": [23, 3, 13]},
			"faces": {
				"north": {"uv": [0, 0.25, 16, 1.5], "texture": "#1"},
				"east": {"uv": [0, 0, 16, 1.25], "texture": "#1"},
				"south": {"uv": [0, 0, 16, 1.25], "texture": "#1"},
				"west": {"uv": [0, 0, 16, 1.25], "texture": "#1"},
				"up": {"uv": [0, 0, 16, 1.25], "texture": "#1"},
				"down": {"uv": [0, 0, 16, 1.25], "texture": "#1"}
			}
		},
		{
			"from": [22.5, 2.5, 12.3],
			"to": [23.5, 4, 13.3],
			"rotation": {"angle": -22.5, "axis": "x", "origin": [23, 3, 13]},
			"faces": {
				"north": {"uv": [0, 0.25, 16, 1.5], "texture": "#1"},
				"east": {"uv": [0, 0, 16, 1.25], "texture": "#1"},
				"south": {"uv": [0, 0, 16, 1.25], "texture": "#1"},
				"west": {"uv": [0, 0, 16, 1.25], "texture": "#1"},
				"up": {"uv": [0, 0, 16, 1.25], "texture": "#1"},
				"down": {"uv": [0, 0, 16, 1.25], "texture": "#1"}
			}
		},
		{
			"from": [22.5, 1, 12.5],
			"to": [23.5, 2.5, 13.5],
			"faces": {
				"north": {"uv": [0, 0.25, 16, 1.5], "texture": "#1"},
				"east": {"uv": [0, 0, 16, 1.25], "texture": "#1"},
				"south": {"uv": [0, 0, 16, 1.25], "texture": "#1"},
				"west": {"uv": [0, 0, 16, 1.25], "texture": "#1"},
				"up": {"uv": [0, 0, 16, 1.25], "texture": "#1"},
				"down": {"uv": [0, 0, 16, 1.25], "texture": "#1"}
			}
		},
		{
			"from": [22.5, 4.7, 8],
			"to": [23.5, 5.7, 12.5],
			"rotation": {"angle": 22.5, "axis": "x", "origin": [23, 3, 3]},
			"faces": {
				"north": {"uv": [0, 0.25, 16, 1.5], "rotation": 180, "texture": "#1"},
				"east": {"uv": [0, 0, 16, 1.25], "rotation": 270, "texture": "#1"},
				"south": {"uv": [0, 0, 16, 1.25], "texture": "#1"},
				"west": {"uv": [0, 0, 16, 1.25], "rotation": 90, "texture": "#1"},
				"up": {"uv": [0, 0, 16, 1.25], "rotation": 180, "texture": "#1"},
				"down": {"uv": [0, 0, 16, 1.25], "texture": "#1"}
			}
		},
		{
			"from": [7.5, 4.7, 3.5],
			"to": [8.5, 5.7, 8],
			"rotation": {"angle": -22.5, "axis": "x", "origin": [8, 3, 13]},
			"faces": {
				"north": {"uv": [0, 0.25, 16, 1.5], "texture": "#1"},
				"east": {"uv": [0, 0, 16, 1.25], "rotation": 270, "texture": "#1"},
				"south": {"uv": [0, 0, 16, 1.25], "rotation": 180, "texture": "#1"},
				"west": {"uv": [0, 0, 16, 1.25], "rotation": 90, "texture": "#1"},
				"up": {"uv": [0, 0, 16, 1.25], "rotation": 180, "texture": "#1"},
				"down": {"uv": [0, 0, 16, 1.25], "texture": "#1"}
			}
		},
		{
			"from": [7.5, 4.7, 8],
			"to": [8.5, 5.7, 12.5],
			"rotation": {"angle": 22.5, "axis": "x", "origin": [8, 3, 3]},
			"faces": {
				"north": {"uv": [0, 0.25, 16, 1.5], "rotation": 180, "texture": "#1"},
				"east": {"uv": [0, 0, 16, 1.25], "rotation": 270, "texture": "#1"},
				"south": {"uv": [0, 0, 16, 1.25], "texture": "#1"},
				"west": {"uv": [0, 0, 16, 1.25], "rotation": 90, "texture": "#1"},
				"up": {"uv": [0, 0, 16, 1.25], "rotation": 180, "texture": "#1"},
				"down": {"uv": [0, 0, 16, 1.25], "texture": "#1"}
			}
		},
		{
			"from": [7.5, 6.5, 8.3],
			"to": [8.5, 10, 9.3],
			"rotation": {"angle": -45, "axis": "x", "origin": [8, 3, 13]},
			"faces": {
				"north": {"uv": [0, 0.25, 16, 1.5], "texture": "#1"},
				"east": {"uv": [0, 0, 16, 1.25], "texture": "#1"},
				"south": {"uv": [0, 0, 16, 1.25], "texture": "#1"},
				"west": {"uv": [0, 0, 16, 1.25], "texture": "#1"},
				"up": {"uv": [0, 0, 16, 1.25], "texture": "#1"},
				"down": {"uv": [0, 0, 16, 1.25], "texture": "#1"}
			}
		},
		{
			"from": [7.5, 6.5, 6.7],
			"to": [8.5, 10, 7.7],
			"rotation": {"angle": 45, "axis": "x", "origin": [8, 3, 3]},
			"faces": {
				"north": {"uv": [0, 0.25, 16, 1.5], "texture": "#1"},
				"east": {"uv": [0, 0, 16, 1.25], "texture": "#1"},
				"south": {"uv": [0, 0, 16, 1.25], "texture": "#1"},
				"west": {"uv": [0, 0, 16, 1.25], "texture": "#1"},
				"up": {"uv": [0, 0, 16, 1.25], "texture": "#1"},
				"down": {"uv": [0, 0, 16, 1.25], "texture": "#1"}
			}
		},
		{
			"from": [7.5, 2, 7.5],
			"to": [8.5, 3.5, 8.5],
			"faces": {
				"north": {"uv": [0, 0.25, 16, 1.5], "texture": "#1"},
				"east": {"uv": [0, 0, 16, 1.25], "texture": "#1"},
				"south": {"uv": [0, 0, 16, 1.25], "texture": "#1"},
				"west": {"uv": [0, 0, 16, 1.25], "texture": "#1"},
				"up": {"uv": [0, 0, 16, 1.25], "texture": "#1"},
				"down": {"uv": [0, 0, 16, 1.25], "texture": "#1"}
			}
		},
		{
			"from": [7.5, 1, 12.5],
			"to": [8.5, 2.5, 13.5],
			"faces": {
				"north": {"uv": [0, 0.25, 16, 1.5], "texture": "#1"},
				"east": {"uv": [0, 0, 16, 1.25], "texture": "#1"},
				"south": {"uv": [0, 0, 16, 1.25], "texture": "#1"},
				"west": {"uv": [0, 0, 16, 1.25], "texture": "#1"},
				"up": {"uv": [0, 0, 16, 1.25], "texture": "#1"},
				"down": {"uv": [0, 0, 16, 1.25], "texture": "#1"}
			}
		},
		{
			"from": [7.5, 2.5, 12.3],
			"to": [8.5, 4, 13.3],
			"rotation": {"angle": -22.5, "axis": "x", "origin": [8, 3, 13]},
			"faces": {
				"north": {"uv": [0, 0.25, 16, 1.5], "texture": "#1"},
				"east": {"uv": [0, 0, 16, 1.25], "texture": "#1"},
				"south": {"uv": [0, 0, 16, 1.25], "texture": "#1"},
				"west": {"uv": [0, 0, 16, 1.25], "texture": "#1"},
				"up": {"uv": [0, 0, 16, 1.25], "texture": "#1"},
				"down": {"uv": [0, 0, 16, 1.25], "texture": "#1"}
			}
		},
		{
			"from": [7.5, 4, 12.7],
			"to": [8.5, 6.5, 13.7],
			"rotation": {"angle": -45, "axis": "x", "origin": [8, 3, 13]},
			"faces": {
				"north": {"uv": [0, 0.25, 16, 1.5], "texture": "#1"},
				"east": {"uv": [0, 0, 16, 1.25], "texture": "#1"},
				"south": {"uv": [0, 0, 16, 1.25], "texture": "#1"},
				"west": {"uv": [0, 0, 16, 1.25], "texture": "#1"},
				"up": {"uv": [0, 0, 16, 1.25], "texture": "#1"},
				"down": {"uv": [0, 0, 16, 1.25], "texture": "#1"}
			}
		},
		{
			"from": [7.5, 4, 7.5],
			"to": [8.5, 5, 10],
			"rotation": {"angle": 22.5, "axis": "x", "origin": [8, 3, 13]},
			"faces": {
				"north": {"uv": [0, 0.25, 16, 1.5], "texture": "#1"},
				"east": {"uv": [0, 0, 16, 1.25], "rotation": 270, "texture": "#1"},
				"south": {"uv": [0, 0, 16, 1.25], "rotation": 180, "texture": "#1"},
				"west": {"uv": [0, 0, 16, 1.25], "rotation": 90, "texture": "#1"},
				"up": {"uv": [0, 0, 16, 1.25], "rotation": 180, "texture": "#1"},
				"down": {"uv": [0, 0, 16, 1.25], "texture": "#1"}
			}
		},
		{
			"from": [7.5, 4, 6],
			"to": [8.5, 5, 8.5],
			"rotation": {"angle": -22.5, "axis": "x", "origin": [8, 3, 3]},
			"faces": {
				"north": {"uv": [0, 0.25, 16, 1.5], "rotation": 180, "texture": "#1"},
				"east": {"uv": [0, 0, 16, 1.25], "rotation": 270, "texture": "#1"},
				"south": {"uv": [0, 0, 16, 1.25], "texture": "#1"},
				"west": {"uv": [0, 0, 16, 1.25], "rotation": 90, "texture": "#1"},
				"up": {"uv": [0, 0, 16, 1.25], "rotation": 180, "texture": "#1"},
				"down": {"uv": [0, 0, 16, 1.25], "texture": "#1"}
			}
		},
		{
			"from": [7.5, 4, 2.3],
			"to": [8.5, 6.5, 3.3],
			"rotation": {"angle": 45, "axis": "x", "origin": [8, 3, 3]},
			"faces": {
				"north": {"uv": [0, 0.25, 16, 1.5], "texture": "#1"},
				"east": {"uv": [0, 0, 16, 1.25], "texture": "#1"},
				"south": {"uv": [0, 0, 16, 1.25], "texture": "#1"},
				"west": {"uv": [0, 0, 16, 1.25], "texture": "#1"},
				"up": {"uv": [0, 0, 16, 1.25], "texture": "#1"},
				"down": {"uv": [0, 0, 16, 1.25], "texture": "#1"}
			}
		},
		{
			"from": [7.5, 2.5, 2.7],
			"to": [8.5, 4, 3.7],
			"rotation": {"angle": 22.5, "axis": "x", "origin": [8, 3, 3]},
			"faces": {
				"north": {"uv": [0, 0.25, 16, 1.5], "texture": "#1"},
				"east": {"uv": [0, 0, 16, 1.25], "texture": "#1"},
				"south": {"uv": [0, 0, 16, 1.25], "texture": "#1"},
				"west": {"uv": [0, 0, 16, 1.25], "texture": "#1"},
				"up": {"uv": [0, 0, 16, 1.25], "texture": "#1"},
				"down": {"uv": [0, 0, 16, 1.25], "texture": "#1"}
			}
		},
		{
			"from": [7.5, 1, 2.5],
			"to": [8.5, 2.5, 3.5],
			"faces": {
				"north": {"uv": [0, 0.25, 16, 1.5], "texture": "#1"},
				"east": {"uv": [0, 0, 16, 1.25], "texture": "#1"},
				"south": {"uv": [0, 0, 16, 1.25], "texture": "#1"},
				"west": {"uv": [0, 0, 16, 1.25], "texture": "#1"},
				"up": {"uv": [0, 0, 16, 1.25], "texture": "#1"},
				"down": {"uv": [0, 0, 16, 1.25], "texture": "#1"}
			}
		},
		{
			"from": [-8, 16, 7.3],
			"to": [24, 18, 7.8],
			"rotation": {"angle": 22.5, "axis": "x", "origin": [0.5, 0.5, 0.5]},
			"faces": {
				"north": {"uv": [0, 2.625, 16, 5.125], "texture": "#0"},
				"east": {"uv": [0, 0, 0.5, 2], "texture": "#0"},
				"south": {"uv": [0, 8.125, 16, 10.125], "texture": "#0"},
				"west": {"uv": [0, 5.375, 1.125, 7.125], "texture": "#0"},
				"up": {"uv": [0, 0, 16, 0.5], "texture": "#0"},
				"down": {"uv": [0, 0, 16, 0.5], "texture": "#0"}
			}
		},
		{
			"from": [-8, 19, 7.3],
			"to": [24, 21, 7.8],
			"rotation": {"angle": 22.5, "axis": "x", "origin": [0.5, 0.5, 0.5]},
			"faces": {
				"north": {"uv": [0, 2.625, 16, 5.125], "texture": "#0"},
				"east": {"uv": [0, 0, 0.5, 2], "texture": "#0"},
				"south": {"uv": [0, 8.125, 16, 10.125], "texture": "#0"},
				"west": {"uv": [0, 5.375, 1.125, 7.125], "texture": "#0"},
				"up": {"uv": [0, 0, 16, 0.5], "texture": "#0"},
				"down": {"uv": [0, 0, 16, 0.5], "texture": "#0"}
			}
		},
		{
			"from": [-8, 22, 7.3],
			"to": [24, 24, 7.8],
			"rotation": {"angle": 22.5, "axis": "x", "origin": [0.5, 0.5, 0.5]},
			"faces": {
				"north": {"uv": [0, 2.625, 16, 5.125], "texture": "#0"},
				"east": {"uv": [0, 0, 0.5, 2], "texture": "#0"},
				"south": {"uv": [0, 8.125, 16, 10.125], "texture": "#0"},
				"west": {"uv": [0, 5.375, 1.125, 7.125], "texture": "#0"},
				"up": {"uv": [0, 0, 16, 0.5], "texture": "#0"},
				"down": {"uv": [0, 0, 16, 0.5], "texture": "#0"}
			}
		},
		{
			"from": [-8, 13, 7.3],
			"to": [24, 15, 7.8],
			"rotation": {"angle": 22.5, "axis": "x", "origin": [0.5, 0.5, 0.5]},
			"faces": {
				"north": {"uv": [0, 2.625, 16, 5.125], "texture": "#0"},
				"east": {"uv": [0, 0, 0.5, 2], "texture": "#0"},
				"south": {"uv": [0, 8.125, 16, 10.125], "texture": "#0"},
				"west": {"uv": [0, 5.375, 1.125, 7.125], "texture": "#0"},
				"up": {"uv": [0, 0, 16, 0.5], "texture": "#0"},
				"down": {"uv": [0, 0, 16, 0.5], "texture": "#0"}
			}
		},
		{
			"from": [-8, 8.2, 9],
			"to": [24, 8.7, 11],
			"faces": {
				"north": {"uv": [0, 2.625, 16, 5.125], "rotation": 180, "texture": "#0"},
				"east": {"uv": [0, 0, 0.5, 2], "rotation": 270, "texture": "#0"},
				"south": {"uv": [0, 8.125, 16, 10.125], "texture": "#0"},
				"west": {"uv": [0, 5.375, 1.125, 7.125], "rotation": 90, "texture": "#0"},
				"up": {"uv": [0, 0, 16, 2], "rotation": 180, "texture": "#0"},
				"down": {"uv": [0, 0, 16, 2], "texture": "#0"}
			}
		},
		{
			"from": [-8, 8.2, 6],
			"to": [24, 8.7, 8],
			"faces": {
				"north": {"uv": [0, 2.625, 16, 5.125], "rotation": 180, "texture": "#0"},
				"east": {"uv": [0, 0, 0.5, 2], "rotation": 270, "texture": "#0"},
				"south": {"uv": [0, 8.125, 16, 10.125], "texture": "#0"},
				"west": {"uv": [0, 5.375, 1.125, 7.125], "rotation": 90, "texture": "#0"},
				"up": {"uv": [0, 0, 16, 2], "rotation": 180, "texture": "#0"},
				"down": {"uv": [0, 0, 16, 2], "texture": "#0"}
			}
		},
		{
			"from": [-8, 8.2, 3],
			"to": [24, 8.7, 5],
			"faces": {
				"north": {"uv": [0, 2.625, 16, 5.125], "rotation": 180, "texture": "#0"},
				"east": {"uv": [0, 0, 0.5, 2], "rotation": 270, "texture": "#0"},
				"south": {"uv": [0, 8.125, 16, 10.125], "texture": "#0"},
				"west": {"uv": [0, 5.375, 1.125, 7.125], "rotation": 90, "texture": "#0"},
				"up": {"uv": [0, 0, 16, 2], "rotation": 180, "texture": "#0"},
				"down": {"uv": [0, 0, 16, 2], "texture": "#0"}
			}
		},
		{
			"from": [-8, 4.2, 5],
			"to": [24, 4.7, 7],
			"rotation": {"angle": -45, "axis": "x", "origin": [0.5, 0.5, 0.5]},
			"faces": {
				"north": {"uv": [0, 2.625, 16, 5.125], "rotation": 180, "texture": "#0"},
				"east": {"uv": [0, 0, 0.5, 2], "rotation": 270, "texture": "#0"},
				"south": {"uv": [0, 8.125, 16, 10.125], "texture": "#0"},
				"west": {"uv": [0, 5.375, 1.125, 7.125], "rotation": 90, "texture": "#0"},
				"up": {"uv": [0, 0, 16, 2], "rotation": 180, "texture": "#0"},
				"down": {"uv": [0, 0, 16, 2], "texture": "#0"}
			}
		}
	],
	"display": {
		"thirdperson_righthand": {
			"rotation": [0, -0.5, 0]
		},
		"head": {
			"translation": [-0.75, 0, 0],
			"scale": [2, 2, 2]
		}
	},
	"groups": [
		{
			"name": "group",
			"children": [0, 1, 2, 3, 4, 5, 6, 7, 8, 9, 10, 11, 12, 13, 14, 15, 16, 17, 18, 19, 20, 21, 22, 23, 24, 25, 26, 27, 28, 29, 30, 31, 32, 33, 34, 35, 36, 37, 38, 39, 40, 41, 42, 43, 44, 45, 46, 47, 48, 49, 50, 51, 52, 53, 54, 55, 56, 57, 58, 59, 60]
		},
		{
			"name": "wood",
			"children": [61, 62, 63, 64, 65, 66, 67, 68]
		}
	]
}