{
	"__comment": "Designed by Kodak_kev with Cubik Studio - https://cubik.studio",
	"textures": {
		"particle": "items/e_particle",
		"texture": "blocks/hardened_clay_stained_white",
		"texture1": "blocks/wool_colored_purple",
		"texture2": "blocks/wool_colored_gray",
		"texture3": "blocks/wool_colored_black",
		"texture4": "blocks/wool_colored_silver",
		"texture5": "blocks/teacupdesign1",
		"texture6": "blocks/teacupdesign2",
		"texture7": "blocks/teacupdesign3"
	},
	"elements": [
		{
			"__comment": "Cube33",
			"from": [ 5, 0, 3 ],
			"to": [ 15, 1, 13 ],
			"faces": {
				"down": { "uv": [ 5, 3, 15, 13 ], "texture": "#texture", "cullface": "down" },
				"up": { "uv": [ 5, 3, 15, 13 ], "texture": "#texture" },
				"north": { "uv": [ 1, 15, 11, 16 ], "texture": "#texture" },
				"south": { "uv": [ 5, 15, 15, 16 ], "texture": "#texture" },
				"west": { "uv": [ 3, 15, 13, 16 ], "texture": "#texture" },
				"east": { "uv": [ 3, 15, 13, 16 ], "texture": "#texture" }
			}
		},
		{
			"__comment": "Cube34",
			"from": [ 12, 1, 6 ],
			"to": [ 13, 2, 10 ],
			"faces": {
				"down": { "uv": [ 12, 6, 13, 10 ], "texture": "#texture" },
				"up": { "uv": [ 12, 6, 13, 10 ], "texture": "#texture" },
				"north": { "uv": [ 3, 14, 4, 15 ], "texture": "#texture" },
				"south": { "uv": [ 12, 14, 13, 15 ], "texture": "#texture" },
				"west": { "uv": [ 6, 14, 10, 15 ], "texture": "#texture" },
				"east": { "uv": [ 6, 14, 10, 15 ], "texture": "#texture" }
			}
		},
		{
			"__comment": "Cube34",
			"from": [ 8, 1, 5 ],
			"to": [ 12, 2, 11 ],
			"faces": {
				"down": { "uv": [ 8, 5, 12, 11 ], "texture": "#texture" },
				"up": { "uv": [ 8, 5, 12, 11 ], "texture": "#texture" },
				"north": { "uv": [ 4, 14, 8, 15 ], "texture": "#texture" },
				"south": { "uv": [ 8, 14, 12, 15 ], "texture": "#texture" },
				"west": { "uv": [ 5, 14, 11, 15 ], "texture": "#texture" },
				"east": { "uv": [ 5, 14, 11, 15 ], "texture": "#texture" }
			}
		},
		{
			"__comment": "Cube34",
			"from": [ 7, 1, 6 ],
			"to": [ 8, 2, 10 ],
			"faces": {
				"down": { "uv": [ 7, 6, 8, 10 ], "texture": "#texture" },
				"up": { "uv": [ 7, 6, 8, 10 ], "texture": "#texture" },
				"north": { "uv": [ 8, 14, 9, 15 ], "texture": "#texture" },
				"south": { "uv": [ 7, 14, 8, 15 ], "texture": "#texture" },
				"west": { "uv": [ 6, 14, 10, 15 ], "texture": "#texture" },
				"east": { "uv": [ 6, 14, 10, 15 ], "texture": "#texture" }
			}
		},
		{
			"__comment": "Cube43",
			"from": [ 13.375, 3.375, 6 ],
			"to": [ 14.375, 6.375, 10 ],
			"rotation": { "origin": [ 13.375, 3.375, 6 ], "axis": "z", "angle": -22.5 },
			"shade": false,
			"faces": {
				"down": { "uv": [ 6, 6, 7, 10 ], "texture": "#texture" },
				"up": { "uv": [ 6, 6, 7, 10 ], "texture": "#texture" },
				"north": { "uv": [ 9, 10, 10, 13 ], "texture": "#texture" },
				"south": { "uv": [ 6, 10, 7, 13 ], "texture": "#texture" },
				"west": { "uv": [ 6, 10, 10, 13 ], "texture": "#texture" },
				"east": { "uv": [ 6, 10, 10, 13 ], "texture": "#texture" }
			}
		},
		{
			"__comment": "Cube46",
			"from": [ 7.875, 3, 10.75 ],
			"to": [ 11.875, 6, 12.25 ],
			"faces": {
				"down": { "uv": [ 7, 5, 8, 6 ], "texture": "#texture" },
				"up": { "uv": [ 7, 10, 8, 11 ], "texture": "#texture" },
				"north": { "uv": [ 8, 11, 9, 13 ], "texture": "#texture" },
				"south": { "uv": [ 7, 11, 8, 13 ], "texture": "#texture" },
				"west": { "uv": [ 10, 11, 11, 13 ], "texture": "#texture" },
				"east": { "uv": [ 5, 11, 6, 13 ], "texture": "#texture" }
			}
		},
		{
			"__comment": "Cube46",
			"from": [ 8, 5.75, 2.625 ],
			"to": [ 9, 8.75, 7.325 ],
			"rotation": { "origin": [ 8, 5.75, 2.625 ], "axis": "y", "angle": -45 },
			"faces": {
				"down": { "uv": [ 7, 5, 8, 6 ], "texture": "#texture" },
				"up": { "uv": [ 7, 10, 8, 11 ], "texture": "#texture" },
				"north": { "uv": [ 8, 11, 9, 13 ], "texture": "#texture" },
				"south": { "uv": [ 7, 11, 8, 13 ], "texture": "#texture" },
				"west": { "uv": [ 10, 11, 11, 13 ], "texture": "#texture" },
				"east": { "uv": [ 5, 11, 6, 13 ], "texture": "#texture" }
			}
		},
		{
			"__comment": "Cube43",
			"from": [ 7.875, 3.375, 11.125 ],
			"to": [ 11.875, 6.375, 12.125 ],
			"rotation": { "origin": [ 7.875, 3.375, 11.125 ], "axis": "x", "angle": 22.5 },
			"faces": {
				"down": { "uv": [ 6, 6, 7, 10 ], "texture": "#texture" },
				"up": { "uv": [ 6, 6, 7, 10 ], "texture": "#texture" },
				"north": { "uv": [ 9, 10, 10, 13 ], "texture": "#texture" },
				"south": { "uv": [ 6, 10, 7, 13 ], "texture": "#texture" },
				"west": { "uv": [ 6, 10, 10, 13 ], "texture": "#texture" },
				"east": { "uv": [ 6, 10, 10, 13 ], "texture": "#texture" }
			}
		},
		{
			"__comment": "Cube43",
			"from": [ 6, 2.625, 8.75 ],
			"to": [ 7, 6.125, 9.75 ],
			"rotation": { "origin": [ 6, 2.625, 8.75 ], "axis": "z", "angle": 22.5 },
			"faces": {
				"down": { "uv": [ 6, 6, 7, 10 ], "texture": "#texture" },
				"up": { "uv": [ 6, 6, 7, 10 ], "texture": "#texture" },
				"north": { "uv": [ 9, 10, 10, 13 ], "texture": "#texture" },
				"south": { "uv": [ 6, 10, 7, 13 ], "texture": "#texture" },
				"west": { "uv": [ 6, 10, 10, 13 ], "texture": "#texture" },
				"east": { "uv": [ 6, 10, 10, 13 ], "texture": "#texture" }
			}
		},
		{
			"__comment": "Cube43",
			"from": [ 8, 3, 4 ],
			"to": [ 12, 6, 5 ],
			"rotation": { "origin": [ 8, 3, 4 ], "axis": "x", "angle": -22.5 },
			"faces": {
				"down": { "uv": [ 6, 6, 7, 10 ], "texture": "#texture" },
				"up": { "uv": [ 6, 6, 7, 10 ], "texture": "#texture" },
				"north": { "uv": [ 9, 10, 10, 13 ], "texture": "#texture" },
				"south": { "uv": [ 6, 10, 7, 13 ], "texture": "#texture" },
				"west": { "uv": [ 6, 10, 10, 13 ], "texture": "#texture" },
				"east": { "uv": [ 6, 10, 10, 13 ], "texture": "#texture" }
			}
		},
		{
			"__comment": "Cube46",
			"from": [ 10.875, 3, 4.5 ],
			"to": [ 12.875, 6, 8.5 ],
			"rotation": { "origin": [ 10.875, 3, 4.5 ], "axis": "y", "angle": 45 },
			"faces": {
				"down": { "uv": [ 7, 5, 8, 6 ], "texture": "#texture" },
				"up": { "uv": [ 7, 10, 8, 11 ], "texture": "#texture" },
				"north": { "uv": [ 8, 11, 9, 13 ], "texture": "#texture" },
				"south": { "uv": [ 7, 11, 8, 13 ], "texture": "#texture" },
				"west": { "uv": [ 10, 11, 11, 13 ], "texture": "#texture" },
				"east": { "uv": [ 5, 11, 6, 13 ], "texture": "#texture" }
			}
		},
		{
			"__comment": "Cube46",
			"from": [ 7.875, 3, 3.125 ],
			"to": [ 9.875, 6, 7.125 ],
			"rotation": { "origin": [ 7.875, 3, 3.125 ], "axis": "y", "angle": -45 },
			"faces": {
				"down": { "uv": [ 7, 5, 8, 6 ], "texture": "#texture" },
				"up": { "uv": [ 7, 10, 8, 11 ], "texture": "#texture" },
				"north": { "uv": [ 8, 11, 9, 13 ], "texture": "#texture" },
				"south": { "uv": [ 7, 11, 8, 13 ], "texture": "#texture" },
				"west": { "uv": [ 10, 11, 11, 13 ], "texture": "#texture" },
				"east": { "uv": [ 5, 11, 6, 13 ], "texture": "#texture" }
			}
		},
		{
			"__comment": "Voxel-808080",
			"from": [ 6, 2, 6 ],
			"to": [ 7, 3, 7 ],
			"faces": {
				"down": { "uv": [ 0, 0, 16, 16 ], "texture": "#texture" },
				"up": { "uv": [ 0, 0, 16, 16 ], "texture": "#texture" },
				"north": { "uv": [ 0, 0, 16, 16 ], "texture": "#texture" },
				"south": { "uv": [ 0, 0, 16, 16 ], "texture": "#texture" },
				"west": { "uv": [ 0, 0, 16, 16 ], "texture": "#texture" },
				"east": { "uv": [ 0, 0, 16, 16 ], "texture": "#texture" }
			}
		},
		{
			"__comment": "Voxel-808080",
			"from": [ 6, 2, 7 ],
			"to": [ 7, 3, 8 ],
			"faces": {
				"down": { "uv": [ 0, 0, 16, 16 ], "texture": "#texture" },
				"up": { "uv": [ 0, 0, 16, 16 ], "texture": "#texture" },
				"north": { "uv": [ 0, 0, 16, 16 ], "texture": "#texture" },
				"south": { "uv": [ 0, 0, 16, 16 ], "texture": "#texture" },
				"west": { "uv": [ 0, 0, 16, 16 ], "texture": "#texture" },
				"east": { "uv": [ 0, 0, 16, 16 ], "texture": "#texture" }
			}
		},
		{
			"__comment": "Voxel-808080",
			"from": [ 6, 2, 8 ],
			"to": [ 7, 3, 9 ],
			"faces": {
				"down": { "uv": [ 0, 0, 16, 16 ], "texture": "#texture" },
				"up": { "uv": [ 0, 0, 16, 16 ], "texture": "#texture" },
				"north": { "uv": [ 0, 0, 16, 16 ], "texture": "#texture" },
				"south": { "uv": [ 0, 0, 16, 16 ], "texture": "#texture" },
				"west": { "uv": [ 0, 0, 16, 16 ], "texture": "#texture" },
				"east": { "uv": [ 0, 0, 16, 16 ], "texture": "#texture" }
			}
		},
		{
			"__comment": "Voxel-808080",
			"from": [ 6, 2, 9 ],
			"to": [ 7, 3, 10 ],
			"faces": {
				"down": { "uv": [ 0, 0, 16, 16 ], "texture": "#texture" },
				"up": { "uv": [ 0, 0, 16, 16 ], "texture": "#texture" },
				"north": { "uv": [ 0, 0, 16, 16 ], "texture": "#texture" },
				"south": { "uv": [ 0, 0, 16, 16 ], "texture": "#texture" },
				"west": { "uv": [ 0, 0, 16, 16 ], "texture": "#texture" },
				"east": { "uv": [ 0, 0, 16, 16 ], "texture": "#texture" }
			}
		},
		{
			"__comment": "Voxel-808080",
			"from": [ 7, 2, 5 ],
			"to": [ 8, 3, 6 ],
			"faces": {
				"down": { "uv": [ 0, 0, 16, 16 ], "texture": "#texture" },
				"up": { "uv": [ 0, 0, 16, 16 ], "texture": "#texture" },
				"north": { "uv": [ 0, 0, 16, 16 ], "texture": "#texture" },
				"south": { "uv": [ 0, 0, 16, 16 ], "texture": "#texture" },
				"west": { "uv": [ 0, 0, 16, 16 ], "texture": "#texture" },
				"east": { "uv": [ 0, 0, 16, 16 ], "texture": "#texture" }
			}
		},
		{
			"__comment": "Voxel-808080",
			"from": [ 7, 2, 6 ],
			"to": [ 8, 3, 7 ],
			"faces": {
				"down": { "uv": [ 0, 0, 16, 16 ], "texture": "#texture2" },
				"up": { "uv": [ 0, 0, 16, 16 ], "texture": "#texture2" },
				"north": { "uv": [ 0, 0, 16, 16 ], "texture": "#texture2" },
				"south": { "uv": [ 0, 0, 16, 16 ], "texture": "#texture2" },
				"west": { "uv": [ 0, 0, 16, 16 ], "texture": "#texture2" },
				"east": { "uv": [ 0, 0, 16, 16 ], "texture": "#texture2" }
			}
		},
		{
			"__comment": "Voxel-808080",
			"from": [ 7, 2, 7 ],
			"to": [ 8, 3, 8 ],
			"faces": {
				"down": { "uv": [ 0, 0, 16, 16 ], "texture": "#texture2" },
				"up": { "uv": [ 0, 0, 16, 16 ], "texture": "#texture2" },
				"north": { "uv": [ 0, 0, 16, 16 ], "texture": "#texture2" },
				"south": { "uv": [ 0, 0, 16, 16 ], "texture": "#texture2" },
				"west": { "uv": [ 0, 0, 16, 16 ], "texture": "#texture2" },
				"east": { "uv": [ 0, 0, 16, 16 ], "texture": "#texture2" }
			}
		},
		{
			"__comment": "Voxel-808080",
			"from": [ 7, 2, 8 ],
			"to": [ 8, 3, 9 ],
			"faces": {
				"down": { "uv": [ 0, 0, 16, 16 ], "texture": "#texture2" },
				"up": { "uv": [ 0, 0, 16, 16 ], "texture": "#texture2" },
				"north": { "uv": [ 0, 0, 16, 16 ], "texture": "#texture2" },
				"south": { "uv": [ 0, 0, 16, 16 ], "texture": "#texture2" },
				"west": { "uv": [ 0, 0, 16, 16 ], "texture": "#texture2" },
				"east": { "uv": [ 0, 0, 16, 16 ], "texture": "#texture2" }
			}
		},
		{
			"__comment": "Voxel-808080",
			"from": [ 7, 2, 9 ],
			"to": [ 8, 3, 10 ],
			"faces": {
				"down": { "uv": [ 0, 0, 16, 16 ], "texture": "#texture2" },
				"up": { "uv": [ 0, 0, 16, 16 ], "texture": "#texture2" },
				"north": { "uv": [ 0, 0, 16, 16 ], "texture": "#texture2" },
				"south": { "uv": [ 0, 0, 16, 16 ], "texture": "#texture2" },
				"west": { "uv": [ 0, 0, 16, 16 ], "texture": "#texture2" },
				"east": { "uv": [ 0, 0, 16, 16 ], "texture": "#texture2" }
			}
		},
		{
			"__comment": "Voxel-808080",
			"from": [ 7, 2, 10 ],
			"to": [ 8, 3, 11 ],
			"faces": {
				"down": { "uv": [ 0, 0, 16, 16 ], "texture": "#texture" },
				"up": { "uv": [ 0, 0, 16, 16 ], "texture": "#texture" },
				"north": { "uv": [ 0, 0, 16, 16 ], "texture": "#texture" },
				"south": { "uv": [ 0, 0, 16, 16 ], "texture": "#texture" },
				"west": { "uv": [ 0, 0, 16, 16 ], "texture": "#texture" },
				"east": { "uv": [ 0, 0, 16, 16 ], "texture": "#texture" }
			}
		},
		{
			"__comment": "Voxel-808080",
			"from": [ 8, 2, 4 ],
			"to": [ 9, 3, 5 ],
			"faces": {
				"down": { "uv": [ 0, 0, 16, 16 ], "texture": "#texture" },
				"up": { "uv": [ 0, 0, 16, 16 ], "texture": "#texture" },
				"north": { "uv": [ 0, 0, 16, 16 ], "texture": "#texture" },
				"south": { "uv": [ 0, 0, 16, 16 ], "texture": "#texture" },
				"west": { "uv": [ 0, 0, 16, 16 ], "texture": "#texture" },
				"east": { "uv": [ 0, 0, 16, 16 ], "texture": "#texture" }
			}
		},
		{
			"__comment": "Voxel-808080",
			"from": [ 8, 2, 5 ],
			"to": [ 9, 3, 6 ],
			"faces": {
				"down": { "uv": [ 0, 0, 16, 16 ], "texture": "#texture2" },
				"up": { "uv": [ 0, 0, 16, 16 ], "texture": "#texture2" },
				"north": { "uv": [ 0, 0, 16, 16 ], "texture": "#texture2" },
				"south": { "uv": [ 0, 0, 16, 16 ], "texture": "#texture2" },
				"west": { "uv": [ 0, 0, 16, 16 ], "texture": "#texture2" },
				"east": { "uv": [ 0, 0, 16, 16 ], "texture": "#texture2" }
			}
		},
		{
			"__comment": "Voxel-808080",
			"from": [ 8, 2, 6 ],
			"to": [ 9, 3, 7 ],
			"faces": {
				"down": { "uv": [ 0, 0, 16, 16 ], "texture": "#texture" },
				"up": { "uv": [ 0, 0, 16, 16 ], "texture": "#texture" },
				"north": { "uv": [ 0, 0, 16, 16 ], "texture": "#texture" },
				"south": { "uv": [ 0, 0, 16, 16 ], "texture": "#texture" },
				"west": { "uv": [ 0, 0, 16, 16 ], "texture": "#texture" },
				"east": { "uv": [ 0, 0, 16, 16 ], "texture": "#texture" }
			}
		},
		{
			"__comment": "Voxel-808080",
			"from": [ 8, 2, 9 ],
			"to": [ 9, 3, 10 ],
			"faces": {
				"down": { "uv": [ 0, 0, 16, 16 ], "texture": "#texture" },
				"up": { "uv": [ 0, 0, 16, 16 ], "texture": "#texture" },
				"north": { "uv": [ 0, 0, 16, 16 ], "texture": "#texture" },
				"south": { "uv": [ 0, 0, 16, 16 ], "texture": "#texture" },
				"west": { "uv": [ 0, 0, 16, 16 ], "texture": "#texture" },
				"east": { "uv": [ 0, 0, 16, 16 ], "texture": "#texture" }
			}
		},
		{
			"__comment": "Voxel-808080",
			"from": [ 8, 2, 10 ],
			"to": [ 9, 3, 11 ],
			"faces": {
				"down": { "uv": [ 0, 0, 16, 16 ], "texture": "#texture2" },
				"up": { "uv": [ 0, 0, 16, 16 ], "texture": "#texture2" },
				"north": { "uv": [ 0, 0, 16, 16 ], "texture": "#texture2" },
				"south": { "uv": [ 0, 0, 16, 16 ], "texture": "#texture2" },
				"west": { "uv": [ 0, 0, 16, 16 ], "texture": "#texture2" },
				"east": { "uv": [ 0, 0, 16, 16 ], "texture": "#texture2" }
			}
		},
		{
			"__comment": "Voxel-808080",
			"from": [ 8, 2, 11 ],
			"to": [ 9, 3, 12 ],
			"faces": {
				"down": { "uv": [ 0, 0, 16, 16 ], "texture": "#texture" },
				"up": { "uv": [ 0, 0, 16, 16 ], "texture": "#texture" },
				"north": { "uv": [ 0, 0, 16, 16 ], "texture": "#texture" },
				"south": { "uv": [ 0, 0, 16, 16 ], "texture": "#texture" },
				"west": { "uv": [ 0, 0, 16, 16 ], "texture": "#texture" },
				"east": { "uv": [ 0, 0, 16, 16 ], "texture": "#texture" }
			}
		},
		{
			"__comment": "Voxel-808080",
			"from": [ 9, 2, 4 ],
			"to": [ 10, 3, 5 ],
			"faces": {
				"down": { "uv": [ 0, 0, 16, 16 ], "texture": "#texture" },
				"up": { "uv": [ 0, 0, 16, 16 ], "texture": "#texture" },
				"north": { "uv": [ 0, 0, 16, 16 ], "texture": "#texture" },
				"south": { "uv": [ 0, 0, 16, 16 ], "texture": "#texture" },
				"west": { "uv": [ 0, 0, 16, 16 ], "texture": "#texture" },
				"east": { "uv": [ 0, 0, 16, 16 ], "texture": "#texture" }
			}
		},
		{
			"__comment": "Voxel-808080",
			"from": [ 9, 2, 5 ],
			"to": [ 10, 3, 6 ],
			"faces": {
				"down": { "uv": [ 0, 0, 16, 16 ], "texture": "#texture2" },
				"up": { "uv": [ 0, 0, 16, 16 ], "texture": "#texture2" },
				"north": { "uv": [ 0, 0, 16, 16 ], "texture": "#texture2" },
				"south": { "uv": [ 0, 0, 16, 16 ], "texture": "#texture2" },
				"west": { "uv": [ 0, 0, 16, 16 ], "texture": "#texture2" },
				"east": { "uv": [ 0, 0, 16, 16 ], "texture": "#texture2" }
			}
		},
		{
			"__comment": "Voxel-808080",
			"from": [ 9, 2, 10 ],
			"to": [ 10, 3, 11 ],
			"faces": {
				"down": { "uv": [ 0, 0, 16, 16 ], "texture": "#texture2" },
				"up": { "uv": [ 0, 0, 16, 16 ], "texture": "#texture2" },
				"north": { "uv": [ 0, 0, 16, 16 ], "texture": "#texture2" },
				"south": { "uv": [ 0, 0, 16, 16 ], "texture": "#texture2" },
				"west": { "uv": [ 0, 0, 16, 16 ], "texture": "#texture2" },
				"east": { "uv": [ 0, 0, 16, 16 ], "texture": "#texture2" }
			}
		},
		{
			"__comment": "Voxel-808080",
			"from": [ 9, 2, 11 ],
			"to": [ 10, 3, 12 ],
			"faces": {
				"down": { "uv": [ 0, 0, 16, 16 ], "texture": "#texture" },
				"up": { "uv": [ 0, 0, 16, 16 ], "texture": "#texture" },
				"north": { "uv": [ 0, 0, 16, 16 ], "texture": "#texture" },
				"south": { "uv": [ 0, 0, 16, 16 ], "texture": "#texture" },
				"west": { "uv": [ 0, 0, 16, 16 ], "texture": "#texture" },
				"east": { "uv": [ 0, 0, 16, 16 ], "texture": "#texture" }
			}
		},
		{
			"__comment": "Voxel-808080",
			"from": [ 10, 2, 4 ],
			"to": [ 11, 3, 5 ],
			"faces": {
				"down": { "uv": [ 0, 0, 16, 16 ], "texture": "#texture" },
				"up": { "uv": [ 0, 0, 16, 16 ], "texture": "#texture" },
				"north": { "uv": [ 0, 0, 16, 16 ], "texture": "#texture" },
				"south": { "uv": [ 0, 0, 16, 16 ], "texture": "#texture" },
				"west": { "uv": [ 0, 0, 16, 16 ], "texture": "#texture" },
				"east": { "uv": [ 0, 0, 16, 16 ], "texture": "#texture" }
			}
		},
		{
			"__comment": "Voxel-808080",
			"from": [ 10, 2, 5 ],
			"to": [ 11, 3, 6 ],
			"faces": {
				"down": { "uv": [ 0, 0, 16, 16 ], "texture": "#texture2" },
				"up": { "uv": [ 0, 0, 16, 16 ], "texture": "#texture2" },
				"north": { "uv": [ 0, 0, 16, 16 ], "texture": "#texture2" },
				"south": { "uv": [ 0, 0, 16, 16 ], "texture": "#texture2" },
				"west": { "uv": [ 0, 0, 16, 16 ], "texture": "#texture2" },
				"east": { "uv": [ 0, 0, 16, 16 ], "texture": "#texture2" }
			}
		},
		{
			"__comment": "Voxel-808080",
			"from": [ 10, 2, 10 ],
			"to": [ 11, 3, 11 ],
			"faces": {
				"down": { "uv": [ 0, 0, 16, 16 ], "texture": "#texture2" },
				"up": { "uv": [ 0, 0, 16, 16 ], "texture": "#texture2" },
				"north": { "uv": [ 0, 0, 16, 16 ], "texture": "#texture2" },
				"south": { "uv": [ 0, 0, 16, 16 ], "texture": "#texture2" },
				"west": { "uv": [ 0, 0, 16, 16 ], "texture": "#texture2" },
				"east": { "uv": [ 0, 0, 16, 16 ], "texture": "#texture2" }
			}
		},
		{
			"__comment": "Voxel-808080",
			"from": [ 10, 2, 11 ],
			"to": [ 11, 3, 12 ],
			"faces": {
				"down": { "uv": [ 0, 0, 16, 16 ], "texture": "#texture" },
				"up": { "uv": [ 0, 0, 16, 16 ], "texture": "#texture" },
				"north": { "uv": [ 0, 0, 16, 16 ], "texture": "#texture" },
				"south": { "uv": [ 0, 0, 16, 16 ], "texture": "#texture" },
				"west": { "uv": [ 0, 0, 16, 16 ], "texture": "#texture" },
				"east": { "uv": [ 0, 0, 16, 16 ], "texture": "#texture" }
			}
		},
		{
			"__comment": "Voxel-808080",
			"from": [ 11, 2, 4 ],
			"to": [ 12, 3, 5 ],
			"faces": {
				"down": { "uv": [ 0, 0, 16, 16 ], "texture": "#texture" },
				"up": { "uv": [ 0, 0, 16, 16 ], "texture": "#texture" },
				"north": { "uv": [ 0, 0, 16, 16 ], "texture": "#texture" },
				"south": { "uv": [ 0, 0, 16, 16 ], "texture": "#texture" },
				"west": { "uv": [ 0, 0, 16, 16 ], "texture": "#texture" },
				"east": { "uv": [ 0, 0, 16, 16 ], "texture": "#texture" }
			}
		},
		{
			"__comment": "Voxel-808080",
			"from": [ 11, 2, 5 ],
			"to": [ 12, 3, 6 ],
			"faces": {
				"down": { "uv": [ 0, 0, 16, 16 ], "texture": "#texture2" },
				"up": { "uv": [ 0, 0, 16, 16 ], "texture": "#texture2" },
				"north": { "uv": [ 0, 0, 16, 16 ], "texture": "#texture2" },
				"south": { "uv": [ 0, 0, 16, 16 ], "texture": "#texture2" },
				"west": { "uv": [ 0, 0, 16, 16 ], "texture": "#texture2" },
				"east": { "uv": [ 0, 0, 16, 16 ], "texture": "#texture2" }
			}
		},
		{
			"__comment": "Voxel-808080",
			"from": [ 11, 2, 6 ],
			"to": [ 12, 3, 7 ],
			"faces": {
				"down": { "uv": [ 0, 0, 16, 16 ], "texture": "#texture" },
				"up": { "uv": [ 0, 0, 16, 16 ], "texture": "#texture" },
				"north": { "uv": [ 0, 0, 16, 16 ], "texture": "#texture" },
				"south": { "uv": [ 0, 0, 16, 16 ], "texture": "#texture" },
				"west": { "uv": [ 0, 0, 16, 16 ], "texture": "#texture" },
				"east": { "uv": [ 0, 0, 16, 16 ], "texture": "#texture" }
			}
		},
		{
			"__comment": "Voxel-808080",
			"from": [ 11, 2, 9 ],
			"to": [ 12, 3, 10 ],
			"faces": {
				"down": { "uv": [ 0, 0, 16, 16 ], "texture": "#texture" },
				"up": { "uv": [ 0, 0, 16, 16 ], "texture": "#texture" },
				"north": { "uv": [ 0, 0, 16, 16 ], "texture": "#texture" },
				"south": { "uv": [ 0, 0, 16, 16 ], "texture": "#texture" },
				"west": { "uv": [ 0, 0, 16, 16 ], "texture": "#texture" },
				"east": { "uv": [ 0, 0, 16, 16 ], "texture": "#texture" }
			}
		},
		{
			"__comment": "Voxel-808080",
			"from": [ 11, 2, 10 ],
			"to": [ 12, 3, 11 ],
			"faces": {
				"down": { "uv": [ 0, 0, 16, 16 ], "texture": "#texture2" },
				"up": { "uv": [ 0, 0, 16, 16 ], "texture": "#texture2" },
				"north": { "uv": [ 0, 0, 16, 16 ], "texture": "#texture2" },
				"south": { "uv": [ 0, 0, 16, 16 ], "texture": "#texture2" },
				"west": { "uv": [ 0, 0, 16, 16 ], "texture": "#texture2" },
				"east": { "uv": [ 0, 0, 16, 16 ], "texture": "#texture2" }
			}
		},
		{
			"__comment": "Voxel-808080",
			"from": [ 11, 2, 11 ],
			"to": [ 12, 3, 12 ],
			"faces": {
				"down": { "uv": [ 0, 0, 16, 16 ], "texture": "#texture" },
				"up": { "uv": [ 0, 0, 16, 16 ], "texture": "#texture" },
				"north": { "uv": [ 0, 0, 16, 16 ], "texture": "#texture" },
				"south": { "uv": [ 0, 0, 16, 16 ], "texture": "#texture" },
				"west": { "uv": [ 0, 0, 16, 16 ], "texture": "#texture" },
				"east": { "uv": [ 0, 0, 16, 16 ], "texture": "#texture" }
			}
		},
		{
			"__comment": "Voxel-808080",
			"from": [ 12, 2, 5 ],
			"to": [ 13, 3, 6 ],
			"faces": {
				"down": { "uv": [ 0, 0, 16, 16 ], "texture": "#texture" },
				"up": { "uv": [ 0, 0, 16, 16 ], "texture": "#texture" },
				"north": { "uv": [ 0, 0, 16, 16 ], "texture": "#texture" },
				"south": { "uv": [ 0, 0, 16, 16 ], "texture": "#texture" },
				"west": { "uv": [ 0, 0, 16, 16 ], "texture": "#texture" },
				"east": { "uv": [ 0, 0, 16, 16 ], "texture": "#texture" }
			}
		},
		{
			"__comment": "Voxel-808080",
			"from": [ 12, 2, 6 ],
			"to": [ 13, 3, 7 ],
			"faces": {
				"down": { "uv": [ 0, 0, 16, 16 ], "texture": "#texture2" },
				"up": { "uv": [ 0, 0, 16, 16 ], "texture": "#texture2" },
				"north": { "uv": [ 0, 0, 16, 16 ], "texture": "#texture2" },
				"south": { "uv": [ 0, 0, 16, 16 ], "texture": "#texture2" },
				"west": { "uv": [ 0, 0, 16, 16 ], "texture": "#texture2" },
				"east": { "uv": [ 0, 0, 16, 16 ], "texture": "#texture2" }
			}
		},
		{
			"__comment": "Voxel-808080",
			"from": [ 12, 2, 7 ],
			"to": [ 13, 3, 8 ],
			"faces": {
				"down": { "uv": [ 0, 0, 16, 16 ], "texture": "#texture2" },
				"up": { "uv": [ 0, 0, 16, 16 ], "texture": "#texture2" },
				"north": { "uv": [ 0, 0, 16, 16 ], "texture": "#texture2" },
				"south": { "uv": [ 0, 0, 16, 16 ], "texture": "#texture2" },
				"west": { "uv": [ 0, 0, 16, 16 ], "texture": "#texture2" },
				"east": { "uv": [ 0, 0, 16, 16 ], "texture": "#texture2" }
			}
		},
		{
			"__comment": "Voxel-808080",
			"from": [ 12, 2, 8 ],
			"to": [ 13, 3, 9 ],
			"faces": {
				"down": { "uv": [ 0, 0, 16, 16 ], "texture": "#texture2" },
				"up": { "uv": [ 0, 0, 16, 16 ], "texture": "#texture2" },
				"north": { "uv": [ 0, 0, 16, 16 ], "texture": "#texture2" },
				"south": { "uv": [ 0, 0, 16, 16 ], "texture": "#texture2" },
				"west": { "uv": [ 0, 0, 16, 16 ], "texture": "#texture2" },
				"east": { "uv": [ 0, 0, 16, 16 ], "texture": "#texture2" }
			}
		},
		{
			"__comment": "Voxel-808080",
			"from": [ 12, 2, 9 ],
			"to": [ 13, 3, 10 ],
			"faces": {
				"down": { "uv": [ 0, 0, 16, 16 ], "texture": "#texture2" },
				"up": { "uv": [ 0, 0, 16, 16 ], "texture": "#texture2" },
				"north": { "uv": [ 0, 0, 16, 16 ], "texture": "#texture2" },
				"south": { "uv": [ 0, 0, 16, 16 ], "texture": "#texture2" },
				"west": { "uv": [ 0, 0, 16, 16 ], "texture": "#texture2" },
				"east": { "uv": [ 0, 0, 16, 16 ], "texture": "#texture2" }
			}
		},
		{
			"__comment": "Voxel-808080",
			"from": [ 12, 2, 10 ],
			"to": [ 13, 3, 11 ],
			"faces": {
				"down": { "uv": [ 0, 0, 16, 16 ], "texture": "#texture" },
				"up": { "uv": [ 0, 0, 16, 16 ], "texture": "#texture" },
				"north": { "uv": [ 0, 0, 16, 16 ], "texture": "#texture" },
				"south": { "uv": [ 0, 0, 16, 16 ], "texture": "#texture" },
				"west": { "uv": [ 0, 0, 16, 16 ], "texture": "#texture" },
				"east": { "uv": [ 0, 0, 16, 16 ], "texture": "#texture" }
			}
		},
		{
			"__comment": "Voxel-808080",
			"from": [ 13, 2, 6 ],
			"to": [ 14, 3, 7 ],
			"faces": {
				"down": { "uv": [ 0, 0, 16, 16 ], "texture": "#texture" },
				"up": { "uv": [ 0, 0, 16, 16 ], "texture": "#texture" },
				"north": { "uv": [ 0, 0, 16, 16 ], "texture": "#texture" },
				"south": { "uv": [ 0, 0, 16, 16 ], "texture": "#texture" },
				"west": { "uv": [ 0, 0, 16, 16 ], "texture": "#texture" },
				"east": { "uv": [ 0, 0, 16, 16 ], "texture": "#texture" }
			}
		},
		{
			"__comment": "Voxel-808080",
			"from": [ 13, 2, 7 ],
			"to": [ 14, 3, 8 ],
			"faces": {
				"down": { "uv": [ 0, 0, 16, 16 ], "texture": "#texture" },
				"up": { "uv": [ 0, 0, 16, 16 ], "texture": "#texture" },
				"north": { "uv": [ 0, 0, 16, 16 ], "texture": "#texture" },
				"south": { "uv": [ 0, 0, 16, 16 ], "texture": "#texture" },
				"west": { "uv": [ 0, 0, 16, 16 ], "texture": "#texture" },
				"east": { "uv": [ 0, 0, 16, 16 ], "texture": "#texture" }
			}
		},
		{
			"__comment": "Voxel-808080",
			"from": [ 13, 2, 8 ],
			"to": [ 14, 3, 9 ],
			"faces": {
				"down": { "uv": [ 0, 0, 16, 16 ], "texture": "#texture" },
				"up": { "uv": [ 0, 0, 16, 16 ], "texture": "#texture" },
				"north": { "uv": [ 0, 0, 16, 16 ], "texture": "#texture" },
				"south": { "uv": [ 0, 0, 16, 16 ], "texture": "#texture" },
				"west": { "uv": [ 0, 0, 16, 16 ], "texture": "#texture" },
				"east": { "uv": [ 0, 0, 16, 16 ], "texture": "#texture" }
			}
		},
		{
			"__comment": "Voxel-808080",
			"from": [ 13, 2, 9 ],
			"to": [ 14, 3, 10 ],
			"faces": {
				"down": { "uv": [ 0, 0, 16, 16 ], "texture": "#texture" },
				"up": { "uv": [ 0, 0, 16, 16 ], "texture": "#texture" },
				"north": { "uv": [ 0, 0, 16, 16 ], "texture": "#texture" },
				"south": { "uv": [ 0, 0, 16, 16 ], "texture": "#texture" },
				"west": { "uv": [ 0, 0, 16, 16 ], "texture": "#texture" },
				"east": { "uv": [ 0, 0, 16, 16 ], "texture": "#texture" }
			}
		},
		{
			"__comment": "Cube93",
			"from": [ 14.5, 5.75, 6 ],
			"to": [ 15.5, 8.75, 10 ],
			"faces": {
				"down": { "uv": [ 14.5, 6, 15.5, 10 ], "texture": "#texture" },
				"up": { "uv": [ 14.5, 6, 15.5, 10 ], "texture": "#texture" },
				"north": { "uv": [ 0.5, 7.25, 1.5, 10.25 ], "texture": "#texture" },
				"south": { "uv": [ 14.5, 7.25, 15.5, 10.25 ], "texture": "#texture" },
				"west": { "uv": [ 6, 7.25, 10, 10.25 ], "texture": "#texture" },
				"east": { "uv": [ 6, 7.25, 10, 10.25 ], "texture": "#texture" }
			}
		},
		{
			"__comment": "Cube93",
			"from": [ 8, 5.75, 12.25 ],
			"to": [ 12, 8.75, 13.25 ],
			"faces": {
				"down": { "uv": [ 4.5, 6, 5.5, 10 ], "texture": "#texture" },
				"up": { "uv": [ 4.5, 6, 5.5, 10 ], "texture": "#texture" },
				"north": { "uv": [ 10.5, 8.25, 11.5, 10.25 ], "texture": "#texture" },
				"south": { "uv": [ 4.5, 8.25, 5.5, 10.25 ], "texture": "#texture" },
				"west": { "uv": [ 6, 8.25, 10, 10.25 ], "texture": "#texture" },
				"east": { "uv": [ 6, 8.25, 10, 10.25 ], "texture": "#texture" }
			}
		},
		{
			"__comment": "Cube93",
			"from": [ 4.625, 5.75, 5.75 ],
			"to": [ 5.625, 8.75, 6.75 ],
			"faces": {
				"down": { "uv": [ 4.625, 9.25, 5.625, 10.25 ], "texture": "#texture" },
				"up": { "uv": [ 4.625, 5.75, 5.625, 6.75 ], "texture": "#texture" },
				"north": { "uv": [ 10.375, 7.25, 11.375, 10.25 ], "texture": "#texture" },
				"south": { "uv": [ 4.625, 7.25, 5.625, 10.25 ], "texture": "#texture" },
				"west": { "uv": [ 5.75, 7.25, 6.75, 10.25 ], "texture": "#texture" },
				"east": { "uv": [ 9.25, 7.25, 10.25, 10.25 ], "texture": "#texture" }
			}
		},
		{
			"__comment": "Cube93",
			"from": [ 8, 5.75, 2.75 ],
			"to": [ 12, 8.75, 3.75 ],
			"faces": {
				"down": { "uv": [ 4.5, 6, 5.5, 10 ], "texture": "#texture" },
				"up": { "uv": [ 4.5, 6, 5.5, 10 ], "texture": "#texture" },
				"north": { "uv": [ 10.5, 8.25, 11.5, 10.25 ], "texture": "#texture" },
				"south": { "uv": [ 4.5, 8.25, 5.5, 10.25 ], "texture": "#texture" },
				"west": { "uv": [ 6, 8.25, 10, 10.25 ], "texture": "#texture" },
				"east": { "uv": [ 6, 8.25, 10, 10.25 ], "texture": "#texture" }
			}
		},
		{
			"__comment": "Cube46",
			"from": [ 5, 3, 9.875 ],
			"to": [ 7, 6, 13.875 ],
			"rotation": { "origin": [ 5, 3, 9.875 ], "axis": "y", "angle": 45 },
			"faces": {
				"down": { "uv": [ 7, 5, 8, 6 ], "texture": "#texture" },
				"up": { "uv": [ 7, 10, 8, 11 ], "texture": "#texture" },
				"north": { "uv": [ 8, 11, 9, 13 ], "texture": "#texture" },
				"south": { "uv": [ 7, 11, 8, 13 ], "texture": "#texture" },
				"west": { "uv": [ 10, 11, 11, 13 ], "texture": "#texture" },
				"east": { "uv": [ 5, 11, 6, 13 ], "texture": "#texture" }
			}
		},
		{
			"__comment": "Cube46",
			"from": [ 4.625, 5.75, 9.75 ],
			"to": [ 5.625, 8.75, 14.75 ],
			"rotation": { "origin": [ 4.625, 5.75, 9.75 ], "axis": "y", "angle": 45 },
			"faces": {
				"down": { "uv": [ 7, 5, 8, 6 ], "texture": "#texture" },
				"up": { "uv": [ 7, 10, 8, 11 ], "texture": "#texture" },
				"north": { "uv": [ 8, 11, 9, 13 ], "texture": "#texture" },
				"south": { "uv": [ 7, 11, 8, 13 ], "texture": "#texture" },
				"west": { "uv": [ 10, 11, 11, 13 ], "texture": "#texture" },
				"east": { "uv": [ 5, 11, 6, 13 ], "texture": "#texture" }
			}
		},
		{
			"__comment": "Cube93",
			"from": [ 4.625, 5.75, 9 ],
			"to": [ 5.625, 8.75, 10 ],
			"faces": {
				"down": { "uv": [ 4.625, 6, 5.625, 7 ], "texture": "#texture" },
				"up": { "uv": [ 4.625, 9, 5.625, 10 ], "texture": "#texture" },
				"north": { "uv": [ 10.375, 7.25, 11.375, 10.25 ], "texture": "#texture" },
				"south": { "uv": [ 4.625, 7.25, 5.625, 10.25 ], "texture": "#texture" },
				"west": { "uv": [ 9, 7.25, 10, 10.25 ], "texture": "#texture" },
				"east": { "uv": [ 6, 7.25, 7, 10.25 ], "texture": "#texture" }
			}
		},
		{
			"__comment": "Cube43",
			"from": [ 6.125, 2.625, 7 ],
			"to": [ 7.125, 4.625, 9 ],
			"rotation": { "origin": [ 6.125, 2.625, 7 ], "axis": "z", "angle": 22.5 },
			"faces": {
				"down": { "uv": [ 6, 6, 7, 10 ], "texture": "#texture" },
				"up": { "uv": [ 6, 6, 7, 10 ], "texture": "#texture" },
				"north": { "uv": [ 9, 10, 10, 13 ], "texture": "#texture" },
				"south": { "uv": [ 6, 10, 7, 13 ], "texture": "#texture" },
				"west": { "uv": [ 6, 10, 10, 13 ], "texture": "#texture" },
				"east": { "uv": [ 6, 10, 10, 13 ], "texture": "#texture" }
			}
		},
		{
			"__comment": "Cube43",
			"from": [ 6, 2.625, 6 ],
			"to": [ 7, 6.125, 7 ],
			"rotation": { "origin": [ 6, 2.625, 6 ], "axis": "z", "angle": 22.5 },
			"faces": {
				"down": { "uv": [ 6, 6, 7, 10 ], "texture": "#texture" },
				"up": { "uv": [ 6, 6, 7, 10 ], "texture": "#texture" },
				"north": { "uv": [ 9, 10, 10, 13 ], "texture": "#texture" },
				"south": { "uv": [ 6, 10, 7, 13 ], "texture": "#texture" },
				"west": { "uv": [ 6, 10, 10, 13 ], "texture": "#texture" },
				"east": { "uv": [ 6, 10, 10, 13 ], "texture": "#texture" }
			}
		},
		{
			"__comment": "Cube46",
			"from": [ 11.25, 5.75, 3.375 ],
			"to": [ 12.25, 8.75, 8.375 ],
			"rotation": { "origin": [ 11.25, 5.75, 3.375 ], "axis": "y", "angle": 45 },
			"faces": {
				"down": { "uv": [ 7, 5, 8, 6 ], "texture": "#texture" },
				"up": { "uv": [ 7, 10, 8, 11 ], "texture": "#texture" },
				"north": { "uv": [ 8, 11, 9, 13 ], "texture": "#texture" },
				"south": { "uv": [ 7, 11, 8, 13 ], "texture": "#texture" },
				"west": { "uv": [ 10, 11, 11, 13 ], "texture": "#texture" },
				"east": { "uv": [ 5, 11, 6, 13 ], "texture": "#texture" }
			}
		},
		{
			"__comment": "Cube46",
			"from": [ 14.75, 5.75, 9.125 ],
			"to": [ 15.75, 8.75, 14.125 ],
			"rotation": { "origin": [ 14.75, 5.75, 9.125 ], "axis": "y", "angle": -45 },
			"faces": {
				"down": { "uv": [ 7, 5, 8, 6 ], "texture": "#texture" },
				"up": { "uv": [ 7, 10, 8, 11 ], "texture": "#texture" },
				"north": { "uv": [ 8, 11, 9, 13 ], "texture": "#texture" },
				"south": { "uv": [ 7, 11, 8, 13 ], "texture": "#texture" },
				"west": { "uv": [ 10, 11, 11, 13 ], "texture": "#texture" },
				"east": { "uv": [ 5, 11, 6, 13 ], "texture": "#texture" }
			}
		},
		{
			"__comment": "Cube104",
			"from": [ 9.625, 4.125, 12 ],
			"to": [ 10.625, 5.125, 15 ],
			"rotation": { "origin": [ 9.625, 4.125, 12 ], "axis": "x", "angle": -22.5 },
			"faces": {
				"down": { "uv": [ 9.625, 1, 10.625, 3 ], "texture": "#texture" },
				"up": { "uv": [ 9.625, 13, 10.625, 15 ], "texture": "#texture" },
				"north": { "uv": [ 5.375, 7.75, 6.375, 8.75 ], "texture": "#texture" },
				"south": { "uv": [ 9.625, 7.75, 10.625, 8.75 ], "texture": "#texture" },
				"west": { "uv": [ 13, 7.75, 15, 8.75 ], "texture": "#texture1" },
				"east": { "uv": [ 1, 7.75, 3, 8.75 ], "texture": "#texture1" }
			}
		},
		{
			"__comment": "Cube104",
			"from": [ 9.625, 7.875, 14.5 ],
			"to": [ 10.625, 8.875, 16.5 ],
			"rotation": { "origin": [ 9.625, 7.875, 14.5 ], "axis": "x", "angle": 22.5 },
			"faces": {
				"down": { "uv": [ 9.625, 1, 10.625, 3 ], "texture": "#texture", "cullface": "south" },
				"up": { "uv": [ 9.625, 13, 10.625, 15 ], "texture": "#texture", "cullface": "south" },
				"north": { "uv": [ 5.375, 7.75, 6.375, 8.75 ], "texture": "#texture", "cullface": "south" },
				"south": { "uv": [ 9.625, 7.75, 10.625, 8.75 ], "texture": "#texture", "cullface": "south" },
				"west": { "uv": [ 13, 7.75, 15, 8.75 ], "texture": "#texture1", "cullface": "south" },
				"east": { "uv": [ 1, 7.75, 3, 8.75 ], "texture": "#texture1", "cullface": "south" }
			}
		},
		{
			"__comment": "Cube104",
			"from": [ 9.625, 7.25, 13 ],
			"to": [ 10.625, 8.25, 15 ],
			"rotation": { "origin": [ 9.625, 7.25, 13 ], "axis": "x", "angle": -22.5 },
			"faces": {
				"down": { "uv": [ 9.625, 1, 10.625, 3 ], "texture": "#texture" },
				"up": { "uv": [ 9.625, 13, 10.625, 15 ], "texture": "#texture" },
				"north": { "uv": [ 5.375, 7.75, 6.375, 8.75 ], "texture": "#texture" },
				"south": { "uv": [ 9.625, 7.75, 10.625, 8.75 ], "texture": "#texture" },
				"west": { "uv": [ 13, 7.75, 15, 8.75 ], "texture": "#texture1" },
				"east": { "uv": [ 1, 7.75, 3, 8.75 ], "texture": "#texture1" }
			}
		},
		{
			"__comment": "Cube104",
			"from": [ 9.625, 5.125, 13.875 ],
			"to": [ 10.625, 6.125, 15.875 ],
			"faces": {
				"down": { "uv": [ 9.625, 1, 10.625, 3 ], "texture": "#texture" },
				"up": { "uv": [ 9.625, 13, 10.625, 15 ], "texture": "#texture" },
				"north": { "uv": [ 5.375, 7.75, 6.375, 8.75 ], "texture": "#texture" },
				"south": { "uv": [ 9.625, 7.75, 10.625, 8.75 ], "texture": "#texture" },
				"west": { "uv": [ 13, 7.75, 15, 8.75 ], "texture": "#texture1" },
				"east": { "uv": [ 1, 7.75, 3, 8.75 ], "texture": "#texture1" }
			}
		},
		{
			"__comment": "Cube104",
			"from": [ 9.625, 5.5, 15 ],
			"to": [ 10.625, 8, 16 ],
			"rotation": { "origin": [ 9.625, 5.5, 15 ], "axis": "x", "angle": 22.5 },
			"faces": {
				"down": { "uv": [ 9.625, 1, 10.625, 3 ], "texture": "#texture", "cullface": "south" },
				"up": { "uv": [ 9.625, 13, 10.625, 15 ], "texture": "#texture", "cullface": "south" },
				"north": { "uv": [ 5.375, 7.75, 6.375, 8.75 ], "texture": "#texture", "cullface": "south" },
				"south": { "uv": [ 9.625, 7.75, 10.625, 8.75 ], "texture": "#texture", "cullface": "south" },
				"west": { "uv": [ 13, 7.75, 15, 8.75 ], "texture": "#texture1", "cullface": "south" },
				"east": { "uv": [ 1, 7.75, 3, 8.75 ], "texture": "#texture1", "cullface": "south" }
			}
		},
		{
			"__comment": "Cube104",
			"from": [ 9.625, 7.875, 14 ],
			"to": [ 10.625, 8.875, 15 ],
			"faces": {
				"down": { "uv": [ 9.625, 1, 10.625, 3 ], "texture": "#texture" },
				"up": { "uv": [ 9.625, 13, 10.625, 15 ], "texture": "#texture" },
				"north": { "uv": [ 5.375, 7.75, 6.375, 8.75 ], "texture": "#texture" },
				"south": { "uv": [ 9.625, 7.75, 10.625, 8.75 ], "texture": "#texture" },
				"west": { "uv": [ 13, 7.75, 15, 8.75 ], "texture": "#texture1" },
				"east": { "uv": [ 1, 7.75, 3, 8.75 ], "texture": "#texture1" }
			}
		},
		{
			"__comment": "Cube110",
			"from": [ 9.625, 4, 12 ],
			"to": [ 10.625, 5, 13 ],
			"faces": {
				"down": { "uv": [ 9.625, 3, 10.625, 4 ], "texture": "#texture" },
				"up": { "uv": [ 9.625, 12, 10.625, 13 ], "texture": "#texture" },
				"north": { "uv": [ 5.375, 11, 6.375, 12 ], "texture": "#texture" },
				"south": { "uv": [ 9.625, 11, 10.625, 12 ], "texture": "#texture" },
				"west": { "uv": [ 12, 11, 13, 12 ], "texture": "#texture1" },
				"east": { "uv": [ 3, 11, 4, 12 ], "texture": "#texture1" }
			}
		},
		{
			"__comment": "Cube73",
			"from": [ 15, 0.5, 4 ],
			"to": [ 18, 1.2, 12 ],
			"faces": {
				"down": { "uv": [ 0, 4, 3, 12 ], "texture": "#texture", "cullface": "east" },
				"up": { "uv": [ 0, 4, 3, 12 ], "texture": "#texture", "cullface": "east" },
				"north": { "uv": [ 13, 14.8, 16, 15.5 ], "texture": "#texture", "cullface": "east" },
				"south": { "uv": [ 0, 14.8, 3, 15.5 ], "texture": "#texture", "cullface": "east" },
				"west": { "uv": [ 4, 14.8, 12, 15.5 ], "texture": "#texture", "cullface": "east" },
				"east": { "uv": [ 4, 14.8, 12, 15.5 ], "texture": "#texture", "cullface": "east" }
			}
		},
		{
			"__comment": "Cube73",
			"from": [ 4, 0.5, 11 ],
			"to": [ 7, 1.2, 14 ],
			"faces": {
				"down": { "uv": [ 3, 1, 6, 4 ], "texture": "#texture" },
				"up": { "uv": [ 3, 12, 6, 15 ], "texture": "#texture" },
				"north": { "uv": [ 10, 14.8, 13, 15.5 ], "texture": "#texture" },
				"south": { "uv": [ 3, 14.8, 6, 15.5 ], "texture": "#texture" },
				"west": { "uv": [ 12, 14.8, 15, 15.5 ], "texture": "#texture" },
				"east": { "uv": [ 1, 14.8, 4, 15.5 ], "texture": "#texture" }
			}
		},
		{
			"__comment": "Cube73",
			"from": [ 6, 0.5, 13 ],
			"to": [ 14, 1.2, 16 ],
			"faces": {
				"down": { "uv": [ 6, 0, 14, 2 ], "texture": "#texture", "cullface": "south" },
				"up": { "uv": [ 6, 14, 14, 16 ], "texture": "#texture", "cullface": "south" },
				"north": { "uv": [ 2, 14.8, 10, 15.5 ], "texture": "#texture", "cullface": "south" },
				"south": { "uv": [ 6, 14.8, 14, 15.5 ], "texture": "#texture", "cullface": "south" },
				"west": { "uv": [ 14, 14.8, 16, 15.5 ], "texture": "#texture", "cullface": "south" },
				"east": { "uv": [ 0, 14.8, 2, 15.5 ], "texture": "#texture", "cullface": "south" }
			}
		},
		{
			"__comment": "Cube73",
			"from": [ 6, 0.5, 0 ],
			"to": [ 14, 1.2, 3 ],
			"faces": {
				"down": { "uv": [ 6, 14, 14, 16 ], "texture": "#texture", "cullface": "north" },
				"up": { "uv": [ 6, 0, 14, 2 ], "texture": "#texture", "cullface": "north" },
				"north": { "uv": [ 2, 14.8, 10, 15.5 ], "texture": "#texture", "cullface": "north" },
				"south": { "uv": [ 6, 14.8, 14, 15.5 ], "texture": "#texture", "cullface": "north" },
				"west": { "uv": [ 0, 14.8, 2, 15.5 ], "texture": "#texture", "cullface": "north" },
				"east": { "uv": [ 14, 14.8, 16, 15.5 ], "texture": "#texture", "cullface": "north" }
			}
		},
		{
			"__comment": "Cube73",
			"from": [ 4, 0.5, 2 ],
			"to": [ 7, 1.2, 5 ],
			"faces": {
				"down": { "uv": [ 3, 12, 6, 15 ], "texture": "#texture" },
				"up": { "uv": [ 3, 1, 6, 4 ], "texture": "#texture" },
				"north": { "uv": [ 10, 14.8, 13, 15.5 ], "texture": "#texture" },
				"south": { "uv": [ 3, 14.8, 6, 15.5 ], "texture": "#texture" },
				"west": { "uv": [ 1, 14.8, 4, 15.5 ], "texture": "#texture" },
				"east": { "uv": [ 12, 14.8, 15, 15.5 ], "texture": "#texture" }
			}
		},
		{
			"__comment": "Cube73",
			"from": [ 2, 0.5, 4 ],
			"to": [ 5, 1.2, 12 ],
			"faces": {
				"down": { "uv": [ 1, 4, 4, 12 ], "texture": "#texture" },
				"up": { "uv": [ 1, 4, 4, 12 ], "texture": "#texture" },
				"north": { "uv": [ 12, 14.8, 15, 15.5 ], "texture": "#texture" },
				"south": { "uv": [ 1, 14.8, 4, 15.5 ], "texture": "#texture" },
				"west": { "uv": [ 4, 14.8, 12, 15.5 ], "texture": "#texture" },
				"east": { "uv": [ 4, 14.8, 12, 15.5 ], "texture": "#texture" }
			}
		},
		{
			"__comment": "Cube73",
			"from": [ 12.5, 0.5, 2 ],
			"to": [ 15.5, 1.2, 5 ],
			"faces": {
				"down": { "uv": [ 14, 12, 16, 15 ], "texture": "#texture", "cullface": "east" },
				"up": { "uv": [ 14, 1, 16, 4 ], "texture": "#texture", "cullface": "east" },
				"north": { "uv": [ 0, 14.8, 2, 15.5 ], "texture": "#texture", "cullface": "east" },
				"south": { "uv": [ 14, 14.8, 16, 15.5 ], "texture": "#texture", "cullface": "east" },
				"west": { "uv": [ 1, 14.8, 4, 15.5 ], "texture": "#texture", "cullface": "east" },
				"east": { "uv": [ 12, 14.8, 15, 15.5 ], "texture": "#texture", "cullface": "east" }
			}
		},
		{
			"__comment": "Cube73",
			"from": [ 13, 0.5, 11 ],
			"to": [ 16, 1.2, 14 ],
			"faces": {
				"down": { "uv": [ 14, 1, 16, 4 ], "texture": "#texture", "cullface": "east" },
				"up": { "uv": [ 14, 12, 16, 15 ], "texture": "#texture", "cullface": "east" },
				"north": { "uv": [ 0, 14.8, 2, 15.5 ], "texture": "#texture", "cullface": "east" },
				"south": { "uv": [ 14, 14.8, 16, 15.5 ], "texture": "#texture", "cullface": "east" },
				"west": { "uv": [ 12, 14.8, 15, 15.5 ], "texture": "#texture", "cullface": "east" },
				"east": { "uv": [ 1, 14.8, 4, 15.5 ], "texture": "#texture", "cullface": "east" }
			}
		},
		{
			"__comment": "Cube83",
			"from": [ 15.5, 0.5, 2 ],
			"to": [ 18.5, 1.2, 4 ],
			"rotation": { "origin": [ 15.5, 0.5, 2 ], "axis": "y", "angle": -45 },
			"faces": {
				"down": { "uv": [ 1, 14, 9, 15 ], "texture": "#texture", "cullface": "east" },
				"up": { "uv": [ 1, 1, 9, 2 ], "texture": "#texture", "cullface": "east" },
				"north": { "uv": [ 7, 15, 15, 16 ], "texture": "#texture", "cullface": "east" },
				"south": { "uv": [ 1, 15, 9, 16 ], "texture": "#texture", "cullface": "east" },
				"west": { "uv": [ 1, 15, 2, 16 ], "texture": "#texture", "cullface": "east" },
				"east": { "uv": [ 14, 15, 15, 16 ], "texture": "#texture", "cullface": "east" }
			}
		},
		{
			"__comment": "Cube83",
			"from": [ 2, 0.5, 4 ],
			"to": [ 5, 1.2, 6 ],
			"rotation": { "origin": [ 2, 0.5, 4 ], "axis": "y", "angle": 45 },
			"shade": false,
			"faces": {
				"down": { "uv": [ 1, 14, 9, 15 ], "texture": "#texture" },
				"up": { "uv": [ 1, 1, 9, 2 ], "texture": "#texture" },
				"north": { "uv": [ 7, 15, 15, 16 ], "texture": "#texture" },
				"south": { "uv": [ 1, 15, 9, 16 ], "texture": "#texture" },
				"west": { "uv": [ 1, 15, 2, 16 ], "texture": "#texture" },
				"east": { "uv": [ 14, 15, 15, 16 ], "texture": "#texture" }
			}
		},
		{
			"__comment": "Cube83",
			"from": [ 16.5, 0.5, 10.5 ],
			"to": [ 18.5, 1.2, 13.5 ],
			"rotation": { "origin": [ 16.5, 0.5, 10.5 ], "axis": "y", "angle": -45 },
			"faces": {
				"down": { "uv": [ 1, 14, 9, 15 ], "texture": "#texture", "cullface": "east" },
				"up": { "uv": [ 1, 1, 9, 2 ], "texture": "#texture", "cullface": "east" },
				"north": { "uv": [ 7, 15, 15, 16 ], "texture": "#texture", "cullface": "east" },
				"south": { "uv": [ 1, 15, 9, 16 ], "texture": "#texture", "cullface": "east" },
				"west": { "uv": [ 1, 15, 2, 16 ], "texture": "#texture", "cullface": "east" },
				"east": { "uv": [ 14, 15, 15, 16 ], "texture": "#texture", "cullface": "east" }
			}
		},
		{
			"__comment": "Cube83",
			"from": [ 5.5, 0.5, 12.5 ],
			"to": [ 8.5, 1.2, 14.5 ],
			"rotation": { "origin": [ 5.5, 0.5, 12.5 ], "axis": "y", "angle": -45 },
			"faces": {
				"down": { "uv": [ 1, 14, 9, 15 ], "texture": "#texture", "cullface": "south" },
				"up": { "uv": [ 1, 1, 9, 2 ], "texture": "#texture", "cullface": "south" },
				"north": { "uv": [ 7, 15, 15, 16 ], "texture": "#texture", "cullface": "south" },
				"south": { "uv": [ 1, 15, 9, 16 ], "texture": "#texture", "cullface": "south" },
				"west": { "uv": [ 1, 15, 2, 16 ], "texture": "#texture", "cullface": "south" },
				"east": { "uv": [ 14, 15, 15, 16 ], "texture": "#texture", "cullface": "south" }
			}
		},
		{
			"__comment": "Cube83",
			"from": [ 12.5, 0.5, 14.5 ],
			"to": [ 15.5, 1.2, 16.5 ],
			"rotation": { "origin": [ 12.5, 0.5, 14.5 ], "axis": "y", "angle": 45 },
			"faces": {
				"down": { "uv": [ 1, 14, 9, 15 ], "texture": "#texture", "cullface": "east" },
				"up": { "uv": [ 1, 1, 9, 2 ], "texture": "#texture", "cullface": "east" },
				"north": { "uv": [ 7, 15, 15, 16 ], "texture": "#texture", "cullface": "east" },
				"south": { "uv": [ 1, 15, 9, 16 ], "texture": "#texture", "cullface": "east" },
				"west": { "uv": [ 1, 15, 2, 16 ], "texture": "#texture", "cullface": "east" },
				"east": { "uv": [ 14, 15, 15, 16 ], "texture": "#texture", "cullface": "east" }
			}
		},
		{
			"__comment": "Cube83",
			"from": [ 12.25, 0.5, 1.5 ],
			"to": [ 14.25, 1.2, 4.5 ],
			"rotation": { "origin": [ 12.25, 0.5, 1.5 ], "axis": "y", "angle": 45 },
			"faces": {
				"down": { "uv": [ 1, 14, 9, 15 ], "texture": "#texture", "cullface": "east" },
				"up": { "uv": [ 1, 1, 9, 2 ], "texture": "#texture", "cullface": "east" },
				"north": { "uv": [ 7, 15, 15, 16 ], "texture": "#texture", "cullface": "east" },
				"south": { "uv": [ 1, 15, 9, 16 ], "texture": "#texture", "cullface": "east" },
				"west": { "uv": [ 1, 15, 2, 16 ], "texture": "#texture", "cullface": "east" },
				"east": { "uv": [ 14, 15, 15, 16 ], "texture": "#texture", "cullface": "east" }
			}
		},
		{
			"__comment": "Cube83",
			"from": [ 6, 0.5, 0 ],
			"to": [ 8, 1.2, 3 ],
			"rotation": { "origin": [ 6, 0.5, 0 ], "axis": "y", "angle": -45 },
			"faces": {
				"down": { "uv": [ 1, 14, 9, 15 ], "texture": "#texture", "cullface": "north" },
				"up": { "uv": [ 1, 1, 9, 2 ], "texture": "#texture", "cullface": "north" },
				"north": { "uv": [ 7, 15, 15, 16 ], "texture": "#texture", "cullface": "north" },
				"south": { "uv": [ 1, 15, 9, 16 ], "texture": "#texture", "cullface": "north" },
				"west": { "uv": [ 1, 15, 2, 16 ], "texture": "#texture", "cullface": "north" },
				"east": { "uv": [ 14, 15, 15, 16 ], "texture": "#texture", "cullface": "north" }
			}
		},
		{
			"__comment": "Cube83",
			"from": [ 2, 0.5, 12 ],
			"to": [ 4, 1.2, 15 ],
			"rotation": { "origin": [ 2, 0.5, 12 ], "axis": "y", "angle": 45 },
			"faces": {
				"down": { "uv": [ 1, 14, 9, 15 ], "texture": "#texture" },
				"up": { "uv": [ 1, 1, 9, 2 ], "texture": "#texture" },
				"north": { "uv": [ 7, 15, 15, 16 ], "texture": "#texture" },
				"south": { "uv": [ 1, 15, 9, 16 ], "texture": "#texture" },
				"west": { "uv": [ 1, 15, 2, 16 ], "texture": "#texture" },
				"east": { "uv": [ 14, 15, 15, 16 ], "texture": "#texture" }
			}
		},
		{
			"__comment": "Cube87",
			"from": [ 11, 8.125, 3.5 ],
			"to": [ 12.5, 8.525, 8.7 ],
			"rotation": { "origin": [ 11, 8.125, 3.5 ], "axis": "y", "angle": 45 },
			"faces": {
				"down": { "uv": [ 8, 12.5, 12, 13.5 ], "texture": "#texture1" },
				"up": { "uv": [ 8, 2.5, 12, 3.5 ], "texture": "#texture1" },
				"north": { "uv": [ 4, 7.475, 8, 7.875 ], "texture": "#texture1" },
				"south": { "uv": [ 8, 7.475, 12, 7.875 ], "texture": "#texture1" },
				"west": { "uv": [ 2.5, 7.475, 3.5, 7.875 ], "texture": "#texture1" },
				"east": { "uv": [ 12.5, 7.475, 13.5, 7.875 ], "texture": "#texture1" }
			}
		},
		{
			"__comment": "Cube87",
			"from": [ 8, 8.125, 12 ],
			"to": [ 12, 8.525, 13.5 ],
			"faces": {
				"down": { "uv": [ 8, 2.5, 12, 4 ], "texture": "#texture1" },
				"up": { "uv": [ 8, 12, 12, 13.5 ], "texture": "#texture1" },
				"north": { "uv": [ 4, 7.475, 8, 7.875 ], "texture": "#texture1" },
				"south": { "uv": [ 8, 7.475, 12, 7.875 ], "texture": "#texture1" },
				"west": { "uv": [ 12, 7.475, 13.5, 7.875 ], "texture": "#texture1" },
				"east": { "uv": [ 2.5, 7.475, 4, 7.875 ], "texture": "#texture1" }
			}
		},
		{
			"__comment": "Cube87",
			"from": [ 4.375, 8.125, 8.875 ],
			"to": [ 5.875, 8.525, 9.875 ],
			"faces": {
				"down": { "uv": [ 4.375, 6.125, 5.875, 7.125 ], "texture": "#texture1" },
				"up": { "uv": [ 4.375, 8.875, 5.875, 9.875 ], "texture": "#texture1" },
				"north": { "uv": [ 10.125, 7.475, 11.625, 7.875 ], "texture": "#texture1" },
				"south": { "uv": [ 4.375, 7.475, 5.875, 7.875 ], "texture": "#texture1" },
				"west": { "uv": [ 8.875, 7.475, 9.875, 7.875 ], "texture": "#texture1" },
				"east": { "uv": [ 6.125, 7.475, 7.125, 7.875 ], "texture": "#texture1" }
			}
		},
		{
			"__comment": "Cube87",
			"from": [ 8, 8.125, 2.5 ],
			"to": [ 12, 8.525, 4 ],
			"faces": {
				"down": { "uv": [ 8, 12, 12, 13.5 ], "texture": "#texture1" },
				"up": { "uv": [ 8, 2.5, 12, 4 ], "texture": "#texture1" },
				"north": { "uv": [ 4, 7.475, 8, 7.875 ], "texture": "#texture1" },
				"south": { "uv": [ 8, 7.475, 12, 7.875 ], "texture": "#texture1" },
				"west": { "uv": [ 2.5, 7.475, 4, 7.875 ], "texture": "#texture1" },
				"east": { "uv": [ 12, 7.475, 13.5, 7.875 ], "texture": "#texture1" }
			}
		},
		{
			"__comment": "Cube87",
			"from": [ 14.25, 8.125, 6 ],
			"to": [ 15.75, 8.525, 10 ],
			"faces": {
				"down": { "uv": [ 14.25, 6, 15.75, 10 ], "texture": "#texture1" },
				"up": { "uv": [ 14.25, 6, 15.75, 10 ], "texture": "#texture1" },
				"north": { "uv": [ 0.25, 7.475, 1.75, 7.875 ], "texture": "#texture1" },
				"south": { "uv": [ 14.25, 7.475, 15.75, 7.875 ], "texture": "#texture1" },
				"west": { "uv": [ 6, 7.475, 10, 7.875 ], "texture": "#texture1" },
				"east": { "uv": [ 6, 7.475, 10, 7.875 ], "texture": "#texture1" }
			}
		},
		{
			"__comment": "Cube87",
			"from": [ 4.375, 8.125, 6 ],
			"to": [ 9.375, 8.525, 7.5 ],
			"rotation": { "origin": [ 4.375, 8.125, 6 ], "axis": "y", "angle": 45 },
			"faces": {
				"down": { "uv": [ 8, 12.5, 12, 13.5 ], "texture": "#texture1" },
				"up": { "uv": [ 8, 2.5, 12, 3.5 ], "texture": "#texture1" },
				"north": { "uv": [ 4, 7.475, 8, 7.875 ], "texture": "#texture1" },
				"south": { "uv": [ 8, 7.475, 12, 7.875 ], "texture": "#texture1" },
				"west": { "uv": [ 2.5, 7.475, 3.5, 7.875 ], "texture": "#texture1" },
				"east": { "uv": [ 12.5, 7.475, 13.5, 7.875 ], "texture": "#texture1" }
			}
		},
		{
			"__comment": "Cube87",
			"from": [ 11, 8.125, 12.5 ],
			"to": [ 16, 8.525, 14 ],
			"rotation": { "origin": [ 11, 8.125, 12.5 ], "axis": "y", "angle": 45 },
			"faces": {
				"down": { "uv": [ 8, 12.5, 12, 13.5 ], "texture": "#texture1" },
				"up": { "uv": [ 8, 2.5, 12, 3.5 ], "texture": "#texture1" },
				"north": { "uv": [ 4, 7.475, 8, 7.875 ], "texture": "#texture1" },
				"south": { "uv": [ 8, 7.475, 12, 7.875 ], "texture": "#texture1" },
				"west": { "uv": [ 2.5, 7.475, 3.5, 7.875 ], "texture": "#texture1" },
				"east": { "uv": [ 12.5, 7.475, 13.5, 7.875 ], "texture": "#texture1" }
			}
		},
		{
			"__comment": "Cube87",
			"from": [ 4.375, 8.125, 9.875 ],
			"to": [ 5.875, 8.525, 14.875 ],
			"rotation": { "origin": [ 4.375, 8.125, 9.875 ], "axis": "y", "angle": 45 },
			"faces": {
				"down": { "uv": [ 8, 12.5, 12, 13.5 ], "texture": "#texture1" },
				"up": { "uv": [ 8, 2.5, 12, 3.5 ], "texture": "#texture1" },
				"north": { "uv": [ 4, 7.475, 8, 7.875 ], "texture": "#texture1" },
				"south": { "uv": [ 8, 7.475, 12, 7.875 ], "texture": "#texture1" },
				"west": { "uv": [ 2.5, 7.475, 3.5, 7.875 ], "texture": "#texture1" },
				"east": { "uv": [ 12.5, 7.475, 13.5, 7.875 ], "texture": "#texture1" }
			}
		},
		{
			"__comment": "Cube87",
			"from": [ 4.375, 8.125, 5.875 ],
			"to": [ 5.875, 8.525, 6.875 ],
			"faces": {
				"down": { "uv": [ 4.375, 9.125, 5.875, 10.125 ], "texture": "#texture1" },
				"up": { "uv": [ 4.375, 5.875, 5.875, 6.875 ], "texture": "#texture1" },
				"north": { "uv": [ 10.125, 7.475, 11.625, 7.875 ], "texture": "#texture1" },
				"south": { "uv": [ 4.375, 7.475, 5.875, 7.875 ], "texture": "#texture1" },
				"west": { "uv": [ 5.875, 7.475, 6.875, 7.875 ], "texture": "#texture1" },
				"east": { "uv": [ 9.125, 7.475, 10.125, 7.875 ], "texture": "#texture1" }
			}
		},
		{
			"__comment": "Cube46",
			"from": [ 13.5, 3, 8.875 ],
			"to": [ 15.5, 6, 12.375 ],
			"rotation": { "origin": [ 13.5, 3, 8.875 ], "axis": "y", "angle": -45 },
			"faces": {
				"down": { "uv": [ 7, 5, 8, 6 ], "texture": "#texture" },
				"up": { "uv": [ 7, 10, 8, 11 ], "texture": "#texture" },
				"north": { "uv": [ 8, 11, 9, 13 ], "texture": "#texture" },
				"south": { "uv": [ 7, 11, 8, 13 ], "texture": "#texture" },
				"west": { "uv": [ 10, 11, 11, 13 ], "texture": "#texture" },
				"east": { "uv": [ 5, 11, 6, 13 ], "texture": "#texture" }
			}
		},
		{
			"__comment": "Cube46",
			"from": [ 12.875, 3, 6.25 ],
			"to": [ 14.375, 6, 9.75 ],
			"faces": {
				"down": { "uv": [ 7, 5, 8, 6 ], "texture": "#texture" },
				"up": { "uv": [ 7, 10, 8, 11 ], "texture": "#texture" },
				"north": { "uv": [ 8, 11, 9, 13 ], "texture": "#texture" },
				"south": { "uv": [ 7, 11, 8, 13 ], "texture": "#texture" },
				"west": { "uv": [ 10, 11, 11, 13 ], "texture": "#texture" },
				"east": { "uv": [ 5, 11, 6, 13 ], "texture": "#texture" }
			}
		},
		{
			"__comment": "Cube46",
			"from": [ 8.375, 3, 3.75 ],
			"to": [ 11.875, 6, 5.25 ],
			"faces": {
				"down": { "uv": [ 7, 5, 8, 6 ], "texture": "#texture" },
				"up": { "uv": [ 7, 10, 8, 11 ], "texture": "#texture" },
				"north": { "uv": [ 8, 11, 9, 13 ], "texture": "#texture" },
				"south": { "uv": [ 7, 11, 8, 13 ], "texture": "#texture" },
				"west": { "uv": [ 10, 11, 11, 13 ], "texture": "#texture" },
				"east": { "uv": [ 5, 11, 6, 13 ], "texture": "#texture" }
			}
		},
		{
			"__comment": "Cube100",
			"from": [ 6.25, 2.125, 6.25 ],
			"to": [ 7.25, 3.125, 9.75 ],
			"faces": {
				"down": { "uv": [ 7.125, 5.075, 12.925, 10.875 ], "texture": "#texture2" },
				"up": { "uv": [ 7.125, 5.125, 12.925, 10.925 ], "texture": "#texture2" },
				"north": { "uv": [ 3.075, 12.875, 8.875, 13.875 ], "texture": "#texture2" },
				"south": { "uv": [ 7.125, 12.875, 12.925, 13.875 ], "texture": "#texture2" },
				"west": { "uv": [ 5.125, 12.875, 10.925, 13.875 ], "texture": "#texture2" },
				"east": { "uv": [ 5.075, 12.875, 10.875, 13.875 ], "texture": "#texture2" }
			}
		},
		{
			"__comment": "Cube101",
			"from": [ 8.5, 6.625, 6.5 ],
			"to": [ 11.5, 7.125, 9.5 ],
			"faces": {
				"down": { "uv": [ 8.5, 6.5, 11.5, 9.5 ], "texture": "#texture4" },
				"up": { "uv": [ 8.5, 6.5, 11.5, 9.5 ], "texture": "#texture4" },
				"north": { "uv": [ 4.5, 8.875, 7.5, 9.875 ], "texture": "#texture4" },
				"south": { "uv": [ 8.5, 8.875, 11.5, 9.875 ], "texture": "#texture4" },
				"west": { "uv": [ 6.5, 8.875, 9.5, 9.875 ], "texture": "#texture4" },
				"east": { "uv": [ 6.5, 8.875, 9.5, 9.875 ], "texture": "#texture4" }
			}
		},
		{
			"__comment": "Cube101",
			"from": [ 9.5, 3, 7.5 ],
			"to": [ 10.5, 7, 8.5 ],
			"faces": {
				"down": { "uv": [ 9.5, 7.5, 10.5, 8.5 ], "texture": "#texture3" },
				"up": { "uv": [ 9.5, 7.5, 10.5, 8.5 ], "texture": "#texture3" },
				"north": { "uv": [ 5.5, 9, 6.5, 13 ], "texture": "#texture3" },
				"south": { "uv": [ 9.5, 9, 10.5, 13 ], "texture": "#texture3" },
				"west": { "uv": [ 7.5, 9, 8.5, 13 ], "texture": "#texture3" },
				"east": { "uv": [ 7.5, 9, 8.5, 13 ], "texture": "#texture3" }
			}
		},
		{
			"__comment": "Cube102",
			"from": [ 14.625, 4.75, 6.125 ],
			"to": [ 15.625, 7.75, 9.625 ],
			"faces": {
				"down": { "uv": [ 9.5, 0, 15.5, 2.5 ], "texture": "#texture5" },
				"up": { "uv": [ 9, 1, 12.5, 2 ], "texture": "#texture5" },
				"north": { "uv": [ 3, 0, 13.5, 2.5 ], "texture": "#texture5", "rotation": 180 },
				"south": { "uv": [ 3, 2.5, 12.5, 1.5 ], "texture": "#texture5" },
				"west": { "uv": [ 2, 7.5, 2, 13 ], "texture": "#texture5" },
				"east": { "uv": [ 3, 2.5, 14, 15 ], "texture": "#texture5", "rotation": 180 }
			}
		},
		{
			"__comment": "Cube103",
			"from": [ 12.25, 5.625, 11.5 ],
			"to": [ 15.25, 7.625, 13 ],
			"rotation": { "origin": [ 12.25, 5.625, 11.5 ], "axis": "y", "angle": 45 },
			"faces": {
				"down": { "uv": [ 12.5, 12, 16, 13 ], "texture": "#texture6" },
				"up": { "uv": [ 12.5, 3, 16, 4 ], "texture": "#texture6" },
				"north": { "uv": [ 0.5, 5, 16, 5.5 ], "texture": "#texture6" },
				"south": { "uv": [ 0.5, 6, 16, 10.5 ], "texture": "#texture6" },
				"west": { "uv": [ 3, 11, 4, 12 ], "texture": "#texture6" },
				"east": { "uv": [ 12, 12.5, 13, 13.5 ], "texture": "#texture6" }
			}
		},
		{
			"__comment": "Cube103",
			"from": [ 6, 4.625, 4.5 ],
			"to": [ 8.5, 6.125, 6.5 ],
			"rotation": { "origin": [ 6, 4.625, 4.5 ], "axis": "y", "angle": 45 },
			"faces": {
				"down": { "uv": [ 12.5, 12, 16, 13 ], "texture": "#texture7" },
				"up": { "uv": [ 12.5, 3, 16, 4 ], "texture": "#texture7" },
				"north": { "uv": [ 2, 3.5, 11.5, 13 ], "texture": "#texture7" },
				"south": { "uv": [ 12, 11, 15.5, 12 ], "texture": "#texture7" },
				"west": { "uv": [ 12.5, 9.5, 13.5, 10.5 ], "texture": "#texture7" },
				"east": { "uv": [ 12, 12.5, 13, 13.5 ], "texture": "#texture7" }
			}
		},
		{
			"__comment": "Cube102",
			"from": [ 8.5, 4.5, 2.625 ],
			"to": [ 12, 7.5, 3.625 ],
			"faces": {
				"down": { "uv": [ 9.5, 0, 15.5, 2.5 ], "texture": "#texture5" },
				"up": { "uv": [ 9, 1, 12.5, 2 ], "texture": "#texture5" },
				"north": { "uv": [ 3, 2.5, 14, 15 ], "texture": "#texture5" },
				"south": { "uv": [ 12.5, 1, 16, 6.5 ], "texture": "#texture5" },
				"west": { "uv": [ 2, 7.5, 3, 13 ], "texture": "#texture5" },
				"east": { "uv": [ 13.5, 5, 14.5, 10.5 ], "texture": "#texture5" }
			}
		},
		{
			"__comment": "Cube103",
			"from": [ 7.25, 4.625, 8.875 ],
			"to": [ 9.75, 7.125, 11.375 ],
			"rotation": { "origin": [ 7.25, 4.625, 8.875 ], "axis": "y", "angle": -45 },
			"faces": {
				"down": { "uv": [ 12.5, 12, 16, 13 ], "texture": "#texture7" },
				"up": { "uv": [ 12.5, 3, 16, 4 ], "texture": "#texture7" },
				"north": { "uv": [ 3, 2, 11.5, 1.5 ], "texture": "#texture7" },
				"south": { "uv": [ 2, 3.5, 11.5, 13 ], "texture": "#texture7" },
				"west": { "uv": [ 12.5, 9.5, 13.5, 10.5 ], "texture": "#texture7" },
				"east": { "uv": [ 12, 12.5, 13, 13.5 ], "texture": "#texture7" }
			}
		},
		{
			"__comment": "Cube103",
			"from": [ 12.75, 5.625, 3.25 ],
			"to": [ 15.75, 7.125, 4.75 ],
			"rotation": { "origin": [ 12.75, 5.625, 3.25 ], "axis": "y", "angle": -45 },
			"faces": {
				"down": { "uv": [ 12.5, 12, 16, 13 ], "texture": "#texture6" },
				"up": { "uv": [ 12.5, 3, 16, 4 ], "texture": "#texture6" },
				"north": { "uv": [ 0.5, 6, 16, 10.5 ], "texture": "#texture6" },
				"south": { "uv": [ 12, 11, 15.5, 12 ], "texture": "#texture6" },
				"west": { "uv": [ 3, 11, 4, 12 ], "texture": "#texture6" },
				"east": { "uv": [ 12, 12.5, 13, 13.5 ], "texture": "#texture6" }
			}
		},
		{
			"__comment": "Cube100",
			"from": [ 7.125, 2.125, 5.125 ],
			"to": [ 12.925, 3.125, 10.925 ],
			"faces": {
				"down": { "uv": [ 7.125, 5.075, 12.925, 10.875 ], "texture": "#texture2" },
				"up": { "uv": [ 7.125, 5.125, 12.925, 10.925 ], "texture": "#texture2" },
				"north": { "uv": [ 3.075, 12.875, 8.875, 13.875 ], "texture": "#texture2" },
				"south": { "uv": [ 7.125, 12.875, 12.925, 13.875 ], "texture": "#texture2" },
				"west": { "uv": [ 5.125, 12.875, 10.925, 13.875 ], "texture": "#texture2" },
				"east": { "uv": [ 5.075, 12.875, 10.875, 13.875 ], "texture": "#texture2" }
			}
		}
	],
	"display": {
		"thirdperson_righthand": {
			"rotation":  [ 75, -59, -3 ],
			"translation":  [ 3.4782, 4.1742, 1.3913 ],
			"scale":  [ 1, 0.9652, 1 ]
		},
		"thirdperson_lefthand": {
			"rotation":  [ 75, -59, -3 ],
			"translation":  [ 3.4782, 1.3915, 1.3913 ],
			"scale":  [ 1, 0.9652, 1 ]
		},
		"gui": {
			"rotation":  [ 0, 90, 0 ],
			"translation":  [ -1.389, 4.8695, 3.4775 ],
			"scale":  [ 1.4, 1.4, 1.4 ]
		},
		"head": {
			"translation":  [ -8, 17, -12.8 ],
			"scale":  [ 4.5, 4.5, 4.5 ]
		}
	}
}
