{
	"credit": "Made with Blockbench, by halofreak894 on 11/10/18",
	"textures": {
		"2": "blocks/coal_block",
		"3": "blocks/wool_colored_gray",
		"4": "blocks/hardened_clay_stained_cyan",
		"5": "blocks/wool_colored_black",
		"6": "blocks/stone_andesite_smooth",
		"7": "blocks/tomorrowland_speedway",
		"8": "blocks/wool_colored_white",
		"10": "blocks/wool_colored_blue",
		"12": "blocks/tlspeednumb"
	},
	"elements": [
		{
			"name": "bottom1",
			"from": [2.98, 1, 14.88],
			"to": [13.02, 4, 19.08],
			"faces": {
				"north": {"uv": [0, 0, 1.03985, 1.2], "texture": "#10"},
				"east": {"uv": [0, 0, 1.03985, 1.2], "texture": "#10"},
				"south": {"uv": [0, 0, 1.03985, 1.2], "texture": "#10"},
				"west": {"uv": [0, 0, 1.03985, 1.2], "texture": "#10"},
				"up": {"uv": [0, 0, 1.03985, 1.2], "texture": "#10"},
				"down": {"uv": [0, 0, 1.03985, 1.2], "texture": "#10"}
			}
		},
		{
			"name": "bottom2",
			"from": [12, 0, 12.3],
			"to": [13, 3, 14.3],
			"rotation": {"angle": -22.5, "axis": "x", "origin": [5, 7, 11]},
			"faces": {
				"north": {"uv": [0, 0, 1.03985, 1.2], "rotation": 180, "texture": "#10"},
				"east": {"uv": [0, 0, 1.03985, 1.2], "rotation": 180, "texture": "#10"},
				"south": {"uv": [0, 0, 1.03985, 1.2], "rotation": 180, "texture": "#10"},
				"west": {"uv": [0, 0, 1.03985, 1.2], "rotation": 180, "texture": "#10"},
				"up": {"uv": [0, 0, 1.03985, 1.2], "rotation": 180, "texture": "#10"},
				"down": {"uv": [0, 0, 1.03985, 1.2], "rotation": 180, "texture": "#10"}
			}
		},
		{
			"name": "bottom3",
			"from": [12, 6.59, 14.289],
			"to": [13.01, 7.59, 15.579],
			"rotation": {"angle": 45, "axis": "x", "origin": [5, 7, 11]},
			"faces": {
				"north": {"uv": [0, 0, 1.03985, 1.2], "texture": "#10"},
				"east": {"uv": [0, 0, 1.03985, 1.2], "texture": "#10"},
				"south": {"uv": [0, 0, 1.03985, 1.2], "texture": "#10"},
				"west": {"uv": [0, 0, 1.03985, 1.2], "texture": "#10"},
				"up": {"uv": [0, 0, 1.03985, 1.2], "texture": "#10"},
				"down": {"uv": [0, 0, 1.03985, 1.2], "texture": "#10"}
			}
		},
		{
			"name": "bottom4",
			"from": [12, 4.09, 11.7],
			"to": [13, 5.09, 13.73],
			"faces": {
				"north": {"uv": [0, 0, 1.03985, 1.2], "texture": "#10"},
				"east": {"uv": [0, 0, 1.03985, 1.2], "texture": "#10"},
				"south": {"uv": [0, 0, 1.03985, 1.2], "texture": "#10"},
				"west": {"uv": [0, 0, 1.03985, 1.2], "texture": "#10"},
				"up": {"uv": [0, 0, 1.03985, 1.2], "texture": "#10"},
				"down": {"uv": [0, 0, 1.03985, 1.2], "texture": "#10"}
			}
		},
		{
			"name": "bottom5",
			"from": [12, 4.15, 8.84],
			"to": [13, 5.15, 10.14],
			"rotation": {"angle": -45, "axis": "x", "origin": [5, 7, 11]},
			"faces": {
				"north": {"uv": [0, 0, 1.03985, 1.2], "texture": "#10"},
				"east": {"uv": [0, 0, 1.03985, 1.2], "texture": "#10"},
				"south": {"uv": [0, 0, 1.03985, 1.2], "texture": "#10"},
				"west": {"uv": [0, 0, 1.03985, 1.2], "texture": "#10"},
				"up": {"uv": [0, 0, 1.03985, 1.2], "texture": "#10"},
				"down": {"uv": [0, 0, 1.03985, 1.2], "texture": "#10"}
			}
		},
		{
			"name": "bottom6",
			"from": [12, 1.3, 11.88],
			"to": [13, 4.3, 12.88],
			"rotation": {"angle": 22.5, "axis": "x", "origin": [5, 7, 11]},
			"faces": {
				"north": {"uv": [0, 0, 1.03985, 1.2], "rotation": 180, "texture": "#10"},
				"east": {"uv": [0, 0, 1.03985, 1.2], "rotation": 180, "texture": "#10"},
				"south": {"uv": [0, 0, 1.03985, 1.2], "rotation": 180, "texture": "#10"},
				"west": {"uv": [0, 0, 1.03985, 1.2], "rotation": 180, "texture": "#10"},
				"up": {"uv": [0, 0, 1.03985, 1.2], "rotation": 180, "texture": "#10"},
				"down": {"uv": [0, 0, 1.03985, 1.2], "rotation": 180, "texture": "#10"}
			}
		},
		{
			"name": "bottom7",
			"from": [12, 1, 4.55],
			"to": [13, 4.5, 10.55],
			"faces": {
				"north": {"uv": [0, 0, 1.03985, 1.2], "texture": "#10"},
				"east": {"uv": [0, 0, 1.03985, 1.2], "texture": "#10"},
				"south": {"uv": [0, 0, 1.03985, 1.2], "texture": "#10"},
				"west": {"uv": [0, 0, 1.03985, 1.2], "texture": "#10"},
				"up": {"uv": [0, 0, 1.03985, 1.2], "texture": "#10"},
				"down": {"uv": [0, 0, 1.03985, 1.2], "texture": "#10"}
			}
		},
		{
			"name": "bottom8",
			"from": [12, 3.95, 2.73],
			"to": [13.01, 6.95, 3.93],
			"rotation": {"angle": -22.5, "axis": "x", "origin": [5, 7, 11]},
			"faces": {
				"north": {"uv": [0, 0, 1.03985, 1.2], "rotation": 180, "texture": "#10"},
				"east": {"uv": [0, 0, 1.03985, 1.2], "rotation": 180, "texture": "#10"},
				"south": {"uv": [0, 0, 1.03985, 1.2], "rotation": 180, "texture": "#10"},
				"west": {"uv": [0, 0, 1.03985, 1.2], "rotation": 180, "texture": "#10"},
				"up": {"uv": [0, 0, 1.03985, 1.2], "rotation": 180, "texture": "#10"},
				"down": {"uv": [0, 0, 1.03985, 1.2], "rotation": 180, "texture": "#10"}
			}
		},
		{
			"name": "bottom9",
			"from": [12, -0.738, 6.97],
			"to": [13, 0.462, 8.36],
			"rotation": {"angle": 45, "axis": "x", "origin": [5, 7, 11]},
			"faces": {
				"north": {"uv": [0, 0, 1.03985, 1.2], "texture": "#10"},
				"east": {"uv": [0, 0, 1.03985, 1.2], "texture": "#10"},
				"south": {"uv": [0, 0, 1.03985, 1.2], "texture": "#10"},
				"west": {"uv": [0, 0, 1.03985, 1.2], "texture": "#10"},
				"up": {"uv": [0, 0, 1.03985, 1.2], "texture": "#10"},
				"down": {"uv": [0, 0, 1.03985, 1.2], "texture": "#10"}
			}
		},
		{
			"name": "bottom10",
			"from": [12, 4.09, 1.35],
			"to": [13, 5.29, 3.48],
			"faces": {
				"north": {"uv": [0, 0, 1.03985, 1.2], "texture": "#10"},
				"east": {"uv": [0, 0, 1.03985, 1.2], "texture": "#10"},
				"south": {"uv": [0, 0, 1.03985, 1.2], "texture": "#10"},
				"west": {"uv": [0, 0, 1.03985, 1.2], "texture": "#10"},
				"up": {"uv": [0, 0, 1.03985, 1.2], "texture": "#10"},
				"down": {"uv": [0, 0, 1.03985, 1.2], "texture": "#10"}
			}
		},
		{
			"name": "bottom11",
			"from": [12, 11.47, 0.53],
			"to": [13, 12.67, 2.93],
			"rotation": {"angle": -45, "axis": "x", "origin": [5, 7, 11]},
			"faces": {
				"north": {"uv": [0, 0, 1.03985, 1.2], "texture": "#10"},
				"east": {"uv": [0, 0, 1.03985, 1.2], "texture": "#10"},
				"south": {"uv": [0, 0, 1.03985, 1.2], "texture": "#10"},
				"west": {"uv": [0, 0, 1.03985, 1.2], "texture": "#10"},
				"up": {"uv": [0, 0, 1.03985, 1.2], "texture": "#10"},
				"down": {"uv": [0, 0, 1.03985, 1.2], "texture": "#10"}
			}
		},
		{
			"name": "bottom12",
			"from": [12, -2.66, 2.12],
			"to": [13, 0.44, 3.32],
			"rotation": {"angle": 22.5, "axis": "x", "origin": [5, 7, 11]},
			"faces": {
				"north": {"uv": [0, 0, 1.03985, 1.2], "rotation": 180, "texture": "#10"},
				"east": {"uv": [0, 0, 1.03985, 1.2], "rotation": 180, "texture": "#10"},
				"south": {"uv": [0, 0, 1.03985, 1.2], "rotation": 180, "texture": "#10"},
				"west": {"uv": [0, 0, 1.03985, 1.2], "rotation": 180, "texture": "#10"},
				"up": {"uv": [0, 0, 1.03985, 1.2], "rotation": 180, "texture": "#10"},
				"down": {"uv": [0, 0, 1.03985, 1.2], "rotation": 180, "texture": "#10"}
			}
		},
		{
			"name": "bottom13",
			"from": [4, 1, -3.999],
			"to": [13, 4, 0.201],
			"faces": {
				"north": {"uv": [0, 0, 1.03985, 1.2], "texture": "#10"},
				"east": {"uv": [0, 0, 1.03985, 1.2], "texture": "#10"},
				"south": {"uv": [0, 0, 1.03985, 1.2], "texture": "#10"},
				"west": {"uv": [0, 0, 1.03985, 1.2], "texture": "#10"},
				"up": {"uv": [0, 0, 1.03985, 1.2], "texture": "#10"},
				"down": {"uv": [0, 0, 1.03985, 1.2], "texture": "#10"}
			}
		},
		{
			"name": "bottom14",
			"from": [12, 0, 1.8],
			"to": [13, 0.5, 2.9],
			"faces": {
				"north": {"uv": [0, 0, 1.1, 0.5], "texture": "#2"},
				"east": {"uv": [0, 0, 1.1, 0.5], "texture": "#2"},
				"south": {"uv": [0, 0, 1.1, 0.5], "texture": "#2"},
				"west": {"uv": [0, 0, 1.1, 0.5], "texture": "#2"},
				"up": {"uv": [0, 0, 1.1, 0.5], "texture": "#2"},
				"down": {"uv": [0, 0, 1.1, 0.5], "texture": "#2"}
			}
		},
		{
			"name": "bottom15",
			"from": [12, -1.33, 9.59],
			"to": [13, 0.17, 10.09],
			"rotation": {"angle": 45, "axis": "x", "origin": [5, 8, 8.1]},
			"faces": {
				"north": {"uv": [0, 0, 1, 1.5], "rotation": 180, "texture": "#2"},
				"east": {"uv": [0, 0, 1.5, 0.5], "rotation": 90, "texture": "#2"},
				"south": {"uv": [0, 0, 1, 1.5], "texture": "#2"},
				"west": {"uv": [0, 0, 1.5, 0.5], "rotation": 270, "texture": "#2"},
				"up": {"uv": [0, 0, 1.03985, 1.2], "texture": "#2"},
				"down": {"uv": [0, 0, 1, 0.5], "rotation": 180, "texture": "#2"}
			}
		},
		{
			"name": "bottom16",
			"from": [12, 1.06, 3.47],
			"to": [13, 2.56, 3.97],
			"faces": {
				"north": {"uv": [0, 0, 1, 1.5], "rotation": 180, "texture": "#2"},
				"east": {"uv": [0, 0, 1.5, 0.5], "rotation": 90, "texture": "#2"},
				"south": {"uv": [0, 0, 1, 1.5], "texture": "#2"},
				"west": {"uv": [0, 0, 1.5, 0.5], "rotation": 270, "texture": "#2"},
				"up": {"uv": [0, 0, 1.03985, 1.2], "texture": "#2"},
				"down": {"uv": [0, 0, 1, 0.5], "rotation": 180, "texture": "#2"}
			}
		},
		{
			"name": "bottom17",
			"from": [12, 7.08, 0.83],
			"to": [13, 8.58, 1.33],
			"rotation": {"angle": -45, "axis": "x", "origin": [5, 8, 8.1]},
			"faces": {
				"north": {"uv": [0, 0, 1, 1.5], "rotation": 180, "texture": "#2"},
				"east": {"uv": [0, 0, 1.5, 0.5], "rotation": 90, "texture": "#2"},
				"south": {"uv": [0, 0, 1, 1.5], "texture": "#2"},
				"west": {"uv": [0, 0, 1.5, 0.5], "rotation": 270, "texture": "#2"},
				"up": {"uv": [0, 0, 1.03985, 1.2], "texture": "#2"},
				"down": {"uv": [0, 0, 1, 0.5], "rotation": 180, "texture": "#2"}
			}
		},
		{
			"name": "bottom18",
			"from": [12, 3.12, 1.8],
			"to": [13, 3.62, 2.9],
			"faces": {
				"north": {"uv": [0, 0, 1, 0.5], "texture": "#2"},
				"east": {"uv": [0, 0, 1.1, 0.5], "texture": "#2"},
				"south": {"uv": [0, 0, 1, 0.5], "texture": "#2"},
				"west": {"uv": [0, 0, 1.1, 0.5], "texture": "#2"},
				"up": {"uv": [0, 0, 1.03985, 1.2], "texture": "#2"},
				"down": {"uv": [0, 0, 1, 1.1], "texture": "#2"}
			}
		},
		{
			"name": "bottom19",
			"from": [11.99, -1.07, 6.74],
			"to": [12.99, 0.43, 7.24],
			"rotation": {"angle": 45, "axis": "x", "origin": [5, 8, 8.1]},
			"faces": {
				"north": {"uv": [0, 0, 1, 1.5], "rotation": 180, "texture": "#2"},
				"east": {"uv": [0, 0, 1.5, 0.5], "rotation": 90, "texture": "#2"},
				"south": {"uv": [0, 0, 1, 1.5], "texture": "#2"},
				"west": {"uv": [0, 0, 1.5, 0.5], "rotation": 270, "texture": "#2"},
				"up": {"uv": [0, 0, 1.03985, 1.2], "texture": "#2"},
				"down": {"uv": [0, 0, 1, 0.5], "rotation": 180, "texture": "#2"}
			}
		},
		{
			"name": "bottom20",
			"from": [11.99, 1.06, 0.75],
			"to": [12.99, 2.56, 1.25],
			"faces": {
				"north": {"uv": [0, 0, 1, 1.5], "rotation": 180, "texture": "#2"},
				"east": {"uv": [0, 0, 1.5, 0.5], "rotation": 90, "texture": "#2"},
				"south": {"uv": [0, 0, 1, 1.5], "texture": "#2"},
				"west": {"uv": [0, 0, 1.5, 0.5], "rotation": 270, "texture": "#2"},
				"up": {"uv": [0, 0, 1.03985, 1.2], "texture": "#2"},
				"down": {"uv": [0, 0, 1, 0.5], "rotation": 180, "texture": "#2"}
			}
		},
		{
			"name": "bottom21",
			"from": [12, 6.8, -2],
			"to": [13, 8.3, -1.5],
			"rotation": {"angle": -45, "axis": "x", "origin": [5, 8, 8.1]},
			"faces": {
				"north": {"uv": [0, 0, 1, 1.5], "rotation": 180, "texture": "#2"},
				"east": {"uv": [0, 0, 1.5, 0.5], "rotation": 90, "texture": "#2"},
				"south": {"uv": [0, 0, 1, 1.5], "texture": "#2"},
				"west": {"uv": [0, 0, 1.5, 0.5], "rotation": 270, "texture": "#2"},
				"up": {"uv": [0, 0, 1.03985, 1.2], "texture": "#2"},
				"down": {"uv": [0, 0, 1, 0.5], "rotation": 180, "texture": "#2"}
			}
		},
		{
			"name": "bottom22",
			"from": [11.5, 0.5, 1.8],
			"to": [12.5, 1, 2.9],
			"faces": {
				"north": {"uv": [0, 0, 1, 0.5], "texture": "#4"},
				"east": {"uv": [0, 0, 1.1, 0.5], "texture": "#4"},
				"south": {"uv": [0, 0, 1, 0.5], "texture": "#4"},
				"west": {"uv": [0, 0, 1.1, 0.5], "texture": "#4"},
				"up": {"uv": [0, 0, 15.78985, 15.95], "texture": "#4"},
				"down": {"uv": [0, 0, 1, 1.1], "texture": "#4"}
			}
		},
		{
			"name": "bottom23",
			"from": [11.5, -1.33, 9.1],
			"to": [12.5, 0.17, 9.6],
			"rotation": {"angle": 45, "axis": "x", "origin": [5, 8, 8.1]},
			"faces": {
				"north": {"uv": [0, 0, 1, 1.5], "rotation": 180, "texture": "#4"},
				"east": {"uv": [0, 0, 1.5, 0.5], "rotation": 90, "texture": "#4"},
				"south": {"uv": [0, 0, 1, 1.5], "texture": "#4"},
				"west": {"uv": [0, 0, 1.5, 0.5], "rotation": 270, "texture": "#4"},
				"up": {"uv": [0, 0, 15.78985, 15.95], "texture": "#4"},
				"down": {"uv": [0, 0, 1, 0.5], "rotation": 180, "texture": "#4"}
			}
		},
		{
			"name": "bottom24",
			"from": [11.5, 1.06, 3],
			"to": [12.5, 2.56, 3.5],
			"faces": {
				"north": {"uv": [0, 0, 1, 1.5], "rotation": 180, "texture": "#4"},
				"east": {"uv": [0, 0, 1.5, 0.5], "rotation": 90, "texture": "#4"},
				"south": {"uv": [0, 0, 1, 1.5], "texture": "#4"},
				"west": {"uv": [0, 0, 1.5, 0.5], "rotation": 270, "texture": "#4"},
				"up": {"uv": [0, 0, 15.78985, 15.95], "texture": "#4"},
				"down": {"uv": [0, 0, 1, 0.5], "rotation": 180, "texture": "#4"}
			}
		},
		{
			"name": "bottom25",
			"from": [11.5, 7.08, 0.33],
			"to": [12.5, 8.58, 0.83],
			"rotation": {"angle": -45, "axis": "x", "origin": [5, 8, 8.1]},
			"faces": {
				"north": {"uv": [0, 0, 1, 1.5], "rotation": 180, "texture": "#4"},
				"east": {"uv": [0, 0, 1.5, 0.5], "rotation": 90, "texture": "#4"},
				"south": {"uv": [0, 0, 1, 1.5], "texture": "#4"},
				"west": {"uv": [0, 0, 1.5, 0.5], "rotation": 270, "texture": "#4"},
				"up": {"uv": [0, 0, 15.78985, 15.95], "texture": "#4"},
				"down": {"uv": [0, 0, 1, 0.5], "rotation": 180, "texture": "#4"}
			}
		},
		{
			"name": "bottom26",
			"from": [11.5, 2.63, 1.8],
			"to": [12.5, 3.13, 2.9],
			"faces": {
				"north": {"uv": [0, 0, 1, 0.5], "texture": "#4"},
				"east": {"uv": [0, 0, 1.1, 0.5], "texture": "#4"},
				"south": {"uv": [0, 0, 1, 0.5], "texture": "#4"},
				"west": {"uv": [0, 0, 1.1, 0.5], "texture": "#4"},
				"up": {"uv": [0, 0, 15.78985, 15.95], "texture": "#4"},
				"down": {"uv": [0, 0, 1, 1.1], "texture": "#4"}
			}
		},
		{
			"name": "bottom27",
			"from": [11.5, -1.07, 7.2],
			"to": [12.5, 0.43, 7.7],
			"rotation": {"angle": 45, "axis": "x", "origin": [5, 8, 8.1]},
			"faces": {
				"north": {"uv": [0, 0, 1, 1.5], "rotation": 180, "texture": "#4"},
				"east": {"uv": [0, 0, 1.5, 0.5], "rotation": 90, "texture": "#4"},
				"south": {"uv": [0, 0, 1, 1.5], "texture": "#4"},
				"west": {"uv": [0, 0, 1.5, 0.5], "rotation": 270, "texture": "#4"},
				"up": {"uv": [0, 0, 15.78985, 15.95], "texture": "#4"},
				"down": {"uv": [0, 0, 1, 0.5], "rotation": 180, "texture": "#4"}
			}
		},
		{
			"name": "bottom28",
			"from": [11.5, 1.06, 1.16],
			"to": [12.5, 2.56, 1.66],
			"faces": {
				"north": {"uv": [0, 0, 1, 1.5], "rotation": 180, "texture": "#4"},
				"east": {"uv": [0, 0, 1.5, 0.5], "rotation": 90, "texture": "#4"},
				"south": {"uv": [0, 0, 1, 1.5], "texture": "#4"},
				"west": {"uv": [0, 0, 1.5, 0.5], "rotation": 270, "texture": "#4"},
				"up": {"uv": [0, 0, 15.78985, 15.95], "texture": "#4"},
				"down": {"uv": [0, 0, 1, 0.5], "rotation": 180, "texture": "#4"}
			}
		},
		{
			"name": "bottom29",
			"from": [11.5, 7.08, -1.54],
			"to": [12.5, 8.58, -1.04],
			"rotation": {"angle": -45, "axis": "x", "origin": [5, 8, 8.1]},
			"faces": {
				"north": {"uv": [0, 0, 1, 1.5], "rotation": 180, "texture": "#4"},
				"east": {"uv": [0, 0, 1.5, 0.5], "rotation": 90, "texture": "#4"},
				"south": {"uv": [0, 0, 1, 1.5], "texture": "#4"},
				"west": {"uv": [0, 0, 1.5, 0.5], "rotation": 270, "texture": "#4"},
				"up": {"uv": [0, 0, 15.78985, 15.95], "texture": "#4"},
				"down": {"uv": [0, 0, 1, 0.5], "rotation": 180, "texture": "#4"}
			}
		},
		{
			"name": "bottom30",
			"from": [12.24, 0.76, 1.6],
			"to": [12.24, 2.76, 3.1],
			"faces": {
				"north": {"uv": [0, 0, 0, 2], "texture": "#3"},
				"east": {"uv": [0, 0, 1.5, 2], "texture": "#3"},
				"south": {"uv": [0, 0, 0, 2], "texture": "#3"},
				"west": {"uv": [0, 0, 1.5, 2], "texture": "#3"},
				"up": {"uv": [0, 0, 1.03985, 1.2], "texture": "#3"},
				"down": {"uv": [0, 0, 0, 1.5], "texture": "#3"}
			}
		},
		{
			"name": "bottom31",
			"from": [12, 0, 12.2],
			"to": [13, 0.5, 13.3],
			"faces": {
				"north": {"uv": [0, 0, 1, 0.5], "texture": "#2"},
				"east": {"uv": [0, 0, 1.1, 0.5], "texture": "#2"},
				"south": {"uv": [0, 0, 1, 0.5], "texture": "#2"},
				"west": {"uv": [0, 0, 1.1, 0.5], "texture": "#2"},
				"up": {"uv": [0, 0, 1.03985, 1.2], "texture": "#2"},
				"down": {"uv": [0, 0, 1, 1.1], "texture": "#2"}
			}
		},
		{
			"name": "bottom32",
			"from": [12, -1.33, 19.99],
			"to": [13, 0.17, 20.49],
			"rotation": {"angle": 45, "axis": "x", "origin": [5, 8, 18.5]},
			"faces": {
				"north": {"uv": [0, 0, 1, 1.5], "rotation": 180, "texture": "#2"},
				"east": {"uv": [0, 0, 1.5, 0.5], "rotation": 90, "texture": "#2"},
				"south": {"uv": [0, 0, 1, 1.5], "texture": "#2"},
				"west": {"uv": [0, 0, 1.5, 0.5], "rotation": 270, "texture": "#2"},
				"up": {"uv": [0, 0, 1.03985, 1.2], "texture": "#2"},
				"down": {"uv": [0, 0, 1, 0.5], "rotation": 180, "texture": "#2"}
			}
		},
		{
			"name": "bottom33",
			"from": [12, 1.06, 13.87],
			"to": [13, 2.56, 14.37],
			"faces": {
				"north": {"uv": [0, 0, 1, 1.5], "rotation": 180, "texture": "#2"},
				"east": {"uv": [0, 0, 1.5, 0.5], "rotation": 90, "texture": "#2"},
				"south": {"uv": [0, 0, 1, 1.5], "texture": "#2"},
				"west": {"uv": [0, 0, 1.5, 0.5], "rotation": 270, "texture": "#2"},
				"up": {"uv": [0, 0, 1.03985, 1.2], "texture": "#2"},
				"down": {"uv": [0, 0, 1, 0.5], "rotation": 180, "texture": "#2"}
			}
		},
		{
			"name": "bottom34",
			"from": [12, 7.08, 11.23],
			"to": [13, 8.58, 11.73],
			"rotation": {"angle": -45, "axis": "x", "origin": [5, 8, 18.5]},
			"faces": {
				"north": {"uv": [0, 0, 1, 1.5], "rotation": 180, "texture": "#2"},
				"east": {"uv": [0, 0, 1.5, 0.5], "rotation": 90, "texture": "#2"},
				"south": {"uv": [0, 0, 1, 1.5], "texture": "#2"},
				"west": {"uv": [0, 0, 1.5, 0.5], "rotation": 270, "texture": "#2"},
				"up": {"uv": [0, 0, 1.03985, 1.2], "texture": "#2"},
				"down": {"uv": [0, 0, 1, 0.5], "rotation": 180, "texture": "#2"}
			}
		},
		{
			"name": "bottom35",
			"from": [12, 3.12, 12.2],
			"to": [13, 3.62, 13.3],
			"faces": {
				"north": {"uv": [0, 0, 1, 0.5], "texture": "#2"},
				"east": {"uv": [0, 0, 1.1, 0.5], "texture": "#2"},
				"south": {"uv": [0, 0, 1, 0.5], "texture": "#2"},
				"west": {"uv": [0, 0, 1.1, 0.5], "texture": "#2"},
				"up": {"uv": [0, 0, 1.03985, 1.2], "texture": "#2"},
				"down": {"uv": [0, 0, 1, 1.1], "texture": "#2"}
			}
		},
		{
			"name": "bottom36",
			"from": [11.99, -1.07, 17.14],
			"to": [12.99, 0.43, 17.64],
			"rotation": {"angle": 45, "axis": "x", "origin": [5, 8, 18.5]},
			"faces": {
				"north": {"uv": [0, 0, 1, 1.5], "rotation": 180, "texture": "#2"},
				"east": {"uv": [0, 0, 1.5, 0.5], "rotation": 90, "texture": "#2"},
				"south": {"uv": [0, 0, 1, 1.5], "texture": "#2"},
				"west": {"uv": [0, 0, 1.5, 0.5], "rotation": 270, "texture": "#2"},
				"up": {"uv": [0, 0, 1.03985, 1.2], "texture": "#2"},
				"down": {"uv": [0, 0, 1, 0.5], "rotation": 180, "texture": "#2"}
			}
		},
		{
			"name": "bottom37",
			"from": [11.99, 1.06, 11.15],
			"to": [12.99, 2.56, 11.65],
			"faces": {
				"north": {"uv": [0, 0, 1, 1.5], "rotation": 180, "texture": "#2"},
				"east": {"uv": [0, 0, 1.5, 0.5], "rotation": 90, "texture": "#2"},
				"south": {"uv": [0, 0, 1, 1.5], "texture": "#2"},
				"west": {"uv": [0, 0, 1.5, 0.5], "rotation": 270, "texture": "#2"},
				"up": {"uv": [0, 0, 1.03985, 1.2], "texture": "#2"},
				"down": {"uv": [0, 0, 1, 0.5], "rotation": 180, "texture": "#2"}
			}
		},
		{
			"name": "bottom38",
			"from": [12, 6.8, 8.4],
			"to": [13, 8.3, 8.9],
			"rotation": {"angle": -45, "axis": "x", "origin": [5, 8, 18.5]},
			"faces": {
				"north": {"uv": [0, 0, 1, 1.5], "rotation": 180, "texture": "#2"},
				"east": {"uv": [0, 0, 1.5, 0.5], "rotation": 90, "texture": "#2"},
				"south": {"uv": [0, 0, 1, 1.5], "texture": "#2"},
				"west": {"uv": [0, 0, 1.5, 0.5], "rotation": 270, "texture": "#2"},
				"up": {"uv": [0, 0, 1.03985, 1.2], "texture": "#2"},
				"down": {"uv": [0, 0, 1, 0.5], "rotation": 180, "texture": "#2"}
			}
		},
		{
			"name": "bottom39",
			"from": [11.5, 0.5, 12.2],
			"to": [12.5, 1, 13.3],
			"faces": {
				"north": {"uv": [0, 0, 1, 0.5], "texture": "#4"},
				"east": {"uv": [0, 0, 1.1, 0.5], "texture": "#4"},
				"south": {"uv": [0, 0, 1, 0.5], "texture": "#4"},
				"west": {"uv": [0, 0, 1.1, 0.5], "texture": "#4"},
				"up": {"uv": [0, 0, 1.03985, 1.2], "texture": "#4"},
				"down": {"uv": [0, 0, 1, 1.1], "texture": "#4"}
			}
		},
		{
			"name": "bottom40",
			"from": [11.5, -1.33, 19.5],
			"to": [12.5, 0.17, 20],
			"rotation": {"angle": 45, "axis": "x", "origin": [5, 8, 18.5]},
			"faces": {
				"north": {"uv": [0, 0, 1, 1.5], "rotation": 180, "texture": "#4"},
				"east": {"uv": [0, 0, 1.5, 0.5], "rotation": 90, "texture": "#4"},
				"south": {"uv": [0, 0, 1, 1.5], "texture": "#4"},
				"west": {"uv": [0, 0, 1.5, 0.5], "rotation": 270, "texture": "#4"},
				"up": {"uv": [0, 0, 1.03985, 1.2], "texture": "#4"},
				"down": {"uv": [0, 0, 1, 0.5], "rotation": 180, "texture": "#4"}
			}
		},
		{
			"name": "bottom41",
			"from": [11.5, 1.06, 13.4],
			"to": [12.5, 2.56, 13.9],
			"faces": {
				"north": {"uv": [0, 0, 1, 1.5], "rotation": 180, "texture": "#4"},
				"east": {"uv": [0, 0, 1.5, 0.5], "rotation": 90, "texture": "#4"},
				"south": {"uv": [0, 0, 1, 1.5], "texture": "#4"},
				"west": {"uv": [0, 0, 1.5, 0.5], "rotation": 270, "texture": "#4"},
				"up": {"uv": [0, 0, 1.03985, 1.2], "texture": "#4"},
				"down": {"uv": [0, 0, 1, 0.5], "rotation": 180, "texture": "#4"}
			}
		},
		{
			"name": "bottom42",
			"from": [11.5, 7.08, 10.73],
			"to": [12.5, 8.58, 11.23],
			"rotation": {"angle": -45, "axis": "x", "origin": [5, 8, 18.5]},
			"faces": {
				"north": {"uv": [0, 0, 1, 1.5], "rotation": 180, "texture": "#4"},
				"east": {"uv": [0, 0, 1.5, 0.5], "rotation": 90, "texture": "#4"},
				"south": {"uv": [0, 0, 1, 1.5], "texture": "#4"},
				"west": {"uv": [0, 0, 1.5, 0.5], "rotation": 270, "texture": "#4"},
				"up": {"uv": [0, 0, 1.03985, 1.2], "texture": "#4"},
				"down": {"uv": [0, 0, 1, 0.5], "rotation": 180, "texture": "#4"}
			}
		},
		{
			"name": "bottom43",
			"from": [11.5, 2.63, 12.2],
			"to": [12.5, 3.13, 13.3],
			"faces": {
				"north": {"uv": [0, 0, 1, 0.5], "texture": "#4"},
				"east": {"uv": [0, 0, 1.1, 0.5], "texture": "#4"},
				"south": {"uv": [0, 0, 1, 0.5], "texture": "#4"},
				"west": {"uv": [0, 0, 1.1, 0.5], "texture": "#4"},
				"up": {"uv": [0, 0, 1.03985, 1.2], "texture": "#4"},
				"down": {"uv": [0, 0, 1, 1.1], "texture": "#4"}
			}
		},
		{
			"name": "bottom44",
			"from": [11.5, -1.07, 17.6],
			"to": [12.5, 0.43, 18.1],
			"rotation": {"angle": 45, "axis": "x", "origin": [5, 8, 18.5]},
			"faces": {
				"north": {"uv": [0, 0, 1, 1.5], "rotation": 180, "texture": "#4"},
				"east": {"uv": [0, 0, 1.5, 0.5], "rotation": 90, "texture": "#4"},
				"south": {"uv": [0, 0, 1, 1.5], "texture": "#4"},
				"west": {"uv": [0, 0, 1.5, 0.5], "rotation": 270, "texture": "#4"},
				"up": {"uv": [0, 0, 1.03985, 1.2], "texture": "#4"},
				"down": {"uv": [0, 0, 1, 0.5], "rotation": 180, "texture": "#4"}
			}
		},
		{
			"name": "bottom45",
			"from": [11.5, 1.06, 11.56],
			"to": [12.5, 2.56, 12.06],
			"faces": {
				"north": {"uv": [0, 0, 1, 1.5], "rotation": 180, "texture": "#4"},
				"east": {"uv": [0, 0, 1.5, 0.5], "rotation": 90, "texture": "#4"},
				"south": {"uv": [0, 0, 1, 1.5], "texture": "#4"},
				"west": {"uv": [0, 0, 1.5, 0.5], "rotation": 270, "texture": "#4"},
				"up": {"uv": [0, 0, 1.03985, 1.2], "texture": "#4"},
				"down": {"uv": [0, 0, 1, 0.5], "rotation": 180, "texture": "#4"}
			}
		},
		{
			"name": "bottom46",
			"from": [11.5, 7.08, 8.86],
			"to": [12.5, 8.58, 9.36],
			"rotation": {"angle": -45, "axis": "x", "origin": [5, 8, 18.5]},
			"faces": {
				"north": {"uv": [0, 0, 1, 1.5], "rotation": 180, "texture": "#4"},
				"east": {"uv": [0, 0, 1.5, 0.5], "rotation": 90, "texture": "#4"},
				"south": {"uv": [0, 0, 1, 1.5], "texture": "#4"},
				"west": {"uv": [0, 0, 1.5, 0.5], "rotation": 270, "texture": "#4"},
				"up": {"uv": [0, 0, 1.03985, 1.2], "texture": "#4"},
				"down": {"uv": [0, 0, 1, 0.5], "rotation": 180, "texture": "#4"}
			}
		},
		{
			"name": "bottom47",
			"from": [12.24, 0.76, 12],
			"to": [12.24, 2.76, 13.5],
			"faces": {
				"north": {"uv": [0, 0, 0, 2], "texture": "#3"},
				"east": {"uv": [0, 0, 1.5, 2], "texture": "#3"},
				"south": {"uv": [0, 0, 0, 2], "texture": "#3"},
				"west": {"uv": [0, 0, 1.5, 2], "texture": "#3"},
				"up": {"uv": [0, 0, 1.03985, 1.2], "texture": "#3"},
				"down": {"uv": [0, 0, 0, 1.5], "texture": "#3"}
			}
		},
		{
			"name": "bottom48",
			"from": [2.99, 4.62, 19.14],
			"to": [13.01, 7.92, 21.21],
			"rotation": {"angle": 22.5, "axis": "x", "origin": [-4, 8, 11]},
			"faces": {
				"north": {"uv": [0, 0, 1.03985, 1.2], "rotation": 270, "texture": "#10"},
				"east": {"uv": [0, 0, 1.03985, 1.2], "rotation": 270, "texture": "#10"},
				"south": {"uv": [0, 0, 1.03985, 1.2], "rotation": 270, "texture": "#10"},
				"west": {"uv": [0, 0, 1.03985, 1.2], "rotation": 270, "texture": "#10"},
				"up": {"uv": [0, 0, 1.03985, 1.2], "rotation": 270, "texture": "#10"},
				"down": {"uv": [0, 0, 1.03985, 1.2], "rotation": 270, "texture": "#10"}
			}
		},
		{
			"name": "bottom49",
			"from": [2.98, 4, 10.88],
			"to": [13.02, 5.1, 20.4],
			"faces": {
				"north": {"uv": [0, 0, 1.03985, 1.2], "texture": "#10"},
				"east": {"uv": [0, 0, 1.03985, 1.2], "texture": "#10"},
				"south": {"uv": [0, 0, 1.03985, 1.2], "texture": "#10"},
				"west": {"uv": [0, 0, 1.03985, 1.2], "texture": "#10"},
				"up": {"uv": [0, 0, 1.03985, 1.2], "texture": "#10"},
				"down": {"uv": [0, 0, 1.03985, 1.2], "texture": "#10"}
			}
		},
		{
			"name": "bottom49a",
			"from": [2.98, 5.38, 19.7],
			"to": [13.02, 8.9, 20.8],
			"rotation": {"angle": 22.5, "axis": "x", "origin": [5, 8, 11]},
			"faces": {
				"north": {"uv": [0, 0, 10.04, 1.1], "texture": "#10"},
				"east": {"uv": [0, 0, 10.04, 1.1], "texture": "#10"},
				"south": {"uv": [0, 0, 10.04, 1.1], "texture": "#10"},
				"west": {"uv": [0, 0, 10.04, 1.1], "texture": "#10"},
				"up": {"uv": [0, 0, 10.04, 1.1], "texture": "#10"},
				"down": {"uv": [0, 0, 10.04, 1.1], "texture": "#10"}
			}
		},
		{
			"name": "bottom49b",
			"from": [2.98, 1.4, 14.28],
			"to": [13.02, 2.5, 17.8],
			"rotation": {"angle": -22.5, "axis": "x", "origin": [5, 8, 11]},
			"faces": {
				"north": {"uv": [0, 0, 1.03985, 1.2], "texture": "#10"},
				"east": {"uv": [0, 0, 1.03985, 1.2], "texture": "#10"},
				"south": {"uv": [0, 0, 1.03985, 1.2], "texture": "#10"},
				"west": {"uv": [0, 0, 1.03985, 1.2], "texture": "#10"},
				"up": {"uv": [0, 0, 1.03985, 1.2], "texture": "#10"},
				"down": {"uv": [0, 0, 1.03985, 1.2], "texture": "#10"}
			}
		},
		{
			"name": "bottom50",
			"from": [8.88, 1, -3.6],
			"to": [14.38, 3.999, -0.6],
			"rotation": {"angle": 22.5, "axis": "y", "origin": [5, 8, 11]},
			"faces": {
				"north": {"uv": [0, 0, 1.03985, 1.2], "rotation": 90, "texture": "#10"},
				"east": {"uv": [0, 0, 1.03985, 1.2], "rotation": 90, "texture": "#10"},
				"south": {"uv": [0, 0, 1.03985, 1.2], "rotation": 90, "texture": "#10"},
				"west": {"uv": [0, 0, 1.03985, 1.2], "rotation": 90, "texture": "#10"},
				"up": {"uv": [0, 0, 1.03985, 1.2], "rotation": 90, "texture": "#10"},
				"down": {"uv": [0, 0, 1.03985, 1.2], "rotation": 90, "texture": "#10"}
			}
		},
		{
			"name": "bottom51",
			"from": [1.2, 1, -5.9],
			"to": [6.63, 3.99, -1.9],
			"rotation": {"angle": -22.5, "axis": "y", "origin": [5, 8, 11]},
			"faces": {
				"north": {"uv": [0, 0, 1.03985, 1.2], "rotation": 90, "texture": "#10"},
				"east": {"uv": [0, 0, 1.03985, 1.2], "rotation": 90, "texture": "#10"},
				"south": {"uv": [0, 0, 1.03985, 1.2], "rotation": 90, "texture": "#10"},
				"west": {"uv": [0, 0, 1.03985, 1.2], "rotation": 90, "texture": "#10"},
				"up": {"uv": [0, 0, 1.03985, 1.2], "rotation": 90, "texture": "#10"},
				"down": {"uv": [0, 0, 1.03985, 1.2], "rotation": 90, "texture": "#10"}
			}
		},
		{
			"name": "bottom52",
			"from": [7.6, 1, -5.99],
			"to": [8.4, 3.999, -1.99],
			"faces": {
				"north": {"uv": [0, 0, 1.03985, 1.2], "rotation": 90, "texture": "#10"},
				"east": {"uv": [0, 0, 1.03985, 1.2], "rotation": 90, "texture": "#10"},
				"south": {"uv": [0, 0, 1.03985, 1.2], "rotation": 90, "texture": "#10"},
				"west": {"uv": [0, 0, 1.03985, 1.2], "rotation": 90, "texture": "#10"},
				"up": {"uv": [0, 0, 1.03985, 1.2], "rotation": 90, "texture": "#10"},
				"down": {"uv": [0, 0, 1.03985, 1.2], "rotation": 90, "texture": "#10"}
			}
		},
		{
			"name": "bottom1a",
			"from": [3, 1, 14.88],
			"to": [4, 3, 19.08],
			"faces": {
				"north": {"uv": [0, 0, 1.03985, 1.2], "texture": "#10"},
				"east": {"uv": [0, 0, 1.03985, 1.2], "texture": "#10"},
				"south": {"uv": [0, 0, 1.03985, 1.2], "texture": "#10"},
				"west": {"uv": [0, 0, 1.03985, 1.2], "texture": "#10"},
				"up": {"uv": [0, 0, 1.03985, 1.2], "texture": "#10"},
				"down": {"uv": [0, 0, 1.03985, 1.2], "texture": "#10"}
			}
		},
		{
			"name": "bottom2a",
			"from": [3, 0, 12.3],
			"to": [4, 3, 14.3],
			"rotation": {"angle": -22.5, "axis": "x", "origin": [-4, 7, 11]},
			"faces": {
				"north": {"uv": [0, 0, 1.03985, 1.2], "rotation": 180, "texture": "#10"},
				"east": {"uv": [0, 0, 1.03985, 1.2], "rotation": 180, "texture": "#10"},
				"south": {"uv": [0, 0, 1.03985, 1.2], "rotation": 180, "texture": "#10"},
				"west": {"uv": [0, 0, 1.03985, 1.2], "rotation": 180, "texture": "#10"},
				"up": {"uv": [0, 0, 1.03985, 1.2], "rotation": 180, "texture": "#10"},
				"down": {"uv": [0, 0, 1.03985, 1.2], "rotation": 180, "texture": "#10"}
			}
		},
		{
			"name": "bottom3a",
			"from": [3, 6.59, 14.289],
			"to": [4, 7.59, 15.579],
			"rotation": {"angle": 45, "axis": "x", "origin": [-4, 7, 11]},
			"faces": {
				"north": {"uv": [0, 0, 1.03985, 1.2], "texture": "#10"},
				"east": {"uv": [0, 0, 1.03985, 1.2], "texture": "#10"},
				"south": {"uv": [0, 0, 1.03985, 1.2], "texture": "#10"},
				"west": {"uv": [0, 0, 1.03985, 1.2], "texture": "#10"},
				"up": {"uv": [0, 0, 1.03985, 1.2], "texture": "#10"},
				"down": {"uv": [0, 0, 1.03985, 1.2], "texture": "#10"}
			}
		},
		{
			"name": "bottom4a",
			"from": [3, 4.09, 11.7],
			"to": [4, 5.09, 13.73],
			"faces": {
				"north": {"uv": [0, 0, 1.03985, 1.2], "texture": "#10"},
				"east": {"uv": [0, 0, 1.03985, 1.2], "texture": "#10"},
				"south": {"uv": [0, 0, 1.03985, 1.2], "texture": "#10"},
				"west": {"uv": [0, 0, 1.03985, 1.2], "texture": "#10"},
				"up": {"uv": [0, 0, 1.03985, 1.2], "texture": "#10"},
				"down": {"uv": [0, 0, 1.03985, 1.2], "texture": "#10"}
			}
		},
		{
			"name": "bottom5a",
			"from": [3, 4.15, 8.84],
			"to": [4, 5.15, 10.14],
			"rotation": {"angle": -45, "axis": "x", "origin": [-4, 7, 11]},
			"faces": {
				"north": {"uv": [0, 0, 1.03985, 1.2], "texture": "#10"},
				"east": {"uv": [0, 0, 1.03985, 1.2], "texture": "#10"},
				"south": {"uv": [0, 0, 1.03985, 1.2], "texture": "#10"},
				"west": {"uv": [0, 0, 1.03985, 1.2], "texture": "#10"},
				"up": {"uv": [0, 0, 1.03985, 1.2], "texture": "#10"},
				"down": {"uv": [0, 0, 1.03985, 1.2], "texture": "#10"}
			}
		},
		{
			"name": "bottom6a",
			"from": [2.99, 1.3, 11.6],
			"to": [13, 5.3, 12.9],
			"rotation": {"angle": 22.5, "axis": "x", "origin": [-4, 7, 11]},
			"faces": {
				"north": {"uv": [0, 0, 1.03985, 1.2], "rotation": 180, "texture": "#10"},
				"east": {"uv": [0, 0, 1.03985, 1.2], "rotation": 180, "texture": "#10"},
				"south": {"uv": [0, 0, 1.03985, 1.2], "rotation": 180, "texture": "#10"},
				"west": {"uv": [0, 0, 1.03985, 1.2], "rotation": 180, "texture": "#10"},
				"up": {"uv": [0, 0, 1.03985, 1.2], "rotation": 180, "texture": "#10"},
				"down": {"uv": [0, 0, 1.03985, 1.2], "rotation": 180, "texture": "#10"}
			}
		},
		{
			"name": "bottom7a",
			"from": [3, 1, 4.55],
			"to": [4, 4.5, 10.55],
			"faces": {
				"north": {"uv": [0, 0, 1.03985, 1.2], "texture": "#10"},
				"east": {"uv": [0, 0, 1.03985, 1.2], "texture": "#10"},
				"south": {"uv": [0, 0, 1.03985, 1.2], "texture": "#10"},
				"west": {"uv": [0, 0, 1.03985, 1.2], "texture": "#10"},
				"up": {"uv": [0, 0, 1.03985, 1.2], "texture": "#10"},
				"down": {"uv": [0, 0, 1.03985, 1.2], "texture": "#10"}
			}
		},
		{
			"name": "bottom8a",
			"from": [3, 3.95, 2.73],
			"to": [4, 6.95, 3.93],
			"rotation": {"angle": -22.5, "axis": "x", "origin": [-4, 7, 11]},
			"faces": {
				"north": {"uv": [0, 0, 1.03985, 1.2], "rotation": 180, "texture": "#10"},
				"east": {"uv": [0, 0, 1.03985, 1.2], "rotation": 180, "texture": "#10"},
				"south": {"uv": [0, 0, 1.03985, 1.2], "rotation": 180, "texture": "#10"},
				"west": {"uv": [0, 0, 1.03985, 1.2], "rotation": 180, "texture": "#10"},
				"up": {"uv": [0, 0, 1.03985, 1.2], "rotation": 180, "texture": "#10"},
				"down": {"uv": [0, 0, 1.03985, 1.2], "rotation": 180, "texture": "#10"}
			}
		},
		{
			"name": "bottom9a",
			"from": [3, -0.738, 6.97],
			"to": [12, 0.462, 8.36],
			"rotation": {"angle": 45, "axis": "x", "origin": [-4, 7, 11]},
			"faces": {
				"north": {"uv": [0, 0, 1.03985, 1.2], "texture": "#10"},
				"east": {"uv": [0, 0, 1.03985, 1.2], "texture": "#10"},
				"south": {"uv": [0, 0, 1.03985, 1.2], "texture": "#10"},
				"west": {"uv": [0, 0, 1.03985, 1.2], "texture": "#10"},
				"up": {"uv": [0, 0, 1.03985, 1.2], "texture": "#10"},
				"down": {"uv": [0, 0, 1.03985, 1.2], "texture": "#10"}
			}
		},
		{
			"name": "bottom10a",
			"from": [3, 4.09, 1.35],
			"to": [12, 5.29, 3.48],
			"faces": {
				"north": {"uv": [0, 0, 1.03985, 1.2], "texture": "#10"},
				"east": {"uv": [0, 0, 1.03985, 1.2], "texture": "#10"},
				"south": {"uv": [0, 0, 1.03985, 1.2], "texture": "#10"},
				"west": {"uv": [0, 0, 1.03985, 1.2], "texture": "#10"},
				"up": {"uv": [0, 0, 1.03985, 1.2], "texture": "#10"},
				"down": {"uv": [0, 0, 1.03985, 1.2], "texture": "#10"}
			}
		},
		{
			"name": "bottom11a",
			"from": [3, 11.47, 0.53],
			"to": [12, 12.67, 2.93],
			"rotation": {"angle": -45, "axis": "x", "origin": [-4, 7, 11]},
			"faces": {
				"north": {"uv": [0, 0, 1.03985, 1.2], "texture": "#10"},
				"east": {"uv": [0, 0, 1.03985, 1.2], "texture": "#10"},
				"south": {"uv": [0, 0, 1.03985, 1.2], "texture": "#10"},
				"west": {"uv": [0, 0, 1.03985, 1.2], "texture": "#10"},
				"up": {"uv": [0, 0, 1.03985, 1.2], "texture": "#10"},
				"down": {"uv": [0, 0, 1.03985, 1.2], "texture": "#10"}
			}
		},
		{
			"name": "bottom12a",
			"from": [3, -2.66, 2.12],
			"to": [4, 0.44, 3.32],
			"rotation": {"angle": 22.5, "axis": "x", "origin": [-4, 7, 11]},
			"faces": {
				"north": {"uv": [0, 0, 1.03985, 1.2], "rotation": 180, "texture": "#10"},
				"east": {"uv": [0, 0, 1.03985, 1.2], "rotation": 180, "texture": "#10"},
				"south": {"uv": [0, 0, 1.03985, 1.2], "rotation": 180, "texture": "#10"},
				"west": {"uv": [0, 0, 1.03985, 1.2], "rotation": 180, "texture": "#10"},
				"up": {"uv": [0, 0, 1.03985, 1.2], "rotation": 180, "texture": "#10"},
				"down": {"uv": [0, 0, 1.03985, 1.2], "rotation": 180, "texture": "#10"}
			}
		},
		{
			"name": "bottom13a",
			"from": [3, 1, -3.999],
			"to": [4, 4, 0.201],
			"faces": {
				"north": {"uv": [0, 0, 1.03985, 1.2], "texture": "#10"},
				"east": {"uv": [0, 0, 1.03985, 1.2], "texture": "#10"},
				"south": {"uv": [0, 0, 1.03985, 1.2], "texture": "#10"},
				"west": {"uv": [0, 0, 1.03985, 1.2], "texture": "#10"},
				"up": {"uv": [0, 0, 1.03985, 1.2], "texture": "#10"},
				"down": {"uv": [0, 0, 1.03985, 1.2], "texture": "#10"}
			}
		},
		{
			"name": "bottom14a",
			"from": [3, 0, 1.8],
			"to": [4, 0.5, 2.9],
			"faces": {
				"north": {"uv": [0, 0, 1, 0.5], "texture": "#2"},
				"east": {"uv": [0, 0, 1.1, 0.5], "texture": "#2"},
				"south": {"uv": [0, 0, 1, 0.5], "texture": "#2"},
				"west": {"uv": [0, 0, 1.1, 0.5], "texture": "#2"},
				"up": {"uv": [0, 0, 1.03985, 1.2], "texture": "#2"},
				"down": {"uv": [0, 0, 1, 1.1], "texture": "#2"}
			}
		},
		{
			"name": "bottom15a",
			"from": [3, -1.33, 9.59],
			"to": [4, 0.17, 10.09],
			"rotation": {"angle": 45, "axis": "x", "origin": [-4, 8, 8.1]},
			"faces": {
				"north": {"uv": [0, 0, 1, 1.5], "rotation": 180, "texture": "#2"},
				"east": {"uv": [0, 0, 1.5, 0.5], "rotation": 90, "texture": "#2"},
				"south": {"uv": [0, 0, 1, 1.5], "texture": "#2"},
				"west": {"uv": [0, 0, 1.5, 0.5], "rotation": 270, "texture": "#2"},
				"up": {"uv": [0, 0, 1.03985, 1.2], "texture": "#2"},
				"down": {"uv": [0, 0, 1, 0.5], "rotation": 180, "texture": "#2"}
			}
		},
		{
			"name": "bottom16a",
			"from": [3, 1.06, 3.47],
			"to": [4, 2.56, 3.97],
			"faces": {
				"north": {"uv": [0, 0, 1, 1.5], "rotation": 180, "texture": "#2"},
				"east": {"uv": [0, 0, 1.5, 0.5], "rotation": 90, "texture": "#2"},
				"south": {"uv": [0, 0, 1, 1.5], "texture": "#2"},
				"west": {"uv": [0, 0, 1.5, 0.5], "rotation": 270, "texture": "#2"},
				"up": {"uv": [0, 0, 1.03985, 1.2], "texture": "#2"},
				"down": {"uv": [0, 0, 1, 0.5], "rotation": 180, "texture": "#2"}
			}
		},
		{
			"name": "bottom17a",
			"from": [3, 7.08, 0.83],
			"to": [4, 8.58, 1.33],
			"rotation": {"angle": -45, "axis": "x", "origin": [-4, 8, 8.1]},
			"faces": {
				"north": {"uv": [0, 0, 1, 1.5], "rotation": 180, "texture": "#2"},
				"east": {"uv": [0, 0, 1.5, 0.5], "rotation": 90, "texture": "#2"},
				"south": {"uv": [0, 0, 1, 1.5], "texture": "#2"},
				"west": {"uv": [0, 0, 1.5, 0.5], "rotation": 270, "texture": "#2"},
				"up": {"uv": [0, 0, 1.03985, 1.2], "texture": "#2"},
				"down": {"uv": [0, 0, 1, 0.5], "rotation": 180, "texture": "#2"}
			}
		},
		{
			"name": "bottom18a",
			"from": [3, 3.12, 1.8],
			"to": [4, 3.62, 2.9],
			"faces": {
				"north": {"uv": [0, 0, 1, 0.5], "texture": "#2"},
				"east": {"uv": [0, 0, 1.1, 0.5], "texture": "#2"},
				"south": {"uv": [0, 0, 1, 0.5], "texture": "#2"},
				"west": {"uv": [0, 0, 1.1, 0.5], "texture": "#2"},
				"up": {"uv": [0, 0, 1.03985, 1.2], "texture": "#2"},
				"down": {"uv": [0, 0, 1, 1.1], "texture": "#2"}
			}
		},
		{
			"name": "bottom19a",
			"from": [2.99, -1.07, 6.74],
			"to": [3.99, 0.43, 7.24],
			"rotation": {"angle": 45, "axis": "x", "origin": [-4, 8, 8.1]},
			"faces": {
				"north": {"uv": [0, 0, 1, 1.5], "rotation": 180, "texture": "#2"},
				"east": {"uv": [0, 0, 1.5, 0.5], "rotation": 90, "texture": "#2"},
				"south": {"uv": [0, 0, 1, 1.5], "texture": "#2"},
				"west": {"uv": [0, 0, 1.5, 0.5], "rotation": 270, "texture": "#2"},
				"up": {"uv": [0, 0, 1.03985, 1.2], "texture": "#2"},
				"down": {"uv": [0, 0, 1, 0.5], "rotation": 180, "texture": "#2"}
			}
		},
		{
			"name": "bottom20a",
			"from": [2.99, 1.06, 0.75],
			"to": [3.99, 2.56, 1.25],
			"faces": {
				"north": {"uv": [0, 0, 1, 1.5], "rotation": 180, "texture": "#2"},
				"east": {"uv": [0, 0, 1.5, 0.5], "rotation": 90, "texture": "#2"},
				"south": {"uv": [0, 0, 1, 1.5], "texture": "#2"},
				"west": {"uv": [0, 0, 1.5, 0.5], "rotation": 270, "texture": "#2"},
				"up": {"uv": [0, 0, 1.03985, 1.2], "texture": "#2"},
				"down": {"uv": [0, 0, 1, 0.5], "rotation": 180, "texture": "#2"}
			}
		},
		{
			"name": "bottom21a",
			"from": [3, 6.8, -2],
			"to": [4, 8.3, -1.5],
			"rotation": {"angle": -45, "axis": "x", "origin": [-4, 8, 8.1]},
			"faces": {
				"north": {"uv": [0, 0, 1, 1.5], "rotation": 180, "texture": "#2"},
				"east": {"uv": [0, 0, 1.5, 0.5], "rotation": 90, "texture": "#2"},
				"south": {"uv": [0, 0, 1, 1.5], "texture": "#2"},
				"west": {"uv": [0, 0, 1.5, 0.5], "rotation": 270, "texture": "#2"},
				"up": {"uv": [0, 0, 1.03985, 1.2], "texture": "#2"},
				"down": {"uv": [0, 0, 1, 0.5], "rotation": 180, "texture": "#2"}
			}
		},
		{
			"name": "bottom22a",
			"from": [3.5, 0.5, 1.8],
			"to": [4.5, 1, 2.9],
			"faces": {
				"north": {"uv": [0, 0, 1, 0.5], "texture": "#4"},
				"east": {"uv": [0, 0, 1.1, 0.5], "texture": "#4"},
				"south": {"uv": [0, 0, 1, 0.5], "texture": "#4"},
				"west": {"uv": [0, 0, 1.1, 0.5], "texture": "#4"},
				"up": {"uv": [0, 0, 1.03985, 1.2], "texture": "#4"},
				"down": {"uv": [0, 0, 1, 1.1], "texture": "#4"}
			}
		},
		{
			"name": "bottom23a",
			"from": [3.5, -1.33, 9.1],
			"to": [4.5, 0.17, 9.6],
			"rotation": {"angle": 45, "axis": "x", "origin": [-3, 8, 8.1]},
			"faces": {
				"north": {"uv": [0, 0, 1, 1.5], "rotation": 180, "texture": "#4"},
				"east": {"uv": [0, 0, 1.5, 0.5], "rotation": 90, "texture": "#4"},
				"south": {"uv": [0, 0, 1, 1.5], "texture": "#4"},
				"west": {"uv": [0, 0, 1.5, 0.5], "rotation": 270, "texture": "#4"},
				"up": {"uv": [0, 0, 1.03985, 1.2], "texture": "#4"},
				"down": {"uv": [0, 0, 1, 0.5], "rotation": 180, "texture": "#4"}
			}
		},
		{
			"name": "bottom24a",
			"from": [3.5, 1.06, 3],
			"to": [4.5, 2.56, 3.5],
			"faces": {
				"north": {"uv": [0, 0, 1, 1.5], "rotation": 180, "texture": "#4"},
				"east": {"uv": [0, 0, 1.5, 0.5], "rotation": 90, "texture": "#4"},
				"south": {"uv": [0, 0, 1, 1.5], "texture": "#4"},
				"west": {"uv": [0, 0, 1.5, 0.5], "rotation": 270, "texture": "#4"},
				"up": {"uv": [0, 0, 1.03985, 1.2], "texture": "#4"},
				"down": {"uv": [0, 0, 1, 0.5], "rotation": 180, "texture": "#4"}
			}
		},
		{
			"name": "bottom25a",
			"from": [3.5, 7.08, 0.33],
			"to": [4.5, 8.58, 0.83],
			"rotation": {"angle": -45, "axis": "x", "origin": [-3, 8, 8.1]},
			"faces": {
				"north": {"uv": [0, 0, 1, 1.5], "rotation": 180, "texture": "#4"},
				"east": {"uv": [0, 0, 1.5, 0.5], "rotation": 90, "texture": "#4"},
				"south": {"uv": [0, 0, 1, 1.5], "texture": "#4"},
				"west": {"uv": [0, 0, 1.5, 0.5], "rotation": 270, "texture": "#4"},
				"up": {"uv": [0, 0, 1.03985, 1.2], "texture": "#4"},
				"down": {"uv": [0, 0, 1, 0.5], "rotation": 180, "texture": "#4"}
			}
		},
		{
			"name": "bottom26a",
			"from": [3.5, 2.63, 1.8],
			"to": [4.5, 3.13, 2.9],
			"faces": {
				"north": {"uv": [0, 0, 1, 0.5], "texture": "#4"},
				"east": {"uv": [0, 0, 1.1, 0.5], "texture": "#4"},
				"south": {"uv": [0, 0, 1, 0.5], "texture": "#4"},
				"west": {"uv": [0, 0, 1.1, 0.5], "texture": "#4"},
				"up": {"uv": [0, 0, 1.03985, 1.2], "texture": "#4"},
				"down": {"uv": [0, 0, 1, 1.1], "texture": "#4"}
			}
		},
		{
			"name": "bottom27a",
			"from": [3.5, -1.07, 7.2],
			"to": [4.5, 0.43, 7.7],
			"rotation": {"angle": 45, "axis": "x", "origin": [-3, 8, 8.1]},
			"faces": {
				"north": {"uv": [0, 0, 1, 1.5], "rotation": 180, "texture": "#4"},
				"east": {"uv": [0, 0, 1.5, 0.5], "rotation": 90, "texture": "#4"},
				"south": {"uv": [0, 0, 1, 1.5], "texture": "#4"},
				"west": {"uv": [0, 0, 1.5, 0.5], "rotation": 270, "texture": "#4"},
				"up": {"uv": [0, 0, 1.03985, 1.2], "texture": "#4"},
				"down": {"uv": [0, 0, 1, 0.5], "rotation": 180, "texture": "#4"}
			}
		},
		{
			"name": "bottom28a",
			"from": [3.5, 1.06, 1.16],
			"to": [4.5, 2.56, 1.66],
			"faces": {
				"north": {"uv": [0, 0, 1, 1.5], "rotation": 180, "texture": "#4"},
				"east": {"uv": [0, 0, 1.5, 0.5], "rotation": 90, "texture": "#4"},
				"south": {"uv": [0, 0, 1, 1.5], "texture": "#4"},
				"west": {"uv": [0, 0, 1.5, 0.5], "rotation": 270, "texture": "#4"},
				"up": {"uv": [0, 0, 1.03985, 1.2], "texture": "#4"},
				"down": {"uv": [0, 0, 1, 0.5], "rotation": 180, "texture": "#4"}
			}
		},
		{
			"name": "bottom29a",
			"from": [3.5, 7.08, -1.54],
			"to": [4.5, 8.58, -1.04],
			"rotation": {"angle": -45, "axis": "x", "origin": [-3, 8, 8.1]},
			"faces": {
				"north": {"uv": [0, 0, 1, 1.5], "rotation": 180, "texture": "#4"},
				"east": {"uv": [0, 0, 1.5, 0.5], "rotation": 90, "texture": "#4"},
				"south": {"uv": [0, 0, 1, 1.5], "texture": "#4"},
				"west": {"uv": [0, 0, 1.5, 0.5], "rotation": 270, "texture": "#4"},
				"up": {"uv": [0, 0, 1.03985, 1.2], "texture": "#4"},
				"down": {"uv": [0, 0, 1, 0.5], "rotation": 180, "texture": "#4"}
			}
		},
		{
			"name": "bottom30a",
			"from": [3.99, 0.76, 1.6],
			"to": [3.99, 2.76, 3.1],
			"faces": {
				"north": {"uv": [0, 0, 0, 2], "texture": "#3"},
				"east": {"uv": [0, 0, 1.5, 2], "texture": "#3"},
				"south": {"uv": [0, 0, 0, 2], "texture": "#3"},
				"west": {"uv": [0, 0, 1.5, 2], "texture": "#3"},
				"up": {"uv": [0, 0, 1.03985, 1.2], "texture": "#3"},
				"down": {"uv": [0, 0, 0, 1.5], "texture": "#3"}
			}
		},
		{
			"name": "bottom31a",
			"from": [3, 0, 12.2],
			"to": [4, 0.5, 13.3],
			"faces": {
				"north": {"uv": [0, 0, 1, 0.5], "texture": "#2"},
				"east": {"uv": [0, 0, 1.1, 0.5], "texture": "#2"},
				"south": {"uv": [0, 0, 1, 0.5], "texture": "#2"},
				"west": {"uv": [0, 0, 1.1, 0.5], "texture": "#2"},
				"up": {"uv": [0, 0, 1.03985, 1.2], "texture": "#2"},
				"down": {"uv": [0, 0, 1, 1.1], "texture": "#2"}
			}
		},
		{
			"name": "bottom32a",
			"from": [3, -1.33, 19.99],
			"to": [4, 0.17, 20.49],
			"rotation": {"angle": 45, "axis": "x", "origin": [-4, 8, 18.5]},
			"faces": {
				"north": {"uv": [0, 0, 1, 1.5], "rotation": 180, "texture": "#2"},
				"east": {"uv": [0, 0, 1.5, 0.5], "rotation": 90, "texture": "#2"},
				"south": {"uv": [0, 0, 1, 1.5], "texture": "#2"},
				"west": {"uv": [0, 0, 1.5, 0.5], "rotation": 270, "texture": "#2"},
				"up": {"uv": [0, 0, 1.03985, 1.2], "texture": "#2"},
				"down": {"uv": [0, 0, 1, 0.5], "rotation": 180, "texture": "#2"}
			}
		},
		{
			"name": "bottom33a",
			"from": [3, 1.06, 13.87],
			"to": [4, 2.56, 14.37],
			"faces": {
				"north": {"uv": [0, 0, 1, 1.5], "rotation": 180, "texture": "#2"},
				"east": {"uv": [0, 0, 1.5, 0.5], "rotation": 90, "texture": "#2"},
				"south": {"uv": [0, 0, 1, 1.5], "texture": "#2"},
				"west": {"uv": [0, 0, 1.5, 0.5], "rotation": 270, "texture": "#2"},
				"up": {"uv": [0, 0, 1.03985, 1.2], "texture": "#2"},
				"down": {"uv": [0, 0, 1, 0.5], "rotation": 180, "texture": "#2"}
			}
		},
		{
			"name": "bottom34a",
			"from": [3, 7.08, 11.23],
			"to": [4, 8.58, 11.73],
			"rotation": {"angle": -45, "axis": "x", "origin": [-4, 8, 18.5]},
			"faces": {
				"north": {"uv": [0, 0, 1, 1.5], "rotation": 180, "texture": "#2"},
				"east": {"uv": [0, 0, 1.5, 0.5], "rotation": 90, "texture": "#2"},
				"south": {"uv": [0, 0, 1, 1.5], "texture": "#2"},
				"west": {"uv": [0, 0, 1.5, 0.5], "rotation": 270, "texture": "#2"},
				"up": {"uv": [0, 0, 1.03985, 1.2], "texture": "#2"},
				"down": {"uv": [0, 0, 1, 0.5], "rotation": 180, "texture": "#2"}
			}
		},
		{
			"name": "bottom35a",
			"from": [3, 3.12, 12.2],
			"to": [4, 3.62, 13.3],
			"faces": {
				"north": {"uv": [0, 0, 1, 0.5], "texture": "#2"},
				"east": {"uv": [0, 0, 1.1, 0.5], "texture": "#2"},
				"south": {"uv": [0, 0, 1, 0.5], "texture": "#2"},
				"west": {"uv": [0, 0, 1.1, 0.5], "texture": "#2"},
				"up": {"uv": [0, 0, 1.03985, 1.2], "texture": "#2"},
				"down": {"uv": [0, 0, 1, 1.1], "texture": "#2"}
			}
		},
		{
			"name": "bottom36a",
			"from": [2.99, -1.07, 17.14],
			"to": [3.99, 0.43, 17.64],
			"rotation": {"angle": 45, "axis": "x", "origin": [-4, 8, 18.5]},
			"faces": {
				"north": {"uv": [0, 0, 1, 1.5], "rotation": 180, "texture": "#2"},
				"east": {"uv": [0, 0, 1.5, 0.5], "rotation": 90, "texture": "#2"},
				"south": {"uv": [0, 0, 1, 1.5], "texture": "#2"},
				"west": {"uv": [0, 0, 1.5, 0.5], "rotation": 270, "texture": "#2"},
				"up": {"uv": [0, 0, 1.03985, 1.2], "texture": "#2"},
				"down": {"uv": [0, 0, 1, 0.5], "rotation": 180, "texture": "#2"}
			}
		},
		{
			"name": "bottom37a",
			"from": [2.99, 1.06, 11.15],
			"to": [3.99, 2.56, 11.65],
			"faces": {
				"north": {"uv": [0, 0, 1, 1.5], "rotation": 180, "texture": "#2"},
				"east": {"uv": [0, 0, 1.5, 0.5], "rotation": 90, "texture": "#2"},
				"south": {"uv": [0, 0, 1, 1.5], "texture": "#2"},
				"west": {"uv": [0, 0, 1.5, 0.5], "rotation": 270, "texture": "#2"},
				"up": {"uv": [0, 0, 1.03985, 1.2], "texture": "#2"},
				"down": {"uv": [0, 0, 1, 0.5], "rotation": 180, "texture": "#2"}
			}
		},
		{
			"name": "bottom38a",
			"from": [3, 6.8, 8.4],
			"to": [4, 8.3, 8.9],
			"rotation": {"angle": -45, "axis": "x", "origin": [-4, 8, 18.5]},
			"faces": {
				"north": {"uv": [0, 0, 1, 1.5], "rotation": 180, "texture": "#2"},
				"east": {"uv": [0, 0, 1.5, 0.5], "rotation": 90, "texture": "#2"},
				"south": {"uv": [0, 0, 1, 1.5], "texture": "#2"},
				"west": {"uv": [0, 0, 1.5, 0.5], "rotation": 270, "texture": "#2"},
				"up": {"uv": [0, 0, 1.03985, 1.2], "texture": "#2"},
				"down": {"uv": [0, 0, 1, 0.5], "rotation": 180, "texture": "#2"}
			}
		},
		{
			"name": "bottom39a",
			"from": [3.5, 0.5, 12.2],
			"to": [4.5, 1, 13.3],
			"faces": {
				"north": {"uv": [0, 0, 1, 0.5], "texture": "#4"},
				"east": {"uv": [0, 0, 1.1, 0.5], "texture": "#4"},
				"south": {"uv": [0, 0, 1, 0.5], "texture": "#4"},
				"west": {"uv": [0, 0, 1.1, 0.5], "texture": "#4"},
				"up": {"uv": [0, 0, 1.03985, 1.2], "texture": "#4"},
				"down": {"uv": [0, 0, 1, 1.1], "texture": "#4"}
			}
		},
		{
			"name": "bottom40a",
			"from": [3.5, -1.33, 19.5],
			"to": [4.5, 0.17, 20],
			"rotation": {"angle": 45, "axis": "x", "origin": [-3, 8, 18.5]},
			"faces": {
				"north": {"uv": [0, 0, 1, 1.5], "rotation": 180, "texture": "#4"},
				"east": {"uv": [0, 0, 1.5, 0.5], "rotation": 90, "texture": "#4"},
				"south": {"uv": [0, 0, 1, 1.5], "texture": "#4"},
				"west": {"uv": [0, 0, 1.5, 0.5], "rotation": 270, "texture": "#4"},
				"up": {"uv": [0, 0, 1.03985, 1.2], "texture": "#4"},
				"down": {"uv": [0, 0, 1, 0.5], "rotation": 180, "texture": "#4"}
			}
		},
		{
			"name": "bottom41a",
			"from": [3.5, 1.06, 13.4],
			"to": [4.5, 2.56, 13.9],
			"faces": {
				"north": {"uv": [0, 0, 1, 1.5], "rotation": 180, "texture": "#4"},
				"east": {"uv": [0, 0, 1.5, 0.5], "rotation": 90, "texture": "#4"},
				"south": {"uv": [0, 0, 1, 1.5], "texture": "#4"},
				"west": {"uv": [0, 0, 1.5, 0.5], "rotation": 270, "texture": "#4"},
				"up": {"uv": [0, 0, 1.03985, 1.2], "texture": "#4"},
				"down": {"uv": [0, 0, 1, 0.5], "rotation": 180, "texture": "#4"}
			}
		},
		{
			"name": "bottom42a",
			"from": [3.5, 7.08, 10.73],
			"to": [4.5, 8.58, 11.23],
			"rotation": {"angle": -45, "axis": "x", "origin": [-3, 8, 18.5]},
			"faces": {
				"north": {"uv": [0, 0, 1, 1.5], "rotation": 180, "texture": "#4"},
				"east": {"uv": [0, 0, 1.5, 0.5], "rotation": 90, "texture": "#4"},
				"south": {"uv": [0, 0, 1, 1.5], "texture": "#4"},
				"west": {"uv": [0, 0, 1.5, 0.5], "rotation": 270, "texture": "#4"},
				"up": {"uv": [0, 0, 1.03985, 1.2], "texture": "#4"},
				"down": {"uv": [0, 0, 1, 0.5], "rotation": 180, "texture": "#4"}
			}
		},
		{
			"name": "bottom43a",
			"from": [3.5, 2.63, 12.2],
			"to": [4.5, 3.13, 13.3],
			"faces": {
				"north": {"uv": [0, 0, 1, 0.5], "texture": "#4"},
				"east": {"uv": [0, 0, 1.1, 0.5], "texture": "#4"},
				"south": {"uv": [0, 0, 1, 0.5], "texture": "#4"},
				"west": {"uv": [0, 0, 1.1, 0.5], "texture": "#4"},
				"up": {"uv": [0, 0, 1.03985, 1.2], "texture": "#4"},
				"down": {"uv": [0, 0, 1, 1.1], "texture": "#4"}
			}
		},
		{
			"name": "bottom44a",
			"from": [3.5, -1.07, 17.6],
			"to": [4.5, 0.43, 18.1],
			"rotation": {"angle": 45, "axis": "x", "origin": [-3, 8, 18.5]},
			"faces": {
				"north": {"uv": [0, 0, 1, 1.5], "rotation": 180, "texture": "#4"},
				"east": {"uv": [0, 0, 1.5, 0.5], "rotation": 90, "texture": "#4"},
				"south": {"uv": [0, 0, 1, 1.5], "texture": "#4"},
				"west": {"uv": [0, 0, 1.5, 0.5], "rotation": 270, "texture": "#4"},
				"up": {"uv": [0, 0, 1.03985, 1.2], "texture": "#4"},
				"down": {"uv": [0, 0, 1, 0.5], "rotation": 180, "texture": "#4"}
			}
		},
		{
			"name": "bottom45a",
			"from": [3.5, 1.06, 11.56],
			"to": [4.5, 2.56, 12.06],
			"faces": {
				"north": {"uv": [0, 0, 1, 1.5], "rotation": 180, "texture": "#4"},
				"east": {"uv": [0, 0, 1.5, 0.5], "rotation": 90, "texture": "#4"},
				"south": {"uv": [0, 0, 1, 1.5], "texture": "#4"},
				"west": {"uv": [0, 0, 1.5, 0.5], "rotation": 270, "texture": "#4"},
				"up": {"uv": [0, 0, 1.03985, 1.2], "texture": "#4"},
				"down": {"uv": [0, 0, 1, 0.5], "rotation": 180, "texture": "#4"}
			}
		},
		{
			"name": "bottom46a",
			"from": [3.5, 7.08, 8.86],
			"to": [4.5, 8.58, 9.36],
			"rotation": {"angle": -45, "axis": "x", "origin": [-3, 8, 18.5]},
			"faces": {
				"north": {"uv": [0, 0, 1, 1.5], "rotation": 180, "texture": "#4"},
				"east": {"uv": [0, 0, 1.5, 0.5], "rotation": 90, "texture": "#4"},
				"south": {"uv": [0, 0, 1, 1.5], "texture": "#4"},
				"west": {"uv": [0, 0, 1.5, 0.5], "rotation": 270, "texture": "#4"},
				"up": {"uv": [0, 0, 1.03985, 1.2], "texture": "#4"},
				"down": {"uv": [0, 0, 1, 0.5], "rotation": 180, "texture": "#4"}
			}
		},
		{
			"name": "bottom47a",
			"from": [3.99, 0.76, 12],
			"to": [3.99, 2.76, 13.5],
			"faces": {
				"north": {"uv": [0, 0, 0, 2], "texture": "#3"},
				"east": {"uv": [0, 0, 1.5, 2], "texture": "#3"},
				"south": {"uv": [0, 0, 0, 2], "texture": "#3"},
				"west": {"uv": [0, 0, 1.5, 2], "texture": "#3"},
				"up": {"uv": [0, 0, 1.03985, 1.2], "texture": "#3"},
				"down": {"uv": [0, 0, 0, 1.5], "texture": "#3"}
			}
		},
		{
			"name": "bottom48a",
			"from": [3.99, 2.3, 10.6],
			"to": [12, 6.3, 11.9],
			"faces": {
				"north": {"uv": [0, 0, 1.00937, 1], "rotation": 180, "texture": "#10"},
				"east": {"uv": [0, 0, 1.00937, 1], "rotation": 180, "texture": "#10"},
				"south": {"uv": [0, 0, 1.00937, 1], "rotation": 180, "texture": "#10"},
				"west": {"uv": [0, 0, 1.00937, 1], "rotation": 180, "texture": "#10"},
				"up": {"uv": [0, 0, 1.00937, 1], "rotation": 180, "texture": "#10"},
				"down": {"uv": [0, 0, 1.00937, 1], "rotation": 180, "texture": "#10"}
			}
		},
		{
			"name": "floor1",
			"from": [4, 0.4, -3.75],
			"to": [12, 1.4, 19],
			"faces": {
				"north": {"uv": [0, 0, 8, 1], "texture": "#2"},
				"east": {"uv": [0, 0, 16, 1], "texture": "#2"},
				"south": {"uv": [0, 0, 8, 1], "texture": "#2"},
				"west": {"uv": [0, 0, 16, 1], "texture": "#2"},
				"up": {"uv": [11, 0, 12, 1], "texture": "#2"},
				"down": {"uv": [0, 0, 8, 16], "texture": "#2"}
			}
		},
		{
			"name": "floor2",
			"from": [3, 1.4, 2],
			"to": [4, 4.4, 7],
			"rotation": {"angle": -22.5, "axis": "y", "origin": [8, 8, 8]},
			"faces": {
				"north": {"uv": [0, 0, 1, 1], "texture": "#3"},
				"east": {"uv": [0, 0, 1, 1], "texture": "#3"},
				"south": {"uv": [0, 0, 1, 1], "texture": "#3"},
				"west": {"uv": [0, 0, 1, 1], "texture": "#3"},
				"up": {"uv": [0, 0, 1, 1], "texture": "#3"},
				"down": {"uv": [0, 0, 1, 1], "texture": "#3"}
			}
		},
		{
			"name": "floor2a",
			"from": [4, 1.4, 4.5],
			"to": [5, 4.4, 14.5],
			"faces": {
				"north": {"uv": [0, 0, 1, 1], "texture": "#3"},
				"east": {"uv": [0, 0, 1, 1], "texture": "#3"},
				"south": {"uv": [0, 0, 1, 1], "texture": "#3"},
				"west": {"uv": [0, 0, 1, 1], "texture": "#3"},
				"up": {"uv": [0, 0, 1, 1], "texture": "#3"},
				"down": {"uv": [0, 0, 1, 1], "texture": "#3"}
			}
		},
		{
			"name": "floor2b",
			"from": [11, 1.4, 4.5],
			"to": [12, 4.4, 16.5],
			"faces": {
				"north": {"uv": [0, 0, 1, 1], "texture": "#3"},
				"east": {"uv": [0, 0, 1, 1], "texture": "#3"},
				"south": {"uv": [0, 0, 1, 1], "texture": "#3"},
				"west": {"uv": [0, 0, 1, 1], "texture": "#3"},
				"up": {"uv": [0, 0, 1, 1], "texture": "#3"},
				"down": {"uv": [0, 0, 1, 1], "texture": "#3"}
			}
		},
		{
			"name": "floor3",
			"from": [12, 1.4, 2],
			"to": [13, 4.4, 7],
			"rotation": {"angle": 22.5, "axis": "y", "origin": [8, 8, 8]},
			"faces": {
				"north": {"uv": [0, 0, 1, 3], "texture": "#3"},
				"east": {"uv": [0, 0, 5, 3], "texture": "#3"},
				"south": {"uv": [0, 0, 1, 3], "texture": "#3"},
				"west": {"uv": [0, 0, 1, 1], "texture": "#3"},
				"up": {"uv": [0, 0, 1, 5], "texture": "#3"},
				"down": {"uv": [0, 0, 1, 5], "texture": "#3"}
			}
		},
		{
			"name": "floor4",
			"from": [5, 1.4, 1],
			"to": [11, 3.4, 2],
			"faces": {
				"north": {"uv": [0, 0, 6, 2], "texture": "#3"},
				"east": {"uv": [0, 0, 1, 2], "texture": "#3"},
				"south": {"uv": [0, 0, 1, 1], "texture": "#3"},
				"west": {"uv": [0, 0, 1, 2], "texture": "#3"},
				"up": {"uv": [0, 0, 6, 1], "texture": "#3"},
				"down": {"uv": [0, 0, 6, 1], "texture": "#3"}
			}
		},
		{
			"name": "seatfloor1",
			"from": [4, 1.4, 5],
			"to": [12, 2.4, 11],
			"faces": {
				"north": {"uv": [0, 0, 8, 1], "texture": "#2"},
				"east": {"uv": [0, 0, 6, 1], "texture": "#2"},
				"south": {"uv": [0, 0, 8, 1], "texture": "#2"},
				"west": {"uv": [0, 0, 6, 1], "texture": "#2"},
				"up": {"uv": [6, 3, 7, 4], "texture": "#2"},
				"down": {"uv": [0, 0, 8, 6], "texture": "#2"}
			}
		},
		{
			"name": "seat1",
			"from": [6, 0.4, 9.5],
			"to": [10, 7.4, 10.5],
			"faces": {
				"north": {"uv": [6, 3, 7, 4], "texture": "#2"},
				"east": {"uv": [0, 0, 1, 1], "texture": "#2"},
				"south": {"uv": [0, 0, 1, 1], "texture": "#2"},
				"west": {"uv": [0, 0, 1, 1], "texture": "#2"},
				"up": {"uv": [0, 0, 1, 1], "texture": "#2"},
				"down": {"uv": [0, 0, 1, 1], "texture": "#2"}
			}
		},
		{
			"name": "seat2",
			"from": [8.6, 6.65, 9.5],
			"to": [9.6, 8.7, 10.5],
			"rotation": {"angle": 22.5, "axis": "z", "origin": [8, 8, 8]},
			"faces": {
				"north": {"uv": [6, 3, 7, 4], "texture": "#2"},
				"east": {"uv": [0, 0, 1, 1], "texture": "#2"},
				"south": {"uv": [0, 0, 1, 1], "texture": "#2"},
				"west": {"uv": [0, 0, 1, 1], "texture": "#2"},
				"up": {"uv": [0, 0, 1, 1], "texture": "#2"},
				"down": {"uv": [0, 0, 1, 1], "texture": "#2"}
			}
		},
		{
			"name": "seat3",
			"from": [6.8, 7.25, 9.5],
			"to": [9.2, 9.25, 10.5],
			"faces": {
				"north": {"uv": [6, 3, 7, 4], "texture": "#2"},
				"east": {"uv": [0, 0, 1, 1], "texture": "#2"},
				"south": {"uv": [0, 0, 1, 1], "texture": "#2"},
				"west": {"uv": [0, 0, 1, 1], "texture": "#2"},
				"up": {"uv": [0, 0, 1, 1], "texture": "#2"},
				"down": {"uv": [0, 0, 1, 1], "texture": "#2"}
			}
		},
		{
			"name": "seat4",
			"from": [6.4, 6.65, 9.5],
			"to": [7.4, 8.7, 10.5],
			"rotation": {"angle": -22.5, "axis": "z", "origin": [8, 8, 8]},
			"faces": {
				"north": {"uv": [6, 3, 7, 4], "texture": "#2"},
				"east": {"uv": [0, 0, 1, 1], "texture": "#2"},
				"south": {"uv": [0, 0, 1, 1], "texture": "#2"},
				"west": {"uv": [0, 0, 1, 1], "texture": "#2"},
				"up": {"uv": [0, 0, 1, 1], "texture": "#2"},
				"down": {"uv": [0, 0, 1, 1], "texture": "#2"}
			}
		},
		{
			"name": "frontbump1",
			"from": [4, 2, -7.4],
			"to": [5, 3, -4],
			"faces": {
				"north": {"uv": [15, 15, 16, 16], "texture": "#6"},
				"east": {"uv": [15, 15, 16, 16], "texture": "#6"},
				"south": {"uv": [15, 15, 16, 16], "texture": "#6"},
				"west": {"uv": [15, 15, 16, 16], "texture": "#6"},
				"up": {"uv": [15, 15, 16, 16], "texture": "#6"},
				"down": {"uv": [15, 15, 16, 16], "texture": "#6"}
			}
		},
		{
			"name": "frontbump2",
			"from": [11, 2, -7.7],
			"to": [12, 3, -4],
			"faces": {
				"north": {"uv": [15, 15, 16, 16], "texture": "#6"},
				"east": {"uv": [15, 15, 16, 16], "texture": "#6"},
				"south": {"uv": [15, 15, 16, 16], "texture": "#6"},
				"west": {"uv": [15, 15, 16, 16], "texture": "#6"},
				"up": {"uv": [15, 15, 16, 16], "texture": "#6"},
				"down": {"uv": [15, 15, 16, 16], "texture": "#6"}
			}
		},
		{
			"name": "frontbump3",
			"from": [-2, 2.01, -6.1],
			"to": [1.25, 3.01, -5.1],
			"rotation": {"angle": -45, "axis": "y", "origin": [8, 8, 8]},
			"faces": {
				"north": {"uv": [9, 7, 10, 8], "texture": "#4"},
				"east": {"uv": [9, 7, 10, 8], "texture": "#4"},
				"south": {"uv": [9, 7, 10, 8], "texture": "#4"},
				"west": {"uv": [9, 7, 10, 8], "texture": "#4"},
				"up": {"uv": [9, 7, 10, 8], "texture": "#4"},
				"down": {"uv": [9, 7, 10, 8], "texture": "#4"}
			}
		},
		{
			"name": "frontbump4",
			"from": [5.3, 2.01, -9],
			"to": [10.9, 3.01, -8],
			"faces": {
				"north": {"uv": [9, 7, 10, 8], "texture": "#4"},
				"east": {"uv": [9, 7, 10, 8], "texture": "#4"},
				"south": {"uv": [9, 7, 10, 8], "texture": "#4"},
				"west": {"uv": [9, 7, 10, 8], "texture": "#4"},
				"up": {"uv": [9, 7, 10, 8], "texture": "#4"},
				"down": {"uv": [9, 7, 10, 8], "texture": "#4"}
			}
		},
		{
			"name": "frontbump5",
			"from": [14.5, 2.01, -5.9],
			"to": [18.2, 3.01, -4.9],
			"rotation": {"angle": 45, "axis": "y", "origin": [8, 8, 8]},
			"faces": {
				"north": {"uv": [9, 7, 10, 8], "texture": "#4"},
				"east": {"uv": [9, 7, 10, 8], "texture": "#4"},
				"south": {"uv": [9, 7, 10, 8], "texture": "#4"},
				"west": {"uv": [9, 7, 10, 8], "texture": "#4"},
				"up": {"uv": [9, 7, 10, 8], "texture": "#4"},
				"down": {"uv": [9, 7, 10, 8], "texture": "#4"}
			}
		},
		{
			"name": "backbump1",
			"from": [4, 2, 19],
			"to": [5, 3, 22.4],
			"faces": {
				"north": {"uv": [0, 0, 1, 1], "texture": "#6"},
				"east": {"uv": [0, 0, 3, 1], "texture": "#6"},
				"south": {"uv": [0, 0, 1, 1], "texture": "#6"},
				"west": {"uv": [0, 0, 3, 1], "texture": "#6"},
				"up": {"uv": [0, 0, 1, 3], "texture": "#6"},
				"down": {"uv": [0, 0, 1, 3], "texture": "#6"}
			}
		},
		{
			"name": "backbump2",
			"from": [11, 2, 19],
			"to": [12, 3, 22.4],
			"faces": {
				"north": {"uv": [0, 0, 1, 1], "texture": "#6"},
				"east": {"uv": [0, 0, 3, 1], "texture": "#6"},
				"south": {"uv": [0, 0, 1, 1], "texture": "#6"},
				"west": {"uv": [0, 0, 3, 1], "texture": "#6"},
				"up": {"uv": [0, 0, 1, 3], "texture": "#6"},
				"down": {"uv": [0, 0, 1, 3], "texture": "#6"}
			}
		},
		{
			"name": "backbump3",
			"from": [13.75, 2, 20.32],
			"to": [17.55, 3, 21.32],
			"rotation": {"angle": -45, "axis": "y", "origin": [8, 8, 8]},
			"faces": {
				"north": {"uv": [0, 0, 10, 1], "texture": "#4"},
				"east": {"uv": [0, 0, 1, 1], "texture": "#4"},
				"south": {"uv": [0, 0, 10, 1], "texture": "#4"},
				"west": {"uv": [0, 0, 1, 1], "texture": "#4"},
				"up": {"uv": [0, 0, 10, 1], "texture": "#4"},
				"down": {"uv": [0, 0, 10, 1], "texture": "#4"}
			}
		},
		{
			"name": "backbump4",
			"from": [5.35, 2, 23.22],
			"to": [10.35, 3, 24.22],
			"faces": {
				"north": {"uv": [0, 0, 10, 1], "texture": "#4"},
				"east": {"uv": [0, 0, 1, 1], "texture": "#4"},
				"south": {"uv": [0, 0, 10, 1], "texture": "#4"},
				"west": {"uv": [0, 0, 1, 1], "texture": "#4"},
				"up": {"uv": [0, 0, 10, 1], "texture": "#4"},
				"down": {"uv": [0, 0, 10, 1], "texture": "#4"}
			}
		},
		{
			"name": "backbump5",
			"from": [-1.75, 2, 20.12],
			"to": [2.05, 3, 21.12],
			"rotation": {"angle": 45, "axis": "y", "origin": [8, 8, 8]},
			"faces": {
				"north": {"uv": [0, 0, 10, 1], "texture": "#4"},
				"east": {"uv": [0, 0, 1, 1], "texture": "#4"},
				"south": {"uv": [0, 0, 10, 1], "texture": "#4"},
				"west": {"uv": [0, 0, 1, 1], "texture": "#4"},
				"up": {"uv": [0, 0, 10, 1], "texture": "#4"},
				"down": {"uv": [0, 0, 10, 1], "texture": "#4"}
			}
		},
		{
			"name": "wheel1",
			"from": [7.7, 2, 7.2],
			"to": [8.2, 4, 7.7],
			"rotation": {"angle": 45, "axis": "x", "origin": [8, 8, 8]},
			"faces": {
				"north": {"uv": [0, 0, 0.5, 2], "texture": "#4"},
				"east": {"uv": [0, 0, 0.5, 2], "texture": "#4"},
				"south": {"uv": [0, 0, 0.5, 2], "texture": "#4"},
				"west": {"uv": [0, 0, 0.5, 2], "texture": "#4"},
				"up": {"uv": [0, 0, 0.5, 0.5], "texture": "#4"},
				"down": {"uv": [0, 0, 0.5, 0.5], "texture": "#4"}
			}
		},
		{
			"name": "wheel2",
			"from": [5.6, 6.02, 4.6],
			"to": [6.1, 6.72, 5.1],
			"rotation": {"angle": 45, "axis": "z", "origin": [8, 8, 8]},
			"faces": {
				"north": {"uv": [0, 0, 0.5, 0.7], "rotation": 180, "texture": "#2"},
				"east": {"uv": [0, 0, 0.7, 0.5], "rotation": 270, "texture": "#2"},
				"south": {"uv": [0, 0, 0.5, 0.7], "texture": "#2"},
				"west": {"uv": [0, 0, 0.7, 0.5], "rotation": 90, "texture": "#2"},
				"up": {"uv": [0, 0, 0.5, 0.5], "rotation": 180, "texture": "#2"},
				"down": {"uv": [0, 0, 0.5, 0.5], "texture": "#2"}
			}
		},
		{
			"name": "wheel3",
			"from": [7.7, 4.9, 4.6],
			"to": [8.2, 6.6, 5.1],
			"faces": {
				"north": {"uv": [0, 0, 0.5, 1.7], "rotation": 180, "texture": "#2"},
				"east": {"uv": [0, 0, 1.7, 0.5], "rotation": 270, "texture": "#2"},
				"south": {"uv": [0, 0, 0.5, 1.7], "texture": "#2"},
				"west": {"uv": [0, 0, 1.7, 0.5], "rotation": 90, "texture": "#2"},
				"up": {"uv": [0, 0, 0.5, 0.5], "rotation": 180, "texture": "#2"},
				"down": {"uv": [0, 0, 0.5, 0.5], "texture": "#2"}
			}
		},
		{
			"name": "wheel4",
			"from": [7.2, 5.4, 4.6],
			"to": [7.7, 6.1, 5.1],
			"faces": {
				"north": {"uv": [0, 0, 0.5, 0.7], "rotation": 180, "texture": "#2"},
				"east": {"uv": [0, 0, 0.7, 0.5], "rotation": 270, "texture": "#2"},
				"south": {"uv": [0, 0, 0.5, 0.7], "texture": "#2"},
				"west": {"uv": [0, 0, 0.7, 0.5], "rotation": 90, "texture": "#2"},
				"up": {"uv": [0, 0, 0.5, 0.5], "rotation": 180, "texture": "#2"},
				"down": {"uv": [0, 0, 0.5, 0.5], "texture": "#2"}
			}
		},
		{
			"name": "wheel5",
			"from": [8.769, 6.1, 4.6],
			"to": [9.269, 6.8, 5.1],
			"rotation": {"angle": -45, "axis": "z", "origin": [8, 8, 8]},
			"faces": {
				"north": {"uv": [0, 0, 0.5, 0.7], "rotation": 180, "texture": "#2"},
				"east": {"uv": [0, 0, 0.7, 0.5], "rotation": 270, "texture": "#2"},
				"south": {"uv": [0, 0, 0.5, 0.7], "texture": "#2"},
				"west": {"uv": [0, 0, 0.7, 0.5], "rotation": 90, "texture": "#2"},
				"up": {"uv": [0, 0, 0.5, 0.5], "rotation": 180, "texture": "#2"},
				"down": {"uv": [0, 0, 0.5, 0.5], "texture": "#2"}
			}
		},
		{
			"name": "wheel9",
			"from": [9.83, 5.96, 4.6],
			"to": [10.33, 6.66, 5.1],
			"rotation": {"angle": -45, "axis": "z", "origin": [8, 8, 8]},
			"faces": {
				"north": {"uv": [0, 0, 0.5, 0.7], "rotation": 180, "texture": "#2"},
				"east": {"uv": [0, 0, 0.7, 0.5], "rotation": 270, "texture": "#2"},
				"south": {"uv": [0, 0, 0.5, 0.7], "texture": "#2"},
				"west": {"uv": [0, 0, 0.7, 0.5], "rotation": 90, "texture": "#2"},
				"up": {"uv": [0, 0, 0.5, 0.5], "rotation": 180, "texture": "#2"},
				"down": {"uv": [0, 0, 0.5, 0.5], "texture": "#2"}
			}
		},
		{
			"name": "wheel6",
			"from": [7.7, 6.1, 4.6],
			"to": [8.2, 6.6, 5.1],
			"faces": {
				"north": {"uv": [0, 0, 0.5, 0.5], "rotation": 180, "texture": "#2"},
				"east": {"uv": [0, 0, 0.5, 0.5], "rotation": 270, "texture": "#2"},
				"south": {"uv": [0, 0, 0.5, 0.5], "texture": "#2"},
				"west": {"uv": [0, 0, 0.5, 0.5], "rotation": 90, "texture": "#2"},
				"up": {"uv": [0, 0, 0.5, 0.5], "rotation": 180, "texture": "#2"},
				"down": {"uv": [0, 0, 0.5, 0.5], "texture": "#2"}
			}
		},
		{
			"name": "wheel7",
			"from": [6.66, 6.17, 4.6],
			"to": [7.16, 6.87, 5.1],
			"rotation": {"angle": 45, "axis": "z", "origin": [8, 8, 8]},
			"faces": {
				"north": {"uv": [0, 0, 0.5, 0.7], "rotation": 180, "texture": "#2"},
				"east": {"uv": [0, 0, 0.7, 0.5], "rotation": 270, "texture": "#2"},
				"south": {"uv": [0, 0, 0.5, 0.7], "texture": "#2"},
				"west": {"uv": [0, 0, 0.7, 0.5], "rotation": 90, "texture": "#2"},
				"up": {"uv": [0, 0, 0.5, 0.5], "rotation": 180, "texture": "#2"},
				"down": {"uv": [0, 0, 0.5, 0.5], "texture": "#2"}
			}
		},
		{
			"name": "wheel8",
			"from": [8.2, 5.4, 4.6],
			"to": [8.7, 6.1, 5.1],
			"faces": {
				"north": {"uv": [0, 0, 0.5, 0.7], "rotation": 180, "texture": "#2"},
				"east": {"uv": [0, 0, 0.7, 0.5], "rotation": 270, "texture": "#2"},
				"south": {"uv": [0, 0, 0.5, 0.7], "texture": "#2"},
				"west": {"uv": [0, 0, 0.7, 0.5], "rotation": 90, "texture": "#2"},
				"up": {"uv": [0, 0, 0.5, 0.5], "rotation": 180, "texture": "#2"},
				"down": {"uv": [0, 0, 0.5, 0.5], "texture": "#2"}
			}
		},
		{
			"name": "backhand1",
			"from": [4, 5, 12.1],
			"to": [4.5, 7, 12.6],
			"faces": {
				"north": {"uv": [5, 6, 5.5, 7], "texture": "#5"},
				"east": {"uv": [5, 6, 5.5, 7], "texture": "#5"},
				"south": {"uv": [5, 6, 5.5, 7], "texture": "#5"},
				"west": {"uv": [5, 6, 5.5, 7], "texture": "#5"},
				"up": {"uv": [5, 6, 5.5, 7], "texture": "#5"},
				"down": {"uv": [5, 6, 5.5, 7], "texture": "#5"}
			}
		},
		{
			"name": "backhand2",
			"from": [11.5, 5, 12.1],
			"to": [12, 7, 12.6],
			"faces": {
				"north": {"uv": [5, 6, 5.5, 7], "texture": "#5"},
				"east": {"uv": [5, 6, 5.5, 7], "texture": "#5"},
				"south": {"uv": [5, 6, 5.5, 7], "texture": "#5"},
				"west": {"uv": [5, 6, 5.5, 7], "texture": "#5"},
				"up": {"uv": [5, 6, 5.5, 7], "texture": "#5"},
				"down": {"uv": [5, 6, 5.5, 7], "texture": "#5"}
			}
		},
		{
			"name": "backhand3",
			"from": [4.5, 7, 12.1],
			"to": [11.5, 7.5, 12.6],
			"faces": {
				"north": {"uv": [5, 6, 5.5, 7], "texture": "#5"},
				"east": {"uv": [5, 6, 5.5, 7], "texture": "#5"},
				"south": {"uv": [5, 6, 5.5, 7], "texture": "#5"},
				"west": {"uv": [5, 6, 5.5, 7], "texture": "#5"},
				"up": {"uv": [5, 6, 5.5, 7], "texture": "#5"},
				"down": {"uv": [5, 6, 5.5, 7], "texture": "#5"}
			}
		},
		{
			"name": "backhand4",
			"from": [5.89, 4.45, 12.1],
			"to": [6.39, 5.18, 12.6],
			"rotation": {"angle": -45, "axis": "z", "origin": [8, 8, 8]},
			"faces": {
				"north": {"uv": [5, 6, 5.5, 7], "texture": "#5"},
				"east": {"uv": [5, 6, 5.5, 7], "texture": "#5"},
				"south": {"uv": [5, 6, 5.5, 7], "texture": "#5"},
				"west": {"uv": [5, 6, 5.5, 7], "texture": "#5"},
				"up": {"uv": [5, 6, 5.5, 7], "texture": "#5"},
				"down": {"uv": [5, 6, 5.5, 7], "texture": "#5"}
			}
		},
		{
			"name": "backhand5",
			"from": [10.82, 9.62, 12.1],
			"to": [11.53, 10.12, 12.6],
			"rotation": {"angle": -45, "axis": "z", "origin": [8, 8, 8]},
			"faces": {
				"north": {"uv": [5, 6, 5.5, 7], "texture": "#5"},
				"east": {"uv": [5, 6, 5.5, 7], "texture": "#5"},
				"south": {"uv": [5, 6, 5.5, 7], "texture": "#5"},
				"west": {"uv": [5, 6, 5.5, 7], "texture": "#5"},
				"up": {"uv": [5, 6, 5.5, 7], "texture": "#5"},
				"down": {"uv": [5, 6, 5.5, 7], "texture": "#5"}
			}
		},
		{
			"name": "tiremid1",
			"from": [3.75, -0.6, 8.1],
			"to": [4.25, -0.1, 8.6],
			"rotation": {"angle": 45, "axis": "x", "origin": [8, 8, 8]},
			"faces": {
				"north": {"uv": [7, 5, 7.5, 5.5], "texture": "#6"},
				"east": {"uv": [7, 5, 7.5, 5.5], "texture": "#6"},
				"south": {"uv": [7, 5, 7.5, 5.5], "texture": "#6"},
				"west": {"uv": [7, 5, 7.5, 5.5], "texture": "#6"},
				"up": {"uv": [7, 5, 7.5, 5.5], "texture": "#6"},
				"down": {"uv": [7, 5, 7.5, 5.5], "texture": "#6"}
			}
		},
		{
			"name": "tiremid4",
			"from": [12, -0.6, 8.1],
			"to": [12.5, -0.1, 8.6],
			"rotation": {"angle": 45, "axis": "x", "origin": [8, 8, 8]},
			"faces": {
				"north": {"uv": [7, 5, 7.5, 5.5], "texture": "#6"},
				"east": {"uv": [7, 5, 7.5, 5.5], "texture": "#6"},
				"south": {"uv": [7, 5, 7.5, 5.5], "texture": "#6"},
				"west": {"uv": [7, 5, 7.5, 5.5], "texture": "#6"},
				"up": {"uv": [7, 5, 7.5, 5.5], "texture": "#6"},
				"down": {"uv": [7, 5, 7.5, 5.5], "texture": "#6"}
			}
		},
		{
			"name": "tiremid2",
			"from": [3.75, 6.7, 15.5],
			"to": [4.25, 7.2, 16],
			"rotation": {"angle": 45, "axis": "x", "origin": [8, 8, 8]},
			"faces": {
				"north": {"uv": [7, 5, 7.5, 5.5], "texture": "#6"},
				"east": {"uv": [7, 5, 7.5, 5.5], "texture": "#6"},
				"south": {"uv": [7, 5, 7.5, 5.5], "texture": "#6"},
				"west": {"uv": [7, 5, 7.5, 5.5], "texture": "#6"},
				"up": {"uv": [7, 5, 7.5, 5.5], "texture": "#6"},
				"down": {"uv": [7, 5, 7.5, 5.5], "texture": "#6"}
			}
		},
		{
			"name": "tiremid3",
			"from": [12, 6.7, 15.5],
			"to": [12.5, 7.2, 16],
			"rotation": {"angle": 45, "axis": "x", "origin": [8, 8, 8]},
			"faces": {
				"north": {"uv": [7, 5, 7.5, 5.5], "texture": "#6"},
				"east": {"uv": [7, 5, 7.5, 5.5], "texture": "#6"},
				"south": {"uv": [7, 5, 7.5, 5.5], "texture": "#6"},
				"west": {"uv": [7, 5, 7.5, 5.5], "texture": "#6"},
				"up": {"uv": [7, 5, 7.5, 5.5], "texture": "#6"},
				"down": {"uv": [7, 5, 7.5, 5.5], "texture": "#6"}
			}
		},
		{
			"name": "logo",
			"from": [12.1, 1.1, 4.7],
			"to": [13.1, 4.1, 10.7],
			"faces": {
				"north": {"uv": [0, 0, 1, 5], "texture": "#7"},
				"east": {"uv": [0, 0, 16, 16], "texture": "#7"},
				"south": {"uv": [0, 0, 1, 5], "texture": "#7"},
				"west": {"uv": [0, 0, 6, 5], "texture": "#7"},
				"up": {"uv": [0, 0, 1, 6], "texture": "#7"},
				"down": {"uv": [0, 0, 1, 6], "texture": "#7"}
			}
		},
		{
			"name": "stripe1",
			"from": [9.3, 9.9, -0.7],
			"to": [11.3, 10.9, 1.3],
			"rotation": {"angle": -45, "axis": "x", "origin": [8, 8, 8]},
			"faces": {
				"north": {"uv": [0, 0, 1, 1], "texture": "#8"},
				"east": {"uv": [0, 0, 1, 1], "texture": "#8"},
				"south": {"uv": [0, 0, 1, 1], "texture": "#8"},
				"west": {"uv": [0, 0, 1, 1], "texture": "#8"},
				"up": {"uv": [0, 0, 1, 1], "texture": "#8"},
				"down": {"uv": [0, 0, 1, 1], "texture": "#8"}
			}
		},
		{
			"name": "stripe2",
			"from": [9.3, 3.1, -4.6],
			"to": [11.3, 4.1, 1.4],
			"faces": {
				"north": {"uv": [0, 0, 1, 1], "texture": "#8"},
				"east": {"uv": [0, 0, 1, 1], "texture": "#8"},
				"south": {"uv": [0, 0, 1, 1], "texture": "#8"},
				"west": {"uv": [0, 0, 1, 1], "texture": "#8"},
				"up": {"uv": [0, 0, 1, 1], "texture": "#8"},
				"down": {"uv": [0, 0, 1, 1], "texture": "#8"}
			}
		},
		{
			"name": "stripe3",
			"from": [4.4, 3.1, -4.9],
			"to": [6.2, 4.1, -4.1],
			"rotation": {"angle": -22.5, "axis": "y", "origin": [8, 8, 8]},
			"faces": {
				"north": {"uv": [0, 0, 1, 1], "texture": "#8"},
				"east": {"uv": [0, 0, 1, 1], "texture": "#8"},
				"south": {"uv": [0, 0, 1, 1], "texture": "#8"},
				"west": {"uv": [0, 0, 1, 1], "texture": "#8"},
				"up": {"uv": [0, 0, 1, 1], "texture": "#8"},
				"down": {"uv": [0, 0, 1, 1], "texture": "#8"}
			}
		},
		{
			"name": "stripe1a",
			"from": [5.3, 9.9, -0.7],
			"to": [7.3, 10.9, 1.3],
			"rotation": {"angle": -45, "axis": "x", "origin": [8, 8, 8]},
			"faces": {
				"north": {"uv": [0, 0, 1, 1], "texture": "#8"},
				"east": {"uv": [0, 0, 1, 1], "texture": "#8"},
				"south": {"uv": [0, 0, 1, 1], "texture": "#8"},
				"west": {"uv": [0, 0, 1, 1], "texture": "#8"},
				"up": {"uv": [0, 0, 1, 1], "texture": "#8"},
				"down": {"uv": [0, 0, 1, 1], "texture": "#8"}
			}
		},
		{
			"name": "stripe2a",
			"from": [5.3, 3.1, -4.6],
			"to": [7.3, 4.1, 1.4],
			"faces": {
				"north": {"uv": [0, 0, 1, 1], "texture": "#8"},
				"east": {"uv": [0, 0, 1, 1], "texture": "#8"},
				"south": {"uv": [0, 0, 1, 1], "texture": "#8"},
				"west": {"uv": [0, 0, 1, 1], "texture": "#8"},
				"up": {"uv": [0, 0, 1, 1], "texture": "#8"},
				"down": {"uv": [0, 0, 1, 1], "texture": "#8"}
			}
		},
		{
			"name": "stripe3a",
			"from": [10.3, 3.1, -4.9],
			"to": [12.2, 4.1, -3.9],
			"rotation": {"angle": 22.5, "axis": "y", "origin": [8, 8, 8]},
			"faces": {
				"north": {"uv": [0, 0, 1, 1], "texture": "#8"},
				"east": {"uv": [0, 0, 1, 1], "texture": "#8"},
				"south": {"uv": [0, 0, 1, 1], "texture": "#8"},
				"west": {"uv": [0, 0, 1, 1], "texture": "#8"},
				"up": {"uv": [0, 0, 1, 1], "texture": "#8"},
				"down": {"uv": [0, 0, 1, 1], "texture": "#8"}
			}
		},
		{
			"name": "number66",
			"from": [9.6, 3.2, -3.2],
			"to": [11, 4.2, -1.2],
			"faces": {
				"north": {"uv": [0, 0, 16, 16], "texture": "#12"},
				"east": {"uv": [0, 0, 1, 1], "texture": "#12"},
				"south": {"uv": [0, 0, 1, 1], "texture": "#12"},
				"west": {"uv": [0, 0, 1, 1], "texture": "#12"},
				"up": {"uv": [0, 0, 16, 16], "rotation": 180, "texture": "#12"},
				"down": {"uv": [0, 0, 1, 1], "texture": "#12"}
			}
		},
		{
			"name": "number66v2",
			"from": [12.1, 3, 16],
			"to": [13.1, 5, 18],
			"faces": {
				"north": {"uv": [0, 0, 1, 2], "texture": "#12"},
				"east": {"uv": [0, 0, 16, 16], "texture": "#12"},
				"south": {"uv": [0, 0, 1, 2], "texture": "#12"},
				"west": {"uv": [0, 0, 16, 16], "texture": "#12"},
				"up": {"uv": [0, 0, 1, 2], "texture": "#12"},
				"down": {"uv": [0, 0, 1, 2], "texture": "#12"}
			}
		},
		{
			"name": "stripe4",
			"from": [5.3, 4.2, 11.4],
			"to": [7.3, 5.2, 19.4],
			"faces": {
				"north": {"uv": [0, 0, 1, 1], "texture": "#8"},
				"east": {"uv": [0, 0, 1, 1], "texture": "#8"},
				"south": {"uv": [0, 0, 1, 1], "texture": "#8"},
				"west": {"uv": [0, 0, 1, 1], "texture": "#8"},
				"up": {"uv": [0, 0, 1, 1], "texture": "#8"},
				"down": {"uv": [0, 0, 1, 1], "texture": "#8"}
			}
		},
		{
			"name": "stripe4a",
			"from": [9.3, 4.2, 11.4],
			"to": [11.3, 5.2, 19.4],
			"faces": {
				"north": {"uv": [0, 0, 1, 1], "texture": "#8"},
				"east": {"uv": [0, 0, 1, 1], "texture": "#8"},
				"south": {"uv": [0, 0, 1, 1], "texture": "#8"},
				"west": {"uv": [0, 0, 1, 1], "texture": "#8"},
				"up": {"uv": [0, 0, 1, 1], "texture": "#8"},
				"down": {"uv": [0, 0, 1, 1], "texture": "#8"}
			}
		}
	],
	"display": {
		"head": {
			"scale": [4, 4, 4],
			"translation": [0, 32, 25]
		}
	}
}