{
	"credit": "Made with Blockbench, by halofreak894 on 11/8/18",
	"textures": {
		"0": "blocks/wool_colored_gray",
		"1": "blocks/wool_colored_cyan",
		"2": "blocks/wool_colored_light_blue",
		"5": "blocks/hardened_clay_stained_magenta",
		"7": "blocks/wool_colored_white",
		"11": "blocks/hardened_clay_stained_yellow",
		"12": "blocks/wool_colored_yellow",
		"14": "blocks/stone_andesite_smooth",
		"particle": "blocks/wool_colored_gray"
	},
	"elements": [
		{
			"name": "top1",
			"from": [12.7, 1, 16.99],
			"to": [18, 7.5, 17.99],
			"rotation": {"angle": -45, "axis": "y", "origin": [9, 8, 3]},
			"faces": {
				"north": {"uv": [0, 0, 5.3, 6.5], "texture": "#5"},
				"east": {"uv": [0, 0, 1, 6.5], "texture": "#5"},
				"south": {"uv": [0, 0, 5.3, 6.5], "texture": "#5"},
				"west": {"uv": [0, 0, 1, 6.5], "texture": "#5"},
				"up": {"uv": [0, 0, 5.3, 1], "texture": "#5"},
				"down": {"uv": [0, 0, 5.3, 1], "texture": "#5"}
			}
		},
		{
			"name": "top2",
			"from": [1, 1, -0.3],
			"to": [2, 7.5, 8.2],
			"faces": {
				"north": {"uv": [0, 0, 1, 6.5], "texture": "#5"},
				"east": {"uv": [0, 0, 8.5, 6.5], "texture": "#5"},
				"south": {"uv": [0, 0, 1, 6.5], "texture": "#5"},
				"west": {"uv": [0, 0, 8.5, 6.5], "texture": "#5"},
				"up": {"uv": [0, 0, 1, 8.5], "texture": "#5"},
				"down": {"uv": [0, 0, 1, 8.5], "texture": "#5"}
			}
		},
		{
			"name": "top2a",
			"from": [1, 1, 7.9],
			"to": [2, 7.5, 16.2],
			"faces": {
				"north": {"uv": [0, 0, 1, 6.5], "texture": "#5"},
				"east": {"uv": [0, 0, 8.3, 6.5], "texture": "#5"},
				"south": {"uv": [0, 0, 1, 6.5], "texture": "#5"},
				"west": {"uv": [0, 0, 8.3, 6.5], "texture": "#5"},
				"up": {"uv": [0, 0, 1, 8.3], "texture": "#5"},
				"down": {"uv": [0, 0, 1, 8.3], "texture": "#5"}
			}
		},
		{
			"name": "top3",
			"from": [14, 1, -0.1],
			"to": [15, 7.5, 4.2],
			"faces": {
				"north": {"uv": [0, 0, 1, 6.5], "texture": "#5"},
				"east": {"uv": [0, 0, 4.3, 6.5], "texture": "#5"},
				"south": {"uv": [0, 0, 1, 6.5], "texture": "#5"},
				"west": {"uv": [0, 0, 4.3, 6.5], "texture": "#5"},
				"up": {"uv": [0, 0, 1, 4.3], "texture": "#5"},
				"down": {"uv": [0, 0, 1, 4.3], "texture": "#5"}
			}
		},
		{
			"name": "top3a",
			"from": [14, 1, 7.35],
			"to": [15, 7.5, 12.05],
			"faces": {
				"north": {"uv": [0, 0, 1, 6.5], "texture": "#5"},
				"east": {"uv": [0, 0, 4.7, 6.5], "texture": "#5"},
				"south": {"uv": [0, 0, 1, 6.5], "texture": "#5"},
				"west": {"uv": [0, 0, 4.7, 6.5], "texture": "#5"},
				"up": {"uv": [0, 0, 1, 4.7], "texture": "#5"},
				"down": {"uv": [0, 0, 1, 4.7], "texture": "#5"}
			}
		},
		{
			"name": "top4",
			"from": [-1.5, 1, 15.4],
			"to": [4, 7.5, 16.6],
			"rotation": {"angle": 45, "axis": "y", "origin": [9, 8, 3]},
			"faces": {
				"north": {"uv": [0, 0, 5.5, 6.5], "texture": "#5"},
				"east": {"uv": [0, 0, 1.2, 6.5], "texture": "#5"},
				"south": {"uv": [0, 0, 5.5, 6.5], "texture": "#5"},
				"west": {"uv": [0, 0, 1.2, 6.5], "texture": "#5"},
				"up": {"uv": [0, 0, 5.5, 1.2], "texture": "#5"},
				"down": {"uv": [0, 0, 5.5, 1.2], "texture": "#5"}
			}
		},
		{
			"name": "top5",
			"from": [4.8, 0.99825, 18.99999],
			"to": [11.2, 7.49825, 19.99999],
			"faces": {
				"north": {"uv": [0, 0, 6.4, 6.5], "texture": "#5"},
				"east": {"uv": [0, 0, 1, 6.5], "texture": "#5"},
				"south": {"uv": [0, 0, 6.4, 6.5], "texture": "#5"},
				"west": {"uv": [0, 0, 1, 6.5], "texture": "#5"},
				"up": {"uv": [0, 0, 1, 6.4], "rotation": 270, "texture": "#5"},
				"down": {"uv": [0, 0, 1, 6.4], "rotation": 90, "texture": "#5"}
			}
		},
		{
			"name": "top6",
			"from": [5.7, 1, -4.96],
			"to": [11, 7.5, -3.76],
			"rotation": {"angle": 45, "axis": "y", "origin": [9, 8, 3]},
			"faces": {
				"north": {"uv": [0, 0, 5.3, 6.5], "texture": "#5"},
				"east": {"uv": [0, 0, 1.2, 6.5], "texture": "#5"},
				"south": {"uv": [0, 0, 5.3, 6.5], "texture": "#5"},
				"west": {"uv": [0, 0, 1.2, 6.5], "texture": "#5"},
				"up": {"uv": [0, 0, 5.3, 1.2], "texture": "#5"},
				"down": {"uv": [0, 0, 5.3, 1.2], "texture": "#5"}
			}
		},
		{
			"name": "top7",
			"from": [4.8, 0.99825, -4.00001],
			"to": [11.2, 7.49825, -3.00001],
			"faces": {
				"north": {"uv": [0, 0, 6.4, 6.5], "texture": "#5"},
				"east": {"uv": [0, 0, 1, 6.5], "texture": "#5"},
				"south": {"uv": [0, 0, 6.4, 6.5], "texture": "#5"},
				"west": {"uv": [0, 0, 1, 6.5], "texture": "#5"},
				"up": {"uv": [0, 0, 1, 6.4], "rotation": 270, "texture": "#5"},
				"down": {"uv": [0, 0, 1, 6.4], "rotation": 90, "texture": "#5"}
			}
		},
		{
			"name": "top8",
			"from": [5.3, 0.99825, -4.23],
			"to": [10.7, 7.49825, -3.03],
			"rotation": {"angle": -45, "axis": "y", "origin": [8, 7.99825, 3.00174]},
			"faces": {
				"north": {"uv": [0, 0, 5.4, 6.5], "texture": "#5"},
				"east": {"uv": [0, 0, 1.2, 6.5], "texture": "#5"},
				"south": {"uv": [0, 0, 5.4, 6.5], "texture": "#5"},
				"west": {"uv": [0, 0, 1.2, 6.5], "texture": "#5"},
				"up": {"uv": [0, 0, 1.2, 5.4], "rotation": 270, "texture": "#5"},
				"down": {"uv": [0, 0, 1.2, 5.4], "rotation": 90, "texture": "#5"}
			}
		},
		{
			"name": "top9",
			"from": [4.9, 6.99825, -5.23],
			"to": [10.95, 7.99825, -3.03],
			"rotation": {"angle": -45, "axis": "y", "origin": [8, 7.99825, 3.00174]},
			"faces": {
				"north": {"uv": [0, 0, 6.05, 1], "texture": "#11"},
				"east": {"uv": [0, 0, 2.2, 1], "texture": "#11"},
				"south": {"uv": [0, 0, 6.05, 1], "texture": "#11"},
				"west": {"uv": [0, 0, 2.2, 1], "texture": "#11"},
				"up": {"uv": [0, 0, 2.2, 6.05], "rotation": 270, "texture": "#11"},
				"down": {"uv": [0, 0, 2.2, 6.05], "rotation": 90, "texture": "#11"}
			}
		},
		{
			"name": "top10",
			"from": [4.4, 6.99825, -5.00001],
			"to": [11.6, 7.99825, -3.00001],
			"faces": {
				"north": {"uv": [0, 0, 7.2, 1], "texture": "#11"},
				"east": {"uv": [0, 0, 2, 1], "texture": "#11"},
				"south": {"uv": [0, 0, 7.2, 1], "texture": "#11"},
				"west": {"uv": [0, 0, 2, 1], "texture": "#11"},
				"up": {"uv": [0, 0, 2, 7.2], "rotation": 270, "texture": "#11"},
				"down": {"uv": [0, 0, 2, 7.2], "rotation": 90, "texture": "#11"}
			}
		},
		{
			"name": "top11",
			"from": [5.2, 7, -5.96],
			"to": [11.4, 8, -3.76],
			"rotation": {"angle": 45, "axis": "y", "origin": [9, 8, 3]},
			"faces": {
				"north": {"uv": [0, 0, 6.2, 1], "texture": "#11"},
				"east": {"uv": [0, 0, 2.2, 1], "texture": "#11"},
				"south": {"uv": [0, 0, 6.2, 1], "texture": "#11"},
				"west": {"uv": [0, 0, 2.2, 1], "texture": "#11"},
				"up": {"uv": [0, 0, 6.2, 2.2], "texture": "#11"},
				"down": {"uv": [0, 0, 6.2, 2.2], "texture": "#11"}
			}
		},
		{
			"name": "top12",
			"from": [0, 7, -0.6],
			"to": [2, 8, 8.21],
			"faces": {
				"north": {"uv": [0, 0, 2, 1], "texture": "#11"},
				"east": {"uv": [0, 0, 8.81, 1], "texture": "#11"},
				"south": {"uv": [0, 0, 2, 1], "texture": "#11"},
				"west": {"uv": [0, 0, 8.81, 1], "texture": "#11"},
				"up": {"uv": [0, 0, 2, 8.81], "texture": "#11"},
				"down": {"uv": [0, 0, 2, 8.81], "texture": "#11"}
			}
		},
		{
			"name": "top12a",
			"from": [0, 7, 7.9],
			"to": [2, 8, 16.4],
			"faces": {
				"north": {"uv": [0, 0, 2, 1], "texture": "#11"},
				"east": {"uv": [0, 0, 8.5, 1], "texture": "#11"},
				"south": {"uv": [0, 0, 2, 1], "texture": "#11"},
				"west": {"uv": [0, 0, 8.5, 1], "texture": "#11"},
				"up": {"uv": [0, 0, 2, 8.5], "texture": "#11"},
				"down": {"uv": [0, 0, 2, 8.5], "texture": "#11"}
			}
		},
		{
			"name": "top13",
			"from": [12.1, 7, 16.9],
			"to": [18.6, 8, 18.9],
			"rotation": {"angle": -45, "axis": "y", "origin": [9, 8, 3]},
			"faces": {
				"north": {"uv": [0, 0, 6.5, 1], "texture": "#11"},
				"east": {"uv": [0, 0, 2, 1], "texture": "#11"},
				"south": {"uv": [0, 0, 6.5, 1], "texture": "#11"},
				"west": {"uv": [0, 0, 2, 1], "texture": "#11"},
				"up": {"uv": [0, 0, 6.5, 2], "texture": "#11"},
				"down": {"uv": [0, 0, 6.5, 2], "texture": "#11"}
			}
		},
		{
			"name": "top14",
			"from": [4.53, 6.99825, 19.02],
			"to": [11.63, 7.99825, 21.02],
			"faces": {
				"north": {"uv": [0, 0, 7.1, 1], "texture": "#11"},
				"east": {"uv": [0, 0, 2, 1], "texture": "#11"},
				"south": {"uv": [0, 0, 7.1, 1], "texture": "#11"},
				"west": {"uv": [0, 0, 2, 1], "texture": "#11"},
				"up": {"uv": [0, 0, 2, 7.1], "rotation": 270, "texture": "#11"},
				"down": {"uv": [0, 0, 2, 7.1], "rotation": 90, "texture": "#11"}
			}
		},
		{
			"name": "top15",
			"from": [-1.9, 7, 15.4],
			"to": [4.18, 8, 17.6],
			"rotation": {"angle": 45, "axis": "y", "origin": [9, 8, 3]},
			"faces": {
				"north": {"uv": [0, 0, 6.08, 1], "texture": "#11"},
				"east": {"uv": [0, 0, 2.2, 1], "texture": "#11"},
				"south": {"uv": [0, 0, 6.08, 1], "texture": "#11"},
				"west": {"uv": [0, 0, 2.2, 1], "texture": "#11"},
				"up": {"uv": [0, 0, 6.08, 2.2], "texture": "#11"},
				"down": {"uv": [0, 0, 6.08, 2.2], "texture": "#11"}
			}
		},
		{
			"name": "top16",
			"from": [13.8, 7, -0.7],
			"to": [15.9, 8, 4.3],
			"faces": {
				"north": {"uv": [0, 0, 2.1, 1], "texture": "#11"},
				"east": {"uv": [0, 0, 5, 1], "texture": "#11"},
				"south": {"uv": [0, 0, 2.1, 1], "texture": "#11"},
				"west": {"uv": [0, 0, 5, 1], "texture": "#11"},
				"up": {"uv": [0, 0, 2.1, 5], "texture": "#11"},
				"down": {"uv": [0, 0, 2.1, 5], "texture": "#11"}
			}
		},
		{
			"name": "top17",
			"from": [13.8, 7, 7.25],
			"to": [15.9, 8, 12.1],
			"faces": {
				"north": {"uv": [0, 0, 2.1, 1], "texture": "#11"},
				"east": {"uv": [0, 0, 4.85, 1], "texture": "#11"},
				"south": {"uv": [0, 0, 2.1, 1], "texture": "#11"},
				"west": {"uv": [0, 0, 4.85, 1], "texture": "#11"},
				"up": {"uv": [0, 0, 2.1, 4.85], "texture": "#11"},
				"down": {"uv": [0, 0, 2.1, 4.85], "texture": "#11"}
			}
		},
		{
			"name": "bottom1",
			"from": [12.25, 0, 17.9999],
			"to": [18.45, 2, 18.9999],
			"rotation": {"angle": -45, "axis": "y", "origin": [9, 8, 3]},
			"faces": {
				"north": {"uv": [0, 0, 6.2, 2], "texture": "#1"},
				"east": {"uv": [0, 0, 1, 2], "texture": "#1"},
				"south": {"uv": [0, 0, 6.2, 2], "texture": "#1"},
				"west": {"uv": [0, 0, 1, 2], "texture": "#1"},
				"up": {"uv": [0, 0, 6.2, 1], "texture": "#1"},
				"down": {"uv": [0, 0, 6.2, 1], "texture": "#1"}
			}
		},
		{
			"name": "bottom2",
			"from": [5.25, 0, -4.53],
			"to": [11.35, 2, -3.53],
			"rotation": {"angle": -45, "axis": "y", "origin": [9, 8, 3]},
			"faces": {
				"north": {"uv": [0, 0, 6.1, 2], "texture": "#1"},
				"east": {"uv": [0, 0, 1, 2], "texture": "#1"},
				"south": {"uv": [0, 0, 6.1, 2], "texture": "#1"},
				"west": {"uv": [0, 0, 1, 2], "texture": "#1"},
				"up": {"uv": [0, 0, 6.1, 1], "texture": "#1"},
				"down": {"uv": [0, 0, 6.1, 1], "texture": "#1"}
			}
		},
		{
			"name": "bottom3",
			"from": [22.3, -0.00175, 6.9],
			"to": [23.3, 1.99825, 13.15],
			"rotation": {"angle": -45, "axis": "y", "origin": [8, 7.99825, 3.00174]},
			"faces": {
				"north": {"uv": [0, 0, 1, 2], "texture": "#1"},
				"east": {"uv": [0, 0, 6.25, 2], "texture": "#1"},
				"south": {"uv": [0, 0, 1, 2], "texture": "#1"},
				"west": {"uv": [0, 0, 6.25, 2], "texture": "#1"},
				"up": {"uv": [0, 0, 1, 6.25], "texture": "#1"},
				"down": {"uv": [0, 0, 1, 6.25], "texture": "#1"}
			}
		},
		{
			"name": "bottom4",
			"from": [-0.23, -0.00175, -0.1],
			"to": [0.77, 1.99825, 5.9],
			"rotation": {"angle": -45, "axis": "y", "origin": [8, 7.99825, 3.00174]},
			"faces": {
				"north": {"uv": [0, 0, 1, 2], "texture": "#1"},
				"east": {"uv": [0, 0, 6, 2], "texture": "#1"},
				"south": {"uv": [0, 0, 1, 2], "texture": "#1"},
				"west": {"uv": [0, 0, 6, 2], "texture": "#1"},
				"up": {"uv": [0, 0, 1, 6], "texture": "#1"},
				"down": {"uv": [0, 0, 1, 6], "texture": "#1"}
			}
		},
		{
			"name": "bottom5",
			"from": [4.35, -0.00175, 20],
			"to": [11.65, 1.99825, 21],
			"faces": {
				"north": {"uv": [0, 0, 7.3, 2], "texture": "#1"},
				"east": {"uv": [0, 0, 1, 2], "texture": "#1"},
				"south": {"uv": [0, 0, 7.3, 2], "texture": "#1"},
				"west": {"uv": [0, 0, 1, 2], "texture": "#1"},
				"up": {"uv": [0, 0, 1, 7.3], "rotation": 270, "texture": "#1"},
				"down": {"uv": [0, 0, 1, 7.3], "rotation": 90, "texture": "#1"}
			}
		},
		{
			"name": "bottom6",
			"from": [4.35, -0.00175, -4.99826],
			"to": [11.65, 1.99825, -3.99826],
			"faces": {
				"north": {"uv": [0, 0, 7.3, 2], "texture": "#1"},
				"east": {"uv": [0, 0, 1, 2], "texture": "#1"},
				"south": {"uv": [0, 0, 7.3, 2], "texture": "#1"},
				"west": {"uv": [0, 0, 1, 2], "texture": "#1"},
				"up": {"uv": [0, 0, 1, 7.3], "rotation": 270, "texture": "#1"},
				"down": {"uv": [0, 0, 1, 7.3], "rotation": 90, "texture": "#1"}
			}
		},
		{
			"name": "bottom7",
			"from": [0, -0.00175, -0.64825],
			"to": [1, 1.99825, 16.65175],
			"faces": {
				"north": {"uv": [0, 0, 1, 2], "texture": "#1"},
				"east": {"uv": [0, 0, 16, 2], "texture": "#1"},
				"south": {"uv": [0, 0, 1, 2], "texture": "#1"},
				"west": {"uv": [0, 0, 16, 2], "texture": "#1"},
				"up": {"uv": [0, 0, 1, 16], "rotation": 180, "texture": "#1"},
				"down": {"uv": [0, 0, 1, 16], "rotation": 180, "texture": "#1"}
			}
		},
		{
			"name": "bottom8",
			"from": [15, -0.00175, -0.64825],
			"to": [16, 1.99825, 16.65175],
			"faces": {
				"north": {"uv": [0, 0, 1, 2], "texture": "#1"},
				"east": {"uv": [0, 0, 16, 2], "texture": "#1"},
				"south": {"uv": [0, 0, 1, 2], "texture": "#1"},
				"west": {"uv": [0, 0, 16, 2], "texture": "#1"},
				"up": {"uv": [0, 0, 1, 16], "rotation": 180, "texture": "#1"},
				"down": {"uv": [0, 0, 1, 16], "rotation": 180, "texture": "#1"}
			}
		},
		{
			"name": "bottomfloor",
			"from": [4, 0, -3.9],
			"to": [12, 1, 20.6],
			"faces": {
				"north": {"uv": [0, 0, 8, 1], "texture": "#0"},
				"east": {"uv": [0, 0, 16, 1], "texture": "#0"},
				"south": {"uv": [0, 0, 8, 1], "texture": "#0"},
				"west": {"uv": [0, 0, 16, 1], "texture": "#0"},
				"up": {"uv": [0, 0, 0.5, 0.5], "texture": "#0"},
				"down": {"uv": [0, 0, 8, 16], "texture": "#0"}
			}
		},
		{
			"name": "bottomfloor2",
			"from": [20.3, -0.00175, 6.9],
			"to": [22.3, 0.99825, 13.15],
			"rotation": {"angle": -45, "axis": "y", "origin": [8, 7.99825, 3.00174]},
			"faces": {
				"north": {"uv": [0, 0, 2, 1], "texture": "#0"},
				"east": {"uv": [0, 0, 6.25, 1], "texture": "#0"},
				"south": {"uv": [0, 0, 2, 1], "texture": "#0"},
				"west": {"uv": [0, 0, 0.5, 0.5], "texture": "#0"},
				"up": {"uv": [0, 0, 0.5, 0.5], "texture": "#0"},
				"down": {"uv": [0, 0, 2, 6.25], "texture": "#0"}
			}
		},
		{
			"name": "bottomfloor3",
			"from": [5.25, 0, -2.53],
			"to": [11.35, 1, -1.53],
			"rotation": {"angle": -45, "axis": "y", "origin": [9, 8, 3]},
			"faces": {
				"north": {"uv": [0, 0, 6.1, 2], "texture": "#0"},
				"east": {"uv": [0, 0, 1, 2], "texture": "#0"},
				"south": {"uv": [0, 0, 0.59987, 0.5], "texture": "#0"},
				"west": {"uv": [0, 0, 1, 2], "texture": "#0"},
				"up": {"uv": [0, 0, 0.5, 0.5], "texture": "#0"},
				"down": {"uv": [0, 0, 6.1, 1], "texture": "#0"}
			}
		},
		{
			"name": "bottomfloor4",
			"from": [12, 0, -1.9],
			"to": [14, 1, 18.6],
			"faces": {
				"north": {"uv": [0, 0, 8, 1], "texture": "#0"},
				"east": {"uv": [0, 0, 16, 1], "texture": "#0"},
				"south": {"uv": [0, 0, 8, 1], "texture": "#0"},
				"west": {"uv": [0, 0, 16, 1], "texture": "#0"},
				"up": {"uv": [0, 0, 0.5, 0.5], "texture": "#0"},
				"down": {"uv": [0, 0, 8, 16], "texture": "#0"}
			}
		},
		{
			"name": "bottomfloor5",
			"from": [2, 0, -1.9],
			"to": [4, 1, 18.6],
			"faces": {
				"north": {"uv": [0, 0, 8, 1], "texture": "#0"},
				"east": {"uv": [0, 0, 16, 1], "texture": "#0"},
				"south": {"uv": [0, 0, 8, 1], "texture": "#0"},
				"west": {"uv": [0, 0, 16, 1], "texture": "#0"},
				"up": {"uv": [0, 0, 0.5, 0.5], "texture": "#0"},
				"down": {"uv": [0, 0, 8, 16], "texture": "#0"}
			}
		},
		{
			"name": "bottomfloor6",
			"from": [1, 0, -0.9],
			"to": [3, 1, 17.6],
			"faces": {
				"north": {"uv": [0, 0, 8, 1], "texture": "#0"},
				"east": {"uv": [0, 0, 16, 1], "texture": "#0"},
				"south": {"uv": [0, 0, 8, 1], "texture": "#0"},
				"west": {"uv": [0, 0, 16, 1], "texture": "#0"},
				"up": {"uv": [0, 0, 0.5, 0.5], "texture": "#0"},
				"down": {"uv": [0, 0, 8, 16], "texture": "#0"}
			}
		},
		{
			"name": "bottomfloor7",
			"from": [13, 0, -0.9],
			"to": [15, 1, 17.6],
			"faces": {
				"north": {"uv": [0, 0, 8, 1], "texture": "#0"},
				"east": {"uv": [0, 0, 16, 1], "texture": "#0"},
				"south": {"uv": [0, 0, 8, 1], "texture": "#0"},
				"west": {"uv": [0, 0, 16, 1], "texture": "#0"},
				"up": {"uv": [0, 0, 0.5, 0.5], "texture": "#0"},
				"down": {"uv": [0, 0, 8, 16], "texture": "#0"}
			}
		},
		{
			"name": "honey1",
			"from": [6, 2.9, -4.1],
			"to": [10, 4.9, -3.1],
			"faces": {
				"north": {"uv": [0, 0, 0.5, 0.5], "texture": "#2"},
				"east": {"uv": [0, 0, 1, 3], "texture": "#2"},
				"south": {"uv": [0, 0, 6, 3], "texture": "#2"},
				"west": {"uv": [0, 0, 1, 3], "texture": "#2"},
				"up": {"uv": [0, 0, 6, 1], "texture": "#2"},
				"down": {"uv": [0, 0, 6, 1], "texture": "#2"}
			}
		},
		{
			"name": "honey2",
			"from": [6, 2.7, -4.1],
			"to": [10, 2.9, -3.1],
			"faces": {
				"north": {"uv": [0, 0, 0.5, 0.5], "texture": "#7"},
				"east": {"uv": [0, 0, 1, 3], "texture": "#7"},
				"south": {"uv": [0, 0, 6, 3], "texture": "#7"},
				"west": {"uv": [0, 0, 1, 3], "texture": "#7"},
				"up": {"uv": [0, 0, 6, 1], "texture": "#7"},
				"down": {"uv": [0, 0, 6, 1], "texture": "#7"}
			}
		},
		{
			"name": "honey3",
			"from": [5.8, 2.7, -4.1],
			"to": [6, 5.1, -3.1],
			"faces": {
				"north": {"uv": [0, 0, 0.5, 0.5], "texture": "#7"},
				"east": {"uv": [0, 0, 1, 3], "rotation": 180, "texture": "#7"},
				"south": {"uv": [0, 0, 6, 3], "texture": "#7"},
				"west": {"uv": [0, 0, 1, 3], "rotation": 180, "texture": "#7"},
				"up": {"uv": [0, 0, 6, 1], "rotation": 180, "texture": "#7"},
				"down": {"uv": [0, 0, 6, 1], "rotation": 180, "texture": "#7"}
			}
		},
		{
			"name": "honey4",
			"from": [6, 4.9, -4.1],
			"to": [10, 5.1, -3.1],
			"faces": {
				"north": {"uv": [0, 0, 0.5, 0.5], "texture": "#7"},
				"east": {"uv": [0, 0, 1, 3], "texture": "#7"},
				"south": {"uv": [0, 0, 6, 3], "texture": "#7"},
				"west": {"uv": [0, 0, 1, 3], "texture": "#7"},
				"up": {"uv": [0, 0, 6, 1], "texture": "#7"},
				"down": {"uv": [0, 0, 6, 1], "texture": "#7"}
			}
		},
		{
			"name": "honey5",
			"from": [10, 2.7, -4.1],
			"to": [10.2, 5.1, -3.1],
			"faces": {
				"north": {"uv": [0, 0, 0.5, 0.5], "texture": "#7"},
				"east": {"uv": [0, 0, 1, 3], "rotation": 180, "texture": "#7"},
				"south": {"uv": [0, 0, 6, 3], "texture": "#7"},
				"west": {"uv": [0, 0, 1, 3], "rotation": 180, "texture": "#7"},
				"up": {"uv": [0, 0, 6, 1], "rotation": 180, "texture": "#7"},
				"down": {"uv": [0, 0, 6, 1], "rotation": 180, "texture": "#7"}
			}
		},
		{
			"name": "h1",
			"from": [9.7, 3.15, -4.11],
			"to": [9.9, 4.55, -4.11],
			"faces": {
				"north": {"uv": [0, 0, 0.5, 0.5], "texture": "#7"},
				"east": {"uv": [0, 0, 1, 3], "rotation": 180, "texture": "#7"},
				"south": {"uv": [0, 0, 6, 3], "texture": "#7"},
				"west": {"uv": [0, 0, 1, 3], "rotation": 180, "texture": "#7"},
				"up": {"uv": [0, 0, 6, 1], "rotation": 180, "texture": "#7"},
				"down": {"uv": [0, 0, 6, 1], "rotation": 180, "texture": "#7"}
			}
		},
		{
			"name": "h2",
			"from": [9.2, 3.15, -4.11],
			"to": [9.4, 4.55, -4.11],
			"faces": {
				"north": {"uv": [0, 0, 0.5, 0.5], "texture": "#7"},
				"east": {"uv": [0, 0, 1, 3], "rotation": 180, "texture": "#7"},
				"south": {"uv": [0, 0, 6, 3], "texture": "#7"},
				"west": {"uv": [0, 0, 1, 3], "rotation": 180, "texture": "#7"},
				"up": {"uv": [0, 0, 6, 1], "rotation": 180, "texture": "#7"},
				"down": {"uv": [0, 0, 6, 1], "rotation": 180, "texture": "#7"}
			}
		},
		{
			"name": "h3",
			"from": [9.25, 3.75, -4.108],
			"to": [9.85, 3.95, -4.108],
			"faces": {
				"north": {"uv": [0, 0, 0.6, 0.2], "texture": "#7"},
				"east": {"uv": [0, 0, 0, 0.2], "texture": "#7"},
				"south": {"uv": [0, 0, 0.6, 0.2], "texture": "#7"},
				"west": {"uv": [0, 0, 0, 0.2], "texture": "#7"},
				"up": {"uv": [0, 0, 0.6, 0], "texture": "#7"},
				"down": {"uv": [0, 0, 0.6, 0], "texture": "#7"}
			}
		},
		{
			"name": "u1",
			"from": [8.9, 3.15, -4.11],
			"to": [9.1, 4.55, -4.11],
			"faces": {
				"north": {"uv": [0, 0, 0.5, 0.5], "texture": "#7"},
				"east": {"uv": [0, 0, 1, 3], "rotation": 180, "texture": "#7"},
				"south": {"uv": [0, 0, 6, 3], "texture": "#7"},
				"west": {"uv": [0, 0, 1, 3], "rotation": 180, "texture": "#7"},
				"up": {"uv": [0, 0, 6, 1], "rotation": 180, "texture": "#7"},
				"down": {"uv": [0, 0, 6, 1], "rotation": 180, "texture": "#7"}
			}
		},
		{
			"name": "u2",
			"from": [8.4, 3.15, -4.108],
			"to": [9, 3.35, -4.108],
			"faces": {
				"north": {"uv": [0, 0, 0.6, 0.2], "texture": "#7"},
				"east": {"uv": [0, 0, 0, 0.2], "texture": "#7"},
				"south": {"uv": [0, 0, 0.6, 0.2], "texture": "#7"},
				"west": {"uv": [0, 0, 0, 0.2], "texture": "#7"},
				"up": {"uv": [0, 0, 0.6, 0], "texture": "#7"},
				"down": {"uv": [0, 0, 0.6, 0], "texture": "#7"}
			}
		},
		{
			"name": "u3",
			"from": [8.4, 3.15, -4.11],
			"to": [8.6, 4.55, -4.11],
			"faces": {
				"north": {"uv": [0, 0, 0.5, 0.5], "texture": "#7"},
				"east": {"uv": [0, 0, 1, 3], "rotation": 180, "texture": "#7"},
				"south": {"uv": [0, 0, 6, 3], "texture": "#7"},
				"west": {"uv": [0, 0, 1, 3], "rotation": 180, "texture": "#7"},
				"up": {"uv": [0, 0, 6, 1], "rotation": 180, "texture": "#7"},
				"down": {"uv": [0, 0, 6, 1], "rotation": 180, "texture": "#7"}
			}
		},
		{
			"name": "n1",
			"from": [8.05, 3.15, -4.11],
			"to": [8.25, 4.55, -4.11],
			"faces": {
				"north": {"uv": [0, 0, 0.5, 0.5], "texture": "#7"},
				"east": {"uv": [0, 0, 1, 3], "rotation": 180, "texture": "#7"},
				"south": {"uv": [0, 0, 6, 3], "texture": "#7"},
				"west": {"uv": [0, 0, 1, 3], "rotation": 180, "texture": "#7"},
				"up": {"uv": [0, 0, 6, 1], "rotation": 180, "texture": "#7"},
				"down": {"uv": [0, 0, 6, 1], "rotation": 180, "texture": "#7"}
			}
		},
		{
			"name": "n2",
			"from": [9.45, 3.05, -4.11],
			"to": [9.65, 4.45, -4.11],
			"rotation": {"angle": -22.5, "axis": "z", "origin": [9, 8, 3]},
			"faces": {
				"north": {"uv": [0, 0, 0.5, 0.5], "texture": "#7"},
				"east": {"uv": [0, 0, 1, 3], "rotation": 180, "texture": "#7"},
				"south": {"uv": [0, 0, 6, 3], "texture": "#7"},
				"west": {"uv": [0, 0, 1, 3], "rotation": 180, "texture": "#7"},
				"up": {"uv": [0, 0, 6, 1], "rotation": 180, "texture": "#7"},
				"down": {"uv": [0, 0, 6, 1], "rotation": 180, "texture": "#7"}
			}
		},
		{
			"name": "n3",
			"from": [7.5, 3.15, -4.11],
			"to": [7.7, 4.55, -4.11],
			"faces": {
				"north": {"uv": [0, 0, 0.5, 0.5], "texture": "#7"},
				"east": {"uv": [0, 0, 1, 3], "rotation": 180, "texture": "#7"},
				"south": {"uv": [0, 0, 6, 3], "texture": "#7"},
				"west": {"uv": [0, 0, 1, 3], "rotation": 180, "texture": "#7"},
				"up": {"uv": [0, 0, 6, 1], "rotation": 180, "texture": "#7"},
				"down": {"uv": [0, 0, 6, 1], "rotation": 180, "texture": "#7"}
			}
		},
		{
			"name": "n1",
			"from": [7.15, 3.15, -4.11],
			"to": [7.35, 4.55, -4.11],
			"faces": {
				"north": {"uv": [0, 0, 0.5, 0.5], "texture": "#7"},
				"east": {"uv": [0, 0, 1, 3], "rotation": 180, "texture": "#7"},
				"south": {"uv": [0, 0, 6, 3], "texture": "#7"},
				"west": {"uv": [0, 0, 1, 3], "rotation": 180, "texture": "#7"},
				"up": {"uv": [0, 0, 6, 1], "rotation": 180, "texture": "#7"},
				"down": {"uv": [0, 0, 6, 1], "rotation": 180, "texture": "#7"}
			}
		},
		{
			"name": "n2",
			"from": [8.6, 2.7, -4.11],
			"to": [8.8, 4.1, -4.11],
			"rotation": {"angle": -22.5, "axis": "z", "origin": [9, 8, 3]},
			"faces": {
				"north": {"uv": [0, 0, 0.5, 0.5], "texture": "#7"},
				"east": {"uv": [0, 0, 1, 3], "rotation": 180, "texture": "#7"},
				"south": {"uv": [0, 0, 6, 3], "texture": "#7"},
				"west": {"uv": [0, 0, 1, 3], "rotation": 180, "texture": "#7"},
				"up": {"uv": [0, 0, 6, 1], "rotation": 180, "texture": "#7"},
				"down": {"uv": [0, 0, 6, 1], "rotation": 180, "texture": "#7"}
			}
		},
		{
			"name": "n3",
			"from": [6.58, 3.15, -4.11],
			"to": [6.78, 4.55, -4.11],
			"faces": {
				"north": {"uv": [0, 0, 0.5, 0.5], "texture": "#7"},
				"east": {"uv": [0, 0, 1, 3], "rotation": 180, "texture": "#7"},
				"south": {"uv": [0, 0, 6, 3], "texture": "#7"},
				"west": {"uv": [0, 0, 1, 3], "rotation": 180, "texture": "#7"},
				"up": {"uv": [0, 0, 6, 1], "rotation": 180, "texture": "#7"},
				"down": {"uv": [0, 0, 6, 1], "rotation": 180, "texture": "#7"}
			}
		},
		{
			"name": "y1",
			"from": [6.15, 3.15, -4.11],
			"to": [6.35, 4.15, -4.11],
			"faces": {
				"north": {"uv": [0, 0, 0.5, 0.5], "texture": "#7"},
				"east": {"uv": [0, 0, 1, 3], "rotation": 180, "texture": "#7"},
				"south": {"uv": [0, 0, 6, 3], "texture": "#7"},
				"west": {"uv": [0, 0, 1, 3], "rotation": 180, "texture": "#7"},
				"up": {"uv": [0, 0, 6, 1], "rotation": 180, "texture": "#7"},
				"down": {"uv": [0, 0, 6, 1], "rotation": 180, "texture": "#7"}
			}
		},
		{
			"name": "y2",
			"from": [9.7, 3.3, -4.11],
			"to": [9.9, 3.8, -4.11],
			"rotation": {"angle": -45, "axis": "z", "origin": [9, 8, 3]},
			"faces": {
				"north": {"uv": [0, 0, 0.5, 0.5], "texture": "#7"},
				"east": {"uv": [0, 0, 1, 3], "texture": "#7"},
				"south": {"uv": [0, 0, 6, 3], "texture": "#7"},
				"west": {"uv": [0, 0, 1, 3], "texture": "#7"},
				"up": {"uv": [0, 0, 6, 1], "texture": "#7"},
				"down": {"uv": [0, 0, 6, 1], "texture": "#7"}
			}
		},
		{
			"name": "y3",
			"from": [4.2, 7.1, -4.11],
			"to": [4.4, 7.6, -4.11],
			"rotation": {"angle": 45, "axis": "z", "origin": [9, 8, 3]},
			"faces": {
				"north": {"uv": [0, 0, 0.5, 0.5], "texture": "#7"},
				"east": {"uv": [0, 0, 1, 3], "rotation": 180, "texture": "#7"},
				"south": {"uv": [0, 0, 6, 3], "texture": "#7"},
				"west": {"uv": [0, 0, 1, 3], "rotation": 180, "texture": "#7"},
				"up": {"uv": [0, 0, 6, 1], "rotation": 180, "texture": "#7"},
				"down": {"uv": [0, 0, 6, 1], "rotation": 180, "texture": "#7"}
			}
		},
		{
			"name": "inter1",
			"from": [13, 1, -0.2],
			"to": [14, 7.99, 4.2],
			"faces": {
				"north": {"uv": [0, 0, 1, 6.99], "texture": "#12"},
				"east": {"uv": [0, 0, 4.4, 6.99], "texture": "#12"},
				"south": {"uv": [0, 0, 1, 6.99], "texture": "#12"},
				"west": {"uv": [0, 0, 4.4, 6.99], "texture": "#12"},
				"up": {"uv": [0, 0, 1, 4.4], "texture": "#12"},
				"down": {"uv": [0, 0, 1, 4.4], "texture": "#12"}
			}
		},
		{
			"name": "inter2",
			"from": [-1.5, 1, 14.4],
			"to": [3.9, 7.99, 15.6],
			"rotation": {"angle": 45, "axis": "y", "origin": [9, 8, 3]},
			"faces": {
				"north": {"uv": [0, 0, 5.4, 6.99], "texture": "#12"},
				"east": {"uv": [0, 0, 1.2, 6.99], "texture": "#12"},
				"south": {"uv": [0, 0, 5.4, 6.99], "texture": "#12"},
				"west": {"uv": [0, 0, 1.2, 6.99], "texture": "#12"},
				"up": {"uv": [0, 0, 5.4, 1.2], "texture": "#12"},
				"down": {"uv": [0, 0, 5.4, 1.2], "texture": "#12"}
			}
		},
		{
			"name": "inter3",
			"from": [2, 1, 8.8],
			"to": [3, 7.99, 16.2],
			"faces": {
				"north": {"uv": [0, 0, 1, 6.99], "texture": "#12"},
				"east": {"uv": [0, 0, 7.4, 6.99], "texture": "#12"},
				"south": {"uv": [0, 0, 1, 6.99], "texture": "#12"},
				"west": {"uv": [0, 0, 7.4, 6.99], "texture": "#12"},
				"up": {"uv": [0, 0, 1, 7.4], "texture": "#12"},
				"down": {"uv": [0, 0, 1, 7.4], "texture": "#12"}
			}
		},
		{
			"name": "inter3a",
			"from": [2, 1, -0.2],
			"to": [3, 7.99, 8.2],
			"faces": {
				"north": {"uv": [0, 0, 1, 6.99], "texture": "#12"},
				"east": {"uv": [0, 0, 8.4, 6.99], "texture": "#12"},
				"south": {"uv": [0, 0, 1, 6.99], "texture": "#12"},
				"west": {"uv": [0, 0, 8.4, 6.99], "texture": "#12"},
				"up": {"uv": [0, 0, 1, 8.4], "texture": "#12"},
				"down": {"uv": [0, 0, 1, 8.4], "texture": "#12"}
			}
		},
		{
			"name": "inter4",
			"from": [4.8, 0.99825, 17.99999],
			"to": [11.2, 7.98825, 18.99999],
			"faces": {
				"north": {"uv": [0, 0, 6.4, 6.99], "texture": "#12"},
				"east": {"uv": [0, 0, 1, 6.99], "texture": "#12"},
				"south": {"uv": [0, 0, 6.4, 6.99], "texture": "#12"},
				"west": {"uv": [0, 0, 1, 6.99], "texture": "#12"},
				"up": {"uv": [0, 0, 1, 6.4], "rotation": 270, "texture": "#12"},
				"down": {"uv": [0, 0, 1, 6.4], "rotation": 90, "texture": "#12"}
			}
		},
		{
			"name": "inter5",
			"from": [12.7, 1, 15.99],
			"to": [18, 7.99, 16.99],
			"rotation": {"angle": -45, "axis": "y", "origin": [9, 8, 3]},
			"faces": {
				"north": {"uv": [0, 0, 5.3, 6.99], "texture": "#12"},
				"east": {"uv": [0, 0, 1, 6.99], "texture": "#12"},
				"south": {"uv": [0, 0, 5.3, 6.99], "texture": "#12"},
				"west": {"uv": [0, 0, 1, 6.99], "texture": "#12"},
				"up": {"uv": [0, 0, 5.3, 1], "texture": "#12"},
				"down": {"uv": [0, 0, 5.3, 1], "texture": "#12"}
			}
		},
		{
			"name": "inter6",
			"from": [4.8, 0.99825, -3.00001],
			"to": [11.2, 7.98825, -0.00001],
			"faces": {
				"north": {"uv": [0, 0, 6.4, 6.99], "texture": "#12"},
				"east": {"uv": [0, 0, 3, 6.99], "texture": "#12"},
				"south": {"uv": [0, 0, 6.4, 6.99], "texture": "#12"},
				"west": {"uv": [0, 0, 3, 6.99], "texture": "#12"},
				"up": {"uv": [0, 0, 3, 6.4], "rotation": 270, "texture": "#12"},
				"down": {"uv": [0, 0, 3, 6.4], "rotation": 90, "texture": "#12"}
			}
		},
		{
			"name": "inter7",
			"from": [5.3, 0.99825, -4.2],
			"to": [10.7, 7.98825, -2.1],
			"rotation": {"angle": -45, "axis": "y", "origin": [8, 7.99825, 3.00174]},
			"faces": {
				"north": {"uv": [0, 0, 5.4, 6.99], "texture": "#12"},
				"east": {"uv": [0, 0, 2.1, 6.99], "texture": "#12"},
				"south": {"uv": [0, 0, 5.4, 6.99], "texture": "#12"},
				"west": {"uv": [0, 0, 2.1, 6.99], "texture": "#12"},
				"up": {"uv": [0, 0, 2.1, 5.4], "rotation": 270, "texture": "#12"},
				"down": {"uv": [0, 0, 2.1, 5.4], "rotation": 90, "texture": "#12"}
			}
		},
		{
			"name": "inter8",
			"from": [5.7, 1, -4.951],
			"to": [11, 7.99, -2.851],
			"rotation": {"angle": 45, "axis": "y", "origin": [9, 8, 3]},
			"faces": {
				"north": {"uv": [0, 0, 5.3, 5.99], "texture": "#12"},
				"east": {"uv": [0, 0, 1.2, 5.99], "texture": "#12"},
				"south": {"uv": [0, 0, 5.4, 5.99], "texture": "#12"},
				"west": {"uv": [0, 0, 1.2, 5.99], "texture": "#12"},
				"up": {"uv": [0, 0, 5.3, 1.2], "texture": "#12"},
				"down": {"uv": [0, 0, 5.3, 1.2], "texture": "#12"}
			}
		},
		{
			"name": "seata1",
			"from": [2, 1, 7.9],
			"to": [13, 4, 12],
			"faces": {
				"north": {"uv": [0, 0, 0.5, 0.5], "texture": "#12"},
				"east": {"uv": [0, 0, 0.5, 0.5], "texture": "#12"},
				"south": {"uv": [0, 0, 0.5, 0.5], "texture": "#12"},
				"west": {"uv": [0, 0, 0.5, 0.5], "texture": "#12"},
				"up": {"uv": [0, 0, 0.5, 0.5], "rotation": 180, "texture": "#12"},
				"down": {"uv": [0, 0, 0.5, 0.5], "rotation": 180, "texture": "#12"}
			}
		},
		{
			"name": "seata3",
			"from": [2, 4, 7.9],
			"to": [13, 8, 9.1],
			"faces": {
				"north": {"uv": [0, 0, 0.5, 0.5], "texture": "#12"},
				"east": {"uv": [0, 0, 0.5, 0.5], "texture": "#12"},
				"south": {"uv": [0, 0, 0.5, 0.5], "texture": "#12"},
				"west": {"uv": [0, 0, 0.5, 0.5], "texture": "#12"},
				"up": {"uv": [0, 0, 0.5, 0.5], "rotation": 180, "texture": "#12"},
				"down": {"uv": [0, 0, 0.5, 0.5], "rotation": 180, "texture": "#12"}
			}
		},
		{
			"name": "seata4",
			"from": [15.1, 1, 3.4],
			"to": [17.5, 7.99, 4.9],
			"rotation": {"angle": -45, "axis": "y", "origin": [9, 8, 3]},
			"faces": {
				"north": {"uv": [0, 0, 2.4, 6.99], "texture": "#12"},
				"east": {"uv": [0, 0, 1.5, 6.99], "texture": "#12"},
				"south": {"uv": [0, 0, 2.4, 6.99], "texture": "#12"},
				"west": {"uv": [0, 0, 1.5, 6.99], "texture": "#12"},
				"up": {"uv": [0, 0, 2.4, 1.5], "rotation": 180, "texture": "#12"},
				"down": {"uv": [0, 0, 2.4, 1.5], "rotation": 180, "texture": "#12"}
			}
		},
		{
			"name": "seata5",
			"from": [-1, 1, 2.6],
			"to": [1.6, 7.99, 3.6],
			"rotation": {"angle": 45, "axis": "y", "origin": [9, 8, 3]},
			"faces": {
				"north": {"uv": [0, 0, 2.6, 6.99], "texture": "#12"},
				"east": {"uv": [0, 0, 1, 6.99], "texture": "#12"},
				"south": {"uv": [0, 0, 2.6, 6.99], "texture": "#12"},
				"west": {"uv": [0, 0, 1, 6.99], "texture": "#12"},
				"up": {"uv": [0, 0, 2.6, 1], "rotation": 180, "texture": "#12"},
				"down": {"uv": [0, 0, 2.6, 1], "rotation": 180, "texture": "#12"}
			}
		},
		{
			"name": "seatb1",
			"from": [3, 1, -1],
			"to": [13, 4, 3],
			"faces": {
				"north": {"uv": [0, 0, 0.5, 0.5], "texture": "#12"},
				"east": {"uv": [0, 0, 0.5, 0.5], "texture": "#12"},
				"south": {"uv": [0, 0, 0.5, 0.5], "texture": "#12"},
				"west": {"uv": [0, 0, 0.5, 0.5], "texture": "#12"},
				"up": {"uv": [0, 0, 0.5, 0.5], "rotation": 180, "texture": "#12"},
				"down": {"uv": [0, 0, 0.5, 0.5], "rotation": 180, "texture": "#12"}
			}
		},
		{
			"name": "seatb3",
			"from": [3, 4, -1],
			"to": [13, 8, 0],
			"faces": {
				"north": {"uv": [0, 0, 0.5, 0.5], "texture": "#12"},
				"east": {"uv": [0, 0, 0.5, 0.5], "texture": "#12"},
				"south": {"uv": [0, 0, 0.5, 0.5], "texture": "#12"},
				"west": {"uv": [0, 0, 0.5, 0.5], "texture": "#12"},
				"up": {"uv": [0, 0, 0.5, 0.5], "rotation": 180, "texture": "#12"},
				"down": {"uv": [0, 0, 0.5, 0.5], "rotation": 180, "texture": "#12"}
			}
		},
		{
			"name": "hdrip1",
			"from": [15.06, 7, 9],
			"to": [16.06, 8, 11],
			"faces": {
				"north": {"uv": [0, 0, 1, 1], "texture": "#11"},
				"east": {"uv": [0, 0, 2, 1], "texture": "#11"},
				"south": {"uv": [0, 0, 1, 1], "texture": "#11"},
				"west": {"uv": [0, 0, 2, 1], "texture": "#11"},
				"up": {"uv": [0, 0, 1, 2], "texture": "#11"},
				"down": {"uv": [0, 0, 1, 2], "texture": "#11"}
			}
		},
		{
			"name": "hdrip2",
			"from": [14.89, 5.8, 9],
			"to": [15.89, 9.8, 11],
			"rotation": {"angle": -22.5, "axis": "z", "origin": [9, 8, 3]},
			"faces": {
				"north": {"uv": [0, 0, 1, 4], "texture": "#11"},
				"east": {"uv": [0, 0, 2, 4], "texture": "#11"},
				"south": {"uv": [0, 0, 1, 4], "texture": "#11"},
				"west": {"uv": [0, 0, 2, 4], "texture": "#11"},
				"up": {"uv": [0, 0, 1, 2], "texture": "#11"},
				"down": {"uv": [0, 0, 1, 2], "texture": "#11"}
			}
		},
		{
			"name": "hdrip3",
			"from": [14.2, 3, 9],
			"to": [15.2, 5, 11],
			"faces": {
				"north": {"uv": [0, 0, 1, 2], "texture": "#11"},
				"east": {"uv": [0, 0, 2, 2], "texture": "#11"},
				"south": {"uv": [0, 0, 1, 2], "texture": "#11"},
				"west": {"uv": [0, 0, 2, 2], "texture": "#11"},
				"up": {"uv": [0, 0, 1, 2], "texture": "#11"},
				"down": {"uv": [0, 0, 1, 2], "texture": "#11"}
			}
		},
		{
			"name": "hdrip4",
			"from": [15.06, 7, 1],
			"to": [16.16, 8, 2],
			"faces": {
				"north": {"uv": [0, 0, 1.1, 1], "texture": "#11"},
				"east": {"uv": [0, 0, 1, 1], "texture": "#11"},
				"south": {"uv": [0, 0, 1.1, 1], "texture": "#11"},
				"west": {"uv": [0, 0, 1, 1], "texture": "#11"},
				"up": {"uv": [0, 0, 1.1, 1], "texture": "#11"},
				"down": {"uv": [0, 0, 1.1, 1], "texture": "#11"}
			}
		},
		{
			"name": "hdrip5",
			"from": [14.89, 5.8, 1],
			"to": [15.99, 9.8, 2],
			"rotation": {"angle": -22.5, "axis": "z", "origin": [9, 8, 3]},
			"faces": {
				"north": {"uv": [0, 0, 1.1, 4], "texture": "#12"},
				"east": {"uv": [0, 0, 1, 4], "texture": "#12"},
				"south": {"uv": [0, 0, 1.1, 4], "texture": "#12"},
				"west": {"uv": [0, 0, 1, 4], "texture": "#12"},
				"up": {"uv": [0, 0, 1.1, 1], "texture": "#12"},
				"down": {"uv": [0, 0, 1.1, 1], "texture": "#12"}
			}
		},
		{
			"name": "hdrip6",
			"from": [14.2, 3, 2],
			"to": [15.2, 5.2, 3],
			"rotation": {"angle": 22.5, "axis": "x", "origin": [9, 8, 3]},
			"faces": {
				"north": {"uv": [0, 0, 1, 2.2], "texture": "#12"},
				"east": {"uv": [0, 0, 1, 2.2], "texture": "#12"},
				"south": {"uv": [0, 0, 1, 2.2], "texture": "#12"},
				"west": {"uv": [0, 0, 1, 2.2], "texture": "#12"},
				"up": {"uv": [0, 0, 1, 1], "texture": "#12"},
				"down": {"uv": [0, 0, 1, 1], "texture": "#12"}
			}
		},
		{
			"name": "hdrip7",
			"from": [-0.94, 7, 3],
			"to": [0.06, 8, 4],
			"faces": {
				"north": {"uv": [0, 0, 1, 1], "texture": "#11"},
				"east": {"uv": [0, 0, 1, 1], "texture": "#11"},
				"south": {"uv": [0, 0, 1, 1], "texture": "#11"},
				"west": {"uv": [0, 0, 1, 1], "texture": "#11"},
				"up": {"uv": [0, 0, 1, 1], "texture": "#11"},
				"down": {"uv": [0, 0, 1, 1], "texture": "#11"}
			}
		},
		{
			"name": "hdrip8",
			"from": [-0.54, 9, 3],
			"to": [0.46, 11, 4],
			"rotation": {"angle": 22.5, "axis": "z", "origin": [9, 8, 3]},
			"faces": {
				"north": {"uv": [0, 0, 1, 2], "texture": "#11"},
				"east": {"uv": [0, 0, 1, 2], "texture": "#11"},
				"south": {"uv": [0, 0, 1, 2], "texture": "#11"},
				"west": {"uv": [0, 0, 1, 2], "texture": "#11"},
				"up": {"uv": [0, 0, 1, 1], "texture": "#11"},
				"down": {"uv": [0, 0, 1, 1], "texture": "#11"}
			}
		},
		{
			"name": "hdrip9",
			"from": [-0.2, 4, 3.94],
			"to": [0.8, 6.1, 4.94],
			"rotation": {"angle": 22.5, "axis": "x", "origin": [9, 8, 3]},
			"faces": {
				"north": {"uv": [0, 0, 1, 2.1], "texture": "#11"},
				"east": {"uv": [0, 0, 1, 2.1], "texture": "#11"},
				"south": {"uv": [0, 0, 1, 2.1], "texture": "#11"},
				"west": {"uv": [0, 0, 1, 2.1], "texture": "#11"},
				"up": {"uv": [0, 0, 1, 1], "texture": "#11"},
				"down": {"uv": [0, 0, 1, 1], "texture": "#11"}
			}
		},
		{
			"name": "lapbar1",
			"from": [7.5, -1, 4],
			"to": [8.5, 6, 5],
			"rotation": {"angle": -22.5, "axis": "x", "origin": [9, 8, 3]},
			"faces": {
				"north": {"uv": [0, 0, 0.5, 0.5], "rotation": 180, "texture": "#14"},
				"east": {"uv": [0, 0, 0.5, 0.5], "rotation": 180, "texture": "#14"},
				"south": {"uv": [0, 0, 0.5, 0.5], "rotation": 180, "texture": "#14"},
				"west": {"uv": [0, 0, 0.5, 0.5], "rotation": 180, "texture": "#14"},
				"up": {"uv": [0, 0, 0.5, 0.5], "rotation": 180, "texture": "#14"},
				"down": {"uv": [0, 0, 0.5, 0.5], "rotation": 180, "texture": "#14"}
			}
		},
		{
			"name": "lapbar2",
			"from": [5, 6.4, 4.7],
			"to": [11, 7.4, 5.7],
			"faces": {
				"north": {"uv": [0, 0, 0.5, 0.5], "rotation": 270, "texture": "#14"},
				"east": {"uv": [0, 0, 0.5, 0.5], "rotation": 90, "texture": "#14"},
				"south": {"uv": [0, 0, 0.5, 0.5], "rotation": 90, "texture": "#14"},
				"west": {"uv": [0, 0, 0.5, 0.5], "rotation": 270, "texture": "#14"},
				"up": {"uv": [0, 0, 0.5, 0.5], "rotation": 90, "texture": "#14"},
				"down": {"uv": [0, 0, 0.5, 0.5], "rotation": 90, "texture": "#14"}
			}
		},
		{
			"name": "lapbar3",
			"from": [7.5, -3.8, 12],
			"to": [8.5, 2.7, 13],
			"rotation": {"angle": -22.5, "axis": "x", "origin": [9, 8, 3]},
			"faces": {
				"north": {"uv": [0, 0, 0.5, 0.5], "rotation": 180, "texture": "#14"},
				"east": {"uv": [0, 0, 0.5, 0.5], "rotation": 180, "texture": "#14"},
				"south": {"uv": [0, 0, 0.5, 0.5], "rotation": 180, "texture": "#14"},
				"west": {"uv": [0, 0, 0.5, 0.5], "rotation": 180, "texture": "#14"},
				"up": {"uv": [0, 0, 0.5, 0.5], "rotation": 180, "texture": "#14"},
				"down": {"uv": [0, 0, 0.5, 0.5], "rotation": 180, "texture": "#14"}
			}
		},
		{
			"name": "lapbar4",
			"from": [5, 6.4, 13.34],
			"to": [11, 7.4, 14.34],
			"faces": {
				"north": {"uv": [0, 0, 0.5, 0.5], "rotation": 270, "texture": "#14"},
				"east": {"uv": [0, 0, 0.5, 0.5], "rotation": 90, "texture": "#14"},
				"south": {"uv": [0, 0, 0.5, 0.5], "rotation": 90, "texture": "#14"},
				"west": {"uv": [0, 0, 0.5, 0.5], "rotation": 270, "texture": "#14"},
				"up": {"uv": [0, 0, 0.5, 0.5], "rotation": 90, "texture": "#14"},
				"down": {"uv": [0, 0, 0.5, 0.5], "rotation": 90, "texture": "#14"}
			}
		}
	],
	"display": {
		"thirdperson_righthand": {
			"scale": [4, 4, 4],
			"rotation": [1, 180, 0],
			"translation": [0, 0.5, 10]
		},
		"head": {
			"scale": [2.875, 3.7, 3.325],
			"rotation": [0, 180, 0],
			"translation": [0, 32, 30]
		}
	}
}