{
	"__comment": "Designed by Kodak_kev with Cubik Studio - https://cubik.studio",
	"textures": {
		"particle": "blocks/e_particle",
		"texture": "blocks/wool_colored_orange",
		"texture1": "blocks/hardened_clay_stained_green",
		"texture2": "custom/jackolantern1"
	},
	"elements": [
		{
			"__comment": "Box1",
			"from": [ 6, 5.25, 7.625 ],
			"to": [ 11, 6.25, 8.625 ],
			"rotation": { "origin": [ 6, 5.25, 7.625 ], "axis": "x", "angle": 22.5 },
			"faces": {
				"down": { "uv": [ 6, 13, 11, 14 ], "texture": "#texture" },
				"up": { "uv": [ 6, 2, 11, 3 ], "texture": "#texture" },
				"north": { "uv": [ 5, 15, 10, 16 ], "texture": "#texture" },
				"south": { "uv": [ 6, 15, 11, 16 ], "texture": "#texture" },
				"west": { "uv": [ 2, 15, 3, 16 ], "texture": "#texture" },
				"east": { "uv": [ 13, 15, 14, 16 ], "texture": "#texture" }
			}
		},
		{
			"__comment": "Box1",
			"from": [ 5.5, 4.875, 3 ],
			"to": [ 6.5, 5.875, 8 ],
			"rotation": { "origin": [ 5.5, 4.875, 3 ], "axis": "z", "angle": 22.5 },
			"faces": {
				"down": { "uv": [ 5, 8, 6, 13 ], "texture": "#texture" },
				"up": { "uv": [ 5, 3, 6, 8 ], "texture": "#texture" },
				"north": { "uv": [ 10, 15, 11, 16 ], "texture": "#texture" },
				"south": { "uv": [ 5, 15, 6, 16 ], "texture": "#texture" },
				"west": { "uv": [ 3, 15, 8, 16 ], "texture": "#texture" },
				"east": { "uv": [ 8, 15, 13, 16 ], "texture": "#texture" }
			}
		},
		{
			"__comment": "Box1",
			"from": [ 6, 4.875, 2.5 ],
			"to": [ 11, 5.875, 3.5 ],
			"rotation": { "origin": [ 6, 4.875, 2.5 ], "axis": "x", "angle": -22.5 },
			"faces": {
				"down": { "uv": [ 6, 13, 11, 14 ], "texture": "#texture" },
				"up": { "uv": [ 6, 2, 11, 3 ], "texture": "#texture" },
				"north": { "uv": [ 5, 15, 10, 16 ], "texture": "#texture" },
				"south": { "uv": [ 6, 15, 11, 16 ], "texture": "#texture" },
				"west": { "uv": [ 2, 15, 3, 16 ], "texture": "#texture" },
				"east": { "uv": [ 13, 15, 14, 16 ], "texture": "#texture" }
			}
		},
		{
			"__comment": "Box1",
			"from": [ 6, 0, 3 ],
			"to": [ 11, 1, 8 ],
			"faces": {
				"down": { "uv": [ 6, 8, 11, 13 ], "texture": "#texture" },
				"up": { "uv": [ 6, 3, 11, 8 ], "texture": "#texture" },
				"north": { "uv": [ 5, 15, 10, 16 ], "texture": "#texture" },
				"south": { "uv": [ 6, 15, 11, 16 ], "texture": "#texture" },
				"west": { "uv": [ 3, 15, 8, 16 ], "texture": "#texture" },
				"east": { "uv": [ 8, 15, 13, 16 ], "texture": "#texture" }
			}
		},
		{
			"__comment": "Box1",
			"from": [ 5.125, 0.5, 3 ],
			"to": [ 6.125, 1.5, 8 ],
			"rotation": { "origin": [ 5.125, 0.5, 3 ], "axis": "z", "angle": -22.5 },
			"faces": {
				"down": { "uv": [ 5, 8, 6, 13 ], "texture": "#texture" },
				"up": { "uv": [ 5, 3, 6, 8 ], "texture": "#texture" },
				"north": { "uv": [ 10, 15, 11, 16 ], "texture": "#texture" },
				"south": { "uv": [ 5, 15, 6, 16 ], "texture": "#texture" },
				"west": { "uv": [ 3, 15, 8, 16 ], "texture": "#texture" },
				"east": { "uv": [ 8, 15, 13, 16 ], "texture": "#texture" }
			}
		},
		{
			"__comment": "Box6",
			"from": [ 11, 0.875, 3 ],
			"to": [ 12, 1.875, 8 ],
			"rotation": { "origin": [ 11, 0.875, 3 ], "axis": "z", "angle": -22.5 },
			"faces": {
				"down": { "uv": [ 5.125, 8, 6.125, 13 ], "texture": "#texture" },
				"up": { "uv": [ 5.125, 3, 6.125, 8 ], "texture": "#texture" },
				"north": { "uv": [ 9.875, 14.5, 10.875, 15.5 ], "texture": "#texture" },
				"south": { "uv": [ 5.125, 14.5, 6.125, 15.5 ], "texture": "#texture" },
				"west": { "uv": [ 3, 14.5, 8, 15.5 ], "texture": "#texture" },
				"east": { "uv": [ 8, 14.5, 13, 15.5 ], "texture": "#texture" }
			}
		},
		{
			"__comment": "Box6",
			"from": [ 11.25, 3.875, 3 ],
			"to": [ 12.25, 4.875, 8 ],
			"faces": {
				"down": { "uv": [ 5.125, 8, 6.125, 13 ], "texture": "#texture" },
				"up": { "uv": [ 5.125, 3, 6.125, 8 ], "texture": "#texture" },
				"north": { "uv": [ 9.875, 14.5, 10.875, 15.5 ], "texture": "#texture" },
				"south": { "uv": [ 5.125, 14.5, 6.125, 15.5 ], "texture": "#texture" },
				"west": { "uv": [ 3, 14.5, 8, 15.5 ], "texture": "#texture" },
				"east": { "uv": [ 8, 14.5, 13, 15.5 ], "texture": "#texture" }
			}
		},
		{
			"__comment": "Box8",
			"from": [ 6, 3.875, 8.25 ],
			"to": [ 11, 4.875, 9.25 ],
			"faces": {
				"down": { "uv": [ 6, 13, 11, 14 ], "texture": "#texture" },
				"up": { "uv": [ 6, 2, 11, 3 ], "texture": "#texture" },
				"north": { "uv": [ 5, 14.5, 10, 15.5 ], "texture": "#texture" },
				"south": { "uv": [ 6, 14.5, 11, 15.5 ], "texture": "#texture" },
				"west": { "uv": [ 2, 14.5, 3, 15.5 ], "texture": "#texture" },
				"east": { "uv": [ 13, 14.5, 14, 15.5 ], "texture": "#texture" }
			}
		},
		{
			"__comment": "Box6",
			"from": [ 11.375, 4.5, 3 ],
			"to": [ 12.375, 5.5, 8 ],
			"rotation": { "origin": [ 11.375, 4.5, 3 ], "axis": "z", "angle": 22.5 },
			"faces": {
				"down": { "uv": [ 5.125, 8, 6.125, 13 ], "texture": "#texture" },
				"up": { "uv": [ 5.125, 3, 6.125, 8 ], "texture": "#texture" },
				"north": { "uv": [ 9.875, 14.5, 10.875, 15.5 ], "texture": "#texture" },
				"south": { "uv": [ 5.125, 14.5, 6.125, 15.5 ], "texture": "#texture" },
				"west": { "uv": [ 3, 14.5, 8, 15.5 ], "texture": "#texture" },
				"east": { "uv": [ 8, 14.5, 13, 15.5 ], "texture": "#texture" }
			}
		},
		{
			"__comment": "Box6",
			"from": [ 4.75, 3.875, 3 ],
			"to": [ 5.75, 4.875, 8 ],
			"faces": {
				"down": { "uv": [ 5.125, 8, 6.125, 13 ], "texture": "#texture" },
				"up": { "uv": [ 5.125, 3, 6.125, 8 ], "texture": "#texture" },
				"north": { "uv": [ 9.875, 14.5, 10.875, 15.5 ], "texture": "#texture" },
				"south": { "uv": [ 5.125, 14.5, 6.125, 15.5 ], "texture": "#texture" },
				"west": { "uv": [ 3, 14.5, 8, 15.5 ], "texture": "#texture" },
				"east": { "uv": [ 8, 14.5, 13, 15.5 ], "texture": "#texture" }
			}
		},
		{
			"__comment": "Box8",
			"from": [ 6, 4.875, 1.75 ],
			"to": [ 11, 5.875, 2.75 ],
			"rotation": { "origin": [ 6, 4.875, 1.75 ], "axis": "x", "angle": 22.5 },
			"faces": {
				"down": { "uv": [ 6, 13, 11, 14 ], "texture": "#texture" },
				"up": { "uv": [ 6, 2, 11, 3 ], "texture": "#texture" },
				"north": { "uv": [ 5, 14.5, 10, 15.5 ], "texture": "#texture" },
				"south": { "uv": [ 6, 14.5, 11, 15.5 ], "texture": "#texture" },
				"west": { "uv": [ 2, 14.5, 3, 15.5 ], "texture": "#texture" },
				"east": { "uv": [ 13, 14.5, 14, 15.5 ], "texture": "#texture" }
			}
		},
		{
			"__comment": "Box8",
			"from": [ 6, 3.875, 1.75 ],
			"to": [ 11, 4.875, 2.75 ],
			"faces": {
				"down": { "uv": [ 6, 13, 11, 14 ], "texture": "#texture" },
				"up": { "uv": [ 6, 2, 11, 3 ], "texture": "#texture" },
				"north": { "uv": [ 5, 14.5, 10, 15.5 ], "texture": "#texture" },
				"south": { "uv": [ 6, 14.5, 11, 15.5 ], "texture": "#texture" },
				"west": { "uv": [ 2, 14.5, 3, 15.5 ], "texture": "#texture" },
				"east": { "uv": [ 13, 14.5, 14, 15.5 ], "texture": "#texture" }
			}
		},
		{
			"__comment": "Box14",
			"from": [ 5.5, 0.625, 2.5 ],
			"to": [ 12, 5.625, 8.5 ],
			"faces": {
				"down": { "uv": [ 5.5, 7.5, 12, 13.5 ], "texture": "#texture" },
				"up": { "uv": [ 5.5, 2.5, 12, 8.5 ], "texture": "#texture" },
				"north": { "uv": [ 4, 10.375, 10.5, 15.375 ], "texture": "#texture" },
				"south": { "uv": [ 5.5, 10.375, 12, 15.375 ], "texture": "#texture" },
				"west": { "uv": [ 2.5, 10.375, 8.5, 15.375 ], "texture": "#texture" },
				"east": { "uv": [ 7.5, 10.375, 13.5, 15.375 ], "texture": "#texture" }
			}
		},
		{
			"__comment": "Box15",
			"from": [ 6, 1.75, 1.5 ],
			"to": [ 11, 4.75, 9.5 ],
			"faces": {
				"down": { "uv": [ 6, 6.5, 11, 14.5 ], "texture": "#texture" },
				"up": { "uv": [ 6, 1.5, 11, 9.5 ], "texture": "#texture" },
				"north": { "uv": [ 5, 11.25, 10, 14.25 ], "texture": "#texture" },
				"south": { "uv": [ 6, 11.25, 11, 14.25 ], "texture": "#texture" },
				"west": { "uv": [ 1.5, 11.25, 9.5, 14.25 ], "texture": "#texture" },
				"east": { "uv": [ 6.5, 11.25, 14.5, 14.25 ], "texture": "#texture" }
			}
		},
		{
			"__comment": "Box15",
			"from": [ 4.5, 1.75, 3 ],
			"to": [ 12.5, 4.75, 8 ],
			"faces": {
				"down": { "uv": [ 4.5, 8, 12.5, 13 ], "texture": "#texture" },
				"up": { "uv": [ 4.5, 3, 12.5, 8 ], "texture": "#texture" },
				"north": { "uv": [ 3.5, 11.25, 11.5, 14.25 ], "texture": "#texture" },
				"south": { "uv": [ 4.5, 11.25, 12.5, 14.25 ], "texture": "#texture" },
				"west": { "uv": [ 3, 11.25, 8, 14.25 ], "texture": "#texture" },
				"east": { "uv": [ 8, 11.25, 13, 14.25 ], "texture": "#texture" }
			}
		},
		{
			"__comment": "Box17",
			"from": [ 4.5, 2, 8.125 ],
			"to": [ 5.5, 4.5, 10.125 ],
			"rotation": { "origin": [ 4.5, 2, 8.125 ], "axis": "y", "angle": 45 },
			"faces": {
				"down": { "uv": [ 14.5, 15.5, 16, 16 ], "texture": "#texture" },
				"up": { "uv": [ 14.5, 0, 16, 0.5 ], "texture": "#texture" },
				"north": { "uv": [ 0, 15, 1.5, 16 ], "texture": "#texture" },
				"south": { "uv": [ 14.5, 15, 16, 16 ], "texture": "#texture" },
				"west": { "uv": [ 0, 15, 0.5, 16 ], "texture": "#texture" },
				"east": { "uv": [ 15.5, 15, 16, 16 ], "texture": "#texture" }
			}
		},
		{
			"__comment": "Box17",
			"from": [ 4.5, 2, 2.875 ],
			"to": [ 6.5, 4.5, 3.875 ],
			"rotation": { "origin": [ 4.5, 2, 2.875 ], "axis": "y", "angle": 45 },
			"faces": {
				"down": { "uv": [ 14.5, 15.5, 16, 16 ], "texture": "#texture" },
				"up": { "uv": [ 14.5, 0, 16, 0.5 ], "texture": "#texture" },
				"north": { "uv": [ 0, 15, 1.5, 16 ], "texture": "#texture" },
				"south": { "uv": [ 14.5, 15, 16, 16 ], "texture": "#texture" },
				"west": { "uv": [ 0, 15, 0.5, 16 ], "texture": "#texture" },
				"east": { "uv": [ 15.5, 15, 16, 16 ], "texture": "#texture" }
			}
		},
		{
			"__comment": "Box17",
			"from": [ 10.375, 2, 8.75 ],
			"to": [ 12.375, 4.5, 9.75 ],
			"rotation": { "origin": [ 10.375, 2, 8.75 ], "axis": "y", "angle": 45 },
			"faces": {
				"down": { "uv": [ 14.5, 15.5, 16, 16 ], "texture": "#texture" },
				"up": { "uv": [ 14.5, 0, 16, 0.5 ], "texture": "#texture" },
				"north": { "uv": [ 0, 15, 1.5, 16 ], "texture": "#texture" },
				"south": { "uv": [ 14.5, 15, 16, 16 ], "texture": "#texture" },
				"west": { "uv": [ 0, 15, 0.5, 16 ], "texture": "#texture" },
				"east": { "uv": [ 15.5, 15, 16, 16 ], "texture": "#texture" }
			}
		},
		{
			"__comment": "Box17",
			"from": [ 10.375, 2, 2.25 ],
			"to": [ 11.375, 4.5, 4.25 ],
			"rotation": { "origin": [ 10.375, 2, 2.25 ], "axis": "y", "angle": 45 },
			"faces": {
				"down": { "uv": [ 14.5, 15.5, 16, 16 ], "texture": "#texture" },
				"up": { "uv": [ 14.5, 0, 16, 0.5 ], "texture": "#texture" },
				"north": { "uv": [ 0, 15, 1.5, 16 ], "texture": "#texture" },
				"south": { "uv": [ 14.5, 15, 16, 16 ], "texture": "#texture" },
				"west": { "uv": [ 0, 15, 0.5, 16 ], "texture": "#texture" },
				"east": { "uv": [ 15.5, 15, 16, 16 ], "texture": "#texture" }
			}
		},
		{
			"__comment": "Box8",
			"from": [ 6, 1.375, 1.75 ],
			"to": [ 11, 2.375, 2.75 ],
			"faces": {
				"down": { "uv": [ 6, 13, 11, 14 ], "texture": "#texture" },
				"up": { "uv": [ 6, 2, 11, 3 ], "texture": "#texture" },
				"north": { "uv": [ 5, 14.5, 10, 15.5 ], "texture": "#texture" },
				"south": { "uv": [ 6, 14.5, 11, 15.5 ], "texture": "#texture" },
				"west": { "uv": [ 2, 14.5, 3, 15.5 ], "texture": "#texture" },
				"east": { "uv": [ 13, 14.5, 14, 15.5 ], "texture": "#texture" }
			}
		},
		{
			"__comment": "Box8",
			"from": [ 6, 1.375, 8.25 ],
			"to": [ 11, 2.375, 9.25 ],
			"faces": {
				"down": { "uv": [ 6, 13, 11, 14 ], "texture": "#texture" },
				"up": { "uv": [ 6, 2, 11, 3 ], "texture": "#texture" },
				"north": { "uv": [ 5, 14.5, 10, 15.5 ], "texture": "#texture" },
				"south": { "uv": [ 6, 14.5, 11, 15.5 ], "texture": "#texture" },
				"west": { "uv": [ 2, 14.5, 3, 15.5 ], "texture": "#texture" },
				"east": { "uv": [ 13, 14.5, 14, 15.5 ], "texture": "#texture" }
			}
		},
		{
			"__comment": "Box8",
			"from": [ 6, 4.5, 8.375 ],
			"to": [ 11, 5.5, 9.375 ],
			"rotation": { "origin": [ 6, 4.5, 8.375 ], "axis": "x", "angle": -22.5 },
			"faces": {
				"down": { "uv": [ 6, 13, 11, 14 ], "texture": "#texture" },
				"up": { "uv": [ 6, 2, 11, 3 ], "texture": "#texture" },
				"north": { "uv": [ 5, 14.5, 10, 15.5 ], "texture": "#texture" },
				"south": { "uv": [ 6, 14.5, 11, 15.5 ], "texture": "#texture" },
				"west": { "uv": [ 2, 14.5, 3, 15.5 ], "texture": "#texture" },
				"east": { "uv": [ 13, 14.5, 14, 15.5 ], "texture": "#texture" }
			}
		},
		{
			"__comment": "Box8",
			"from": [ 6, 0.875, 8 ],
			"to": [ 11, 1.875, 9 ],
			"rotation": { "origin": [ 6, 0.875, 8 ], "axis": "x", "angle": 22.5 },
			"faces": {
				"down": { "uv": [ 6, 13, 11, 14 ], "texture": "#texture" },
				"up": { "uv": [ 6, 2, 11, 3 ], "texture": "#texture" },
				"north": { "uv": [ 5, 14.5, 10, 15.5 ], "texture": "#texture" },
				"south": { "uv": [ 6, 14.5, 11, 15.5 ], "texture": "#texture" },
				"west": { "uv": [ 2, 14.5, 3, 15.5 ], "texture": "#texture" },
				"east": { "uv": [ 13, 14.5, 14, 15.5 ], "texture": "#texture" }
			}
		},
		{
			"__comment": "Box8",
			"from": [ 6, 0.5, 2.125 ],
			"to": [ 11, 1.5, 3.125 ],
			"rotation": { "origin": [ 6, 0.5, 2.125 ], "axis": "x", "angle": -22.5 },
			"faces": {
				"down": { "uv": [ 6, 13, 11, 14 ], "texture": "#texture" },
				"up": { "uv": [ 6, 2, 11, 3 ], "texture": "#texture" },
				"north": { "uv": [ 5, 14.5, 10, 15.5 ], "texture": "#texture" },
				"south": { "uv": [ 6, 14.5, 11, 15.5 ], "texture": "#texture" },
				"west": { "uv": [ 2, 14.5, 3, 15.5 ], "texture": "#texture" },
				"east": { "uv": [ 13, 14.5, 14, 15.5 ], "texture": "#texture" }
			}
		},
		{
			"__comment": "Box1",
			"from": [ 6, 0.5, 2.125 ],
			"to": [ 11, 1.5, 3.125 ],
			"rotation": { "origin": [ 6, 0.5, 2.125 ], "axis": "x", "angle": 22.5 },
			"faces": {
				"down": { "uv": [ 6, 13, 11, 14 ], "texture": "#texture" },
				"up": { "uv": [ 6, 2, 11, 3 ], "texture": "#texture" },
				"north": { "uv": [ 5, 15, 10, 16 ], "texture": "#texture" },
				"south": { "uv": [ 6, 15, 11, 16 ], "texture": "#texture" },
				"west": { "uv": [ 2, 15, 3, 16 ], "texture": "#texture" },
				"east": { "uv": [ 13, 15, 14, 16 ], "texture": "#texture" }
			}
		},
		{
			"__comment": "Box1",
			"from": [ 6, 0.125, 8 ],
			"to": [ 11, 1.125, 9 ],
			"rotation": { "origin": [ 6, 0.125, 8 ], "axis": "x", "angle": -22.5 },
			"faces": {
				"down": { "uv": [ 6, 13, 11, 14 ], "texture": "#texture" },
				"up": { "uv": [ 6, 2, 11, 3 ], "texture": "#texture" },
				"north": { "uv": [ 5, 15, 10, 16 ], "texture": "#texture" },
				"south": { "uv": [ 6, 15, 11, 16 ], "texture": "#texture" },
				"west": { "uv": [ 2, 15, 3, 16 ], "texture": "#texture" },
				"east": { "uv": [ 13, 15, 14, 16 ], "texture": "#texture" }
			}
		},
		{
			"__comment": "Box6",
			"from": [ 11.25, 1.375, 3 ],
			"to": [ 12.25, 2.375, 8 ],
			"faces": {
				"down": { "uv": [ 5.125, 8, 6.125, 13 ], "texture": "#texture" },
				"up": { "uv": [ 5.125, 3, 6.125, 8 ], "texture": "#texture" },
				"north": { "uv": [ 9.875, 14.5, 10.875, 15.5 ], "texture": "#texture" },
				"south": { "uv": [ 5.125, 14.5, 6.125, 15.5 ], "texture": "#texture" },
				"west": { "uv": [ 3, 14.5, 8, 15.5 ], "texture": "#texture" },
				"east": { "uv": [ 8, 14.5, 13, 15.5 ], "texture": "#texture" }
			}
		},
		{
			"__comment": "Box6",
			"from": [ 4.75, 1.375, 3 ],
			"to": [ 5.75, 2.375, 8 ],
			"faces": {
				"down": { "uv": [ 5.125, 8, 6.125, 13 ], "texture": "#texture" },
				"up": { "uv": [ 5.125, 3, 6.125, 8 ], "texture": "#texture" },
				"north": { "uv": [ 9.875, 14.5, 10.875, 15.5 ], "texture": "#texture" },
				"south": { "uv": [ 5.125, 14.5, 6.125, 15.5 ], "texture": "#texture" },
				"west": { "uv": [ 3, 14.5, 8, 15.5 ], "texture": "#texture" },
				"east": { "uv": [ 8, 14.5, 13, 15.5 ], "texture": "#texture" }
			}
		},
		{
			"__comment": "Box6",
			"from": [ 5.125, 0.5, 3 ],
			"to": [ 6.125, 1.5, 8 ],
			"rotation": { "origin": [ 5.125, 0.5, 3 ], "axis": "z", "angle": 22.5 },
			"faces": {
				"down": { "uv": [ 5.125, 8, 6.125, 13 ], "texture": "#texture" },
				"up": { "uv": [ 5.125, 3, 6.125, 8 ], "texture": "#texture" },
				"north": { "uv": [ 9.875, 14.5, 10.875, 15.5 ], "texture": "#texture" },
				"south": { "uv": [ 5.125, 14.5, 6.125, 15.5 ], "texture": "#texture" },
				"west": { "uv": [ 3, 14.5, 8, 15.5 ], "texture": "#texture" },
				"east": { "uv": [ 8, 14.5, 13, 15.5 ], "texture": "#texture" }
			}
		},
		{
			"__comment": "Box6",
			"from": [ 4.75, 4.875, 3 ],
			"to": [ 5.75, 5.875, 8 ],
			"rotation": { "origin": [ 4.75, 4.875, 3 ], "axis": "z", "angle": -22.5 },
			"faces": {
				"down": { "uv": [ 5.125, 8, 6.125, 13 ], "texture": "#texture" },
				"up": { "uv": [ 5.125, 3, 6.125, 8 ], "texture": "#texture" },
				"north": { "uv": [ 9.875, 14.5, 10.875, 15.5 ], "texture": "#texture" },
				"south": { "uv": [ 5.125, 14.5, 6.125, 15.5 ], "texture": "#texture" },
				"west": { "uv": [ 3, 14.5, 8, 15.5 ], "texture": "#texture" },
				"east": { "uv": [ 8, 14.5, 13, 15.5 ], "texture": "#texture" }
			}
		},
		{
			"__comment": "Box1",
			"from": [ 11, 0.125, 3 ],
			"to": [ 12, 1.125, 8 ],
			"rotation": { "origin": [ 11, 0.125, 3 ], "axis": "z", "angle": 22.5 },
			"faces": {
				"down": { "uv": [ 5, 8, 6, 13 ], "texture": "#texture" },
				"up": { "uv": [ 5, 3, 6, 8 ], "texture": "#texture" },
				"north": { "uv": [ 10, 15, 11, 16 ], "texture": "#texture" },
				"south": { "uv": [ 5, 15, 6, 16 ], "texture": "#texture" },
				"west": { "uv": [ 3, 15, 8, 16 ], "texture": "#texture" },
				"east": { "uv": [ 8, 15, 13, 16 ], "texture": "#texture" }
			}
		},
		{
			"__comment": "Box1",
			"from": [ 10.625, 5.25, 3 ],
			"to": [ 11.625, 6.25, 8 ],
			"rotation": { "origin": [ 10.625, 5.25, 3 ], "axis": "z", "angle": -22.5 },
			"faces": {
				"down": { "uv": [ 5, 8, 6, 13 ], "texture": "#texture" },
				"up": { "uv": [ 5, 3, 6, 8 ], "texture": "#texture" },
				"north": { "uv": [ 10, 15, 11, 16 ], "texture": "#texture" },
				"south": { "uv": [ 5, 15, 6, 16 ], "texture": "#texture" },
				"west": { "uv": [ 3, 15, 8, 16 ], "texture": "#texture" },
				"east": { "uv": [ 8, 15, 13, 16 ], "texture": "#texture" }
			}
		},
		{
			"__comment": "Box34",
			"from": [ 6, 4.75, 7 ],
			"to": [ 11, 5.75, 8.5 ],
			"rotation": { "origin": [ 6, 4.75, 7 ], "axis": "x", "angle": -22.5 },
			"faces": {
				"down": { "uv": [ 6, 8, 11, 9.5 ], "texture": "#texture" },
				"up": { "uv": [ 6, 6.5, 11, 8 ], "texture": "#texture" },
				"north": { "uv": [ 5, 9.75, 10, 10.75 ], "texture": "#texture" },
				"south": { "uv": [ 6, 9.75, 11, 10.75 ], "texture": "#texture" },
				"west": { "uv": [ 6.5, 9.75, 8, 10.75 ], "texture": "#texture" },
				"east": { "uv": [ 8, 9.75, 9.5, 10.75 ], "texture": "#texture" }
			}
		},
		{
			"__comment": "Box34",
			"from": [ 6, 5.25, 2.625 ],
			"to": [ 11, 6.25, 4.125 ],
			"rotation": { "origin": [ 6, 5.25, 2.625 ], "axis": "x", "angle": 22.5 },
			"faces": {
				"down": { "uv": [ 6, 11.5, 11, 13 ], "texture": "#texture" },
				"up": { "uv": [ 6, 3, 11, 4.5 ], "texture": "#texture" },
				"north": { "uv": [ 5, 9.75, 10, 10.75 ], "texture": "#texture" },
				"south": { "uv": [ 6, 9.75, 11, 10.75 ], "texture": "#texture" },
				"west": { "uv": [ 3, 9.75, 4.5, 10.75 ], "texture": "#texture" },
				"east": { "uv": [ 11.5, 9.75, 13, 10.75 ], "texture": "#texture" }
			}
		},
		{
			"__comment": "Box34",
			"from": [ 5.625, 5.25, 3 ],
			"to": [ 7.125, 6.25, 8 ],
			"rotation": { "origin": [ 5.625, 5.25, 3 ], "axis": "z", "angle": -22.5 },
			"faces": {
				"down": { "uv": [ 6, 8, 7.5, 13 ], "texture": "#texture" },
				"up": { "uv": [ 6, 3, 7.5, 8 ], "texture": "#texture" },
				"north": { "uv": [ 8.5, 9.75, 10, 10.75 ], "texture": "#texture" },
				"south": { "uv": [ 6, 9.75, 7.5, 10.75 ], "texture": "#texture" },
				"west": { "uv": [ 3, 9.75, 8, 10.75 ], "texture": "#texture" },
				"east": { "uv": [ 8, 9.75, 13, 10.75 ], "texture": "#texture" }
			}
		},
		{
			"__comment": "Box39",
			"from": [ 6.5, 4.875, 3.5 ],
			"to": [ 10.5, 5.875, 7.5 ],
			"faces": {
				"down": { "uv": [ 6.5, 8.5, 10.5, 12.5 ], "texture": "#texture" },
				"up": { "uv": [ 6.5, 3.5, 10.5, 7.5 ], "texture": "#texture" },
				"north": { "uv": [ 5.5, 10.125, 9.5, 11.125 ], "texture": "#texture" },
				"south": { "uv": [ 6.5, 10.125, 10.5, 11.125 ], "texture": "#texture" },
				"west": { "uv": [ 3.5, 10.125, 7.5, 11.125 ], "texture": "#texture" },
				"east": { "uv": [ 8.5, 10.125, 12.5, 11.125 ], "texture": "#texture" }
			}
		},
		{
			"__comment": "Box34",
			"from": [ 10, 4.75, 3 ],
			"to": [ 11.5, 5.75, 8 ],
			"rotation": { "origin": [ 10, 4.75, 3 ], "axis": "z", "angle": 22.5 },
			"faces": {
				"down": { "uv": [ 9.5, 8, 11, 13 ], "texture": "#texture" },
				"up": { "uv": [ 9.5, 3, 11, 8 ], "texture": "#texture" },
				"north": { "uv": [ 5, 9.75, 6.5, 10.75 ], "texture": "#texture" },
				"south": { "uv": [ 9.5, 9.75, 11, 10.75 ], "texture": "#texture" },
				"west": { "uv": [ 3, 9.75, 8, 10.75 ], "texture": "#texture" },
				"east": { "uv": [ 8, 9.75, 13, 10.75 ], "texture": "#texture" }
			}
		},
		{
			"__comment": "Box41",
			"from": [ 8.375, 7.125, 5 ],
			"to": [ 9.375, 8.125, 6 ],
			"rotation": { "origin": [ 8.375, 7.125, 5 ], "axis": "z", "angle": -45 },
			"faces": {
				"down": { "uv": [ 8, 10, 9, 11 ], "texture": "#texture1" },
				"up": { "uv": [ 8, 5, 9, 6 ], "texture": "#texture1" },
				"north": { "uv": [ 7, 9.625, 8, 10.625 ], "texture": "#texture1" },
				"south": { "uv": [ 8, 9.625, 9, 10.625 ], "texture": "#texture1" },
				"west": { "uv": [ 5, 9.625, 6, 10.625 ], "texture": "#texture1" },
				"east": { "uv": [ 10, 9.625, 11, 10.625 ], "texture": "#texture1" }
			}
		},
		{
			"__comment": "Box41",
			"from": [ 8, 5.625, 5 ],
			"to": [ 9, 6.625, 6 ],
			"faces": {
				"down": { "uv": [ 8, 10, 9, 11 ], "texture": "#texture1" },
				"up": { "uv": [ 8, 5, 9, 6 ], "texture": "#texture1" },
				"north": { "uv": [ 7, 9.375, 8, 10.375 ], "texture": "#texture1" },
				"south": { "uv": [ 8, 9.375, 9, 10.375 ], "texture": "#texture1" },
				"west": { "uv": [ 5, 9.375, 6, 10.375 ], "texture": "#texture1" },
				"east": { "uv": [ 10, 9.375, 11, 10.375 ], "texture": "#texture1" }
			}
		},
		{
			"__comment": "Box41",
			"from": [ 8, 6.375, 5 ],
			"to": [ 9, 7.375, 6 ],
			"rotation": { "origin": [ 8, 6.375, 5 ], "axis": "z", "angle": -22.5 },
			"faces": {
				"down": { "uv": [ 8, 10, 9, 11 ], "texture": "#texture1" },
				"up": { "uv": [ 8, 5, 9, 6 ], "texture": "#texture1" },
				"north": { "uv": [ 7, 9.625, 8, 10.625 ], "texture": "#texture1" },
				"south": { "uv": [ 8, 9.625, 9, 10.625 ], "texture": "#texture1" },
				"west": { "uv": [ 5, 9.625, 6, 10.625 ], "texture": "#texture1" },
				"east": { "uv": [ 10, 9.625, 11, 10.625 ], "texture": "#texture1" }
			}
		},
		{
			"__comment": "Box15",
			"from": [ 4.5, 2, 3 ],
			"to": [ 12.5, 4.5, 8 ],
			"faces": {
				"down": { "uv": [ 4.5, 8, 12.5, 13 ], "texture": "#texture" },
				"up": { "uv": [ 4.5, 3, 12.5, 8 ], "texture": "#texture" },
				"north": { "uv": [ 3.5, 11.5, 11.5, 14 ], "texture": "#texture" },
				"south": { "uv": [ 4.5, 11.5, 12.5, 14 ], "texture": "#texture" },
				"west": { "uv": [ 3, 11.5, 8, 14 ], "texture": "#texture" },
				"east": { "uv": [ 8, 11.5, 13, 14 ], "texture": "#texture" }
			}
		},
		{
			"__comment": "Box15",
			"from": [ 6, 2, 1.5 ],
			"to": [ 11, 4.5, 9.5 ],
			"faces": {
				"down": { "uv": [ 6, 6.5, 11, 14.5 ], "texture": "#texture" },
				"up": { "uv": [ 6, 1.5, 11, 9.5 ], "texture": "#texture" },
				"north": { "uv": [ 5, 11.5, 10, 14 ], "texture": "#texture" },
				"south": { "uv": [ 6, 11.5, 11, 14 ], "texture": "#texture" },
				"west": { "uv": [ 1.5, 11.5, 9.5, 14 ], "texture": "#texture" },
				"east": { "uv": [ 6.5, 11.5, 14.5, 14 ], "texture": "#texture" }
			}
		},
		{
			"__comment": "Box43",
			"from": [ 5.875, 0.5, 1.375 ],
			"to": [ 10.875, 5.5, 2.375 ],
			"faces": {
				"down": { "uv": [ 0, 0, 12.65729, 1.666667 ], "texture": "#texture2" },
				"up": { "uv": [ 0, 0, 8.729167, 2.666667 ], "texture": "#texture2" },
				"north": { "uv": [ 0, 0, 16, 16 ], "texture": "#texture2" },
				"south": { "uv": [ 0, 0, 16, 16 ], "texture": "#texture2" },
				"west": { "uv": [ 0, 0, 11.78438, 2 ], "texture": "#texture2" },
				"east": { "uv": [ 0, 0, 10.03854, 2.333333 ], "texture": "#texture2" }
			}
		}
	],
	"display": {
		"thirdperson_righthand": {
			"rotation":  [ 74, 31, 5 ],
			"translation":  [ 3.4782, 0.0006, 3.4782 ]
		},
		"thirdperson_lefthand": {
			"rotation":  [ 74, 31, 5 ],
			"translation":  [ 3.4782, 0.0006, 3.4782 ]
		},
		"firstperson_righthand": {
			"rotation":  [ 2, 99, 0 ],
			"translation":  [ 0, 6.2608, 0 ]
		},
		"firstperson_lefthand": {
			"rotation":  [ 2, 99, 0 ],
			"translation":  [ 0, 6.2608, 0 ]
		},
		"gui": {
			"rotation":  [ 0, 180, 0 ],
			"translation":  [ 1.0869, 9.0434, 0 ],
			"scale":  [ 2.0521, 2.0782, 0.0001 ]
		},
		"head": {
			"translation":  [ -1.391, 13.913, 6.2608 ],
			"scale":  [ 2.8433, 2.8781, 2.7041 ]
		},
		"ground": {
			"translation":  [ 0, 6.9557, 0 ]
		},
		"fixed": {
			"translation":  [ -1.391, 9.0434, 0 ],
			"scale":  [ 2.0434, 2.0434, 1 ]
		}
	}
}
