{
	"__comment": "Designed by Kodak_kev with Cubik Studio - https://cubik.studio",
	"textures": {
		"particle": "blocks/e_particle",
		"texture": "blocks/cobblestone_mossy",
		"texture1": "blocks/wool_colored_silver",
		"texture2": "blocks/clay"
	},
	"elements": [ 	 
		{
			"__comment": "Box1",
			"from": [ 0, 7.8, 6.8 ],
			"to": [ 16, 9.2, 8.2 ],
			"faces": {
				"down": { "uv": [ 0, 8, 16, 9 ], "texture": "#texture2" },
				"up": { "uv": [ 0, 7, 16, 8 ], "texture": "#texture2" },
				"north": { "uv": [ 0, 7, 16, 8 ], "texture": "#texture2" },
				"south": { "uv": [ 0, 7, 16, 8 ], "texture": "#texture2" },
				"west": { "uv": [ 7, 7, 8, 8 ], "texture": "#texture2" },
				"east": { "uv": [ 8, 7, 9, 8 ], "texture": "#texture2" }
			}
		},
		{
			"__comment": "Box2",
			"from": [ 0.25, 7.75, 6.75 ],
			"to": [ 0.75, 9.25, 8.25 ],
			"faces": {
				"down": { "uv": [ 0.25, 7.75, 0.75, 9.25 ], "texture": "#texture" },
				"up": { "uv": [ 0.25, 6.75, 0.75, 8.25 ], "texture": "#texture" },
				"north": { "uv": [ 15.25, 6.75, 15.75, 8.25 ], "texture": "#texture" },
				"south": { "uv": [ 0.25, 6.75, 0.75, 8.25 ], "texture": "#texture" },
				"west": { "uv": [ 6.75, 6.75, 8.25, 8.25 ], "texture": "#texture" },
				"east": { "uv": [ 7.75, 6.75, 9.25, 8.25 ], "texture": "#texture" }
			}
		},
		{
			"__comment": "Box2",
			"from": [ 1, 7.75, 6.75 ],
			"to": [ 1.5, 9.25, 8.25 ],
			"faces": {
				"down": { "uv": [ 1, 7.75, 1.5, 9.25 ], "texture": "#texture" },
				"up": { "uv": [ 1, 6.75, 1.5, 8.25 ], "texture": "#texture" },
				"north": { "uv": [ 14.5, 6.75, 15, 8.25 ], "texture": "#texture" },
				"south": { "uv": [ 1, 6.75, 1.5, 8.25 ], "texture": "#texture" },
				"west": { "uv": [ 6.75, 6.75, 8.25, 8.25 ], "texture": "#texture" },
				"east": { "uv": [ 7.75, 6.75, 9.25, 8.25 ], "texture": "#texture" }
			}
		},
		{
			"__comment": "Box2",
			"from": [ 15.25, 7.75, 6.75 ],
			"to": [ 15.75, 9.25, 8.25 ],
			"faces": {
				"down": { "uv": [ 15.25, 7.75, 15.75, 9.25 ], "texture": "#texture" },
				"up": { "uv": [ 15.25, 6.75, 15.75, 8.25 ], "texture": "#texture" },
				"north": { "uv": [ 0.25, 6.75, 0.75, 8.25 ], "texture": "#texture" },
				"south": { "uv": [ 15.25, 6.75, 15.75, 8.25 ], "texture": "#texture" },
				"west": { "uv": [ 6.75, 6.75, 8.25, 8.25 ], "texture": "#texture" },
				"east": { "uv": [ 7.75, 6.75, 9.25, 8.25 ], "texture": "#texture" }
			}
		},
		{
			"__comment": "Box2",
			"from": [ 14.5, 7.75, 6.75 ],
			"to": [ 15, 9.25, 8.25 ],
			"faces": {
				"down": { "uv": [ 14.5, 7.75, 15, 9.25 ], "texture": "#texture" },
				"up": { "uv": [ 14.5, 6.75, 15, 8.25 ], "texture": "#texture" },
				"north": { "uv": [ 1, 6.75, 1.5, 8.25 ], "texture": "#texture" },
				"south": { "uv": [ 14.5, 6.75, 15, 8.25 ], "texture": "#texture" },
				"west": { "uv": [ 6.75, 6.75, 8.25, 8.25 ], "texture": "#texture" },
				"east": { "uv": [ 7.75, 6.75, 9.25, 8.25 ], "texture": "#texture" }
			}
		},
		{
			"__comment": "Box2",
			"from": [ 13.75, 7.75, 6.75 ],
			"to": [ 14.25, 9.25, 8.25 ],
			"faces": {
				"down": { "uv": [ 13.75, 7.75, 14.25, 9.25 ], "texture": "#texture" },
				"up": { "uv": [ 13.75, 6.75, 14.25, 8.25 ], "texture": "#texture" },
				"north": { "uv": [ 1.75, 6.75, 2.25, 8.25 ], "texture": "#texture" },
				"south": { "uv": [ 13.75, 6.75, 14.25, 8.25 ], "texture": "#texture" },
				"west": { "uv": [ 6.75, 6.75, 8.25, 8.25 ], "texture": "#texture" },
				"east": { "uv": [ 7.75, 6.75, 9.25, 8.25 ], "texture": "#texture" }
			}
		},
		{
			"__comment": "Box2",
			"from": [ 13, 7.75, 6.75 ],
			"to": [ 13.5, 9.25, 8.25 ],
			"faces": {
				"down": { "uv": [ 13, 7.75, 13.5, 9.25 ], "texture": "#texture" },
				"up": { "uv": [ 13, 6.75, 13.5, 8.25 ], "texture": "#texture" },
				"north": { "uv": [ 2.5, 6.75, 3, 8.25 ], "texture": "#texture" },
				"south": { "uv": [ 13, 6.75, 13.5, 8.25 ], "texture": "#texture" },
				"west": { "uv": [ 6.75, 6.75, 8.25, 8.25 ], "texture": "#texture" },
				"east": { "uv": [ 7.75, 6.75, 9.25, 8.25 ], "texture": "#texture" }
			}
		},
		{
			"__comment": "Box2",
			"from": [ 12.25, 7.75, 6.75 ],
			"to": [ 12.75, 9.25, 8.25 ],
			"faces": {
				"down": { "uv": [ 12.25, 7.75, 12.75, 9.25 ], "texture": "#texture" },
				"up": { "uv": [ 12.25, 6.75, 12.75, 8.25 ], "texture": "#texture" },
				"north": { "uv": [ 3.25, 6.75, 3.75, 8.25 ], "texture": "#texture" },
				"south": { "uv": [ 12.25, 6.75, 12.75, 8.25 ], "texture": "#texture" },
				"west": { "uv": [ 6.75, 6.75, 8.25, 8.25 ], "texture": "#texture" },
				"east": { "uv": [ 7.75, 6.75, 9.25, 8.25 ], "texture": "#texture" }
			}
		},
		{
			"__comment": "Box2",
			"from": [ 11.5, 7.75, 6.75 ],
			"to": [ 12, 9.25, 8.25 ],
			"faces": {
				"down": { "uv": [ 11.5, 7.75, 12, 9.25 ], "texture": "#texture" },
				"up": { "uv": [ 11.5, 6.75, 12, 8.25 ], "texture": "#texture" },
				"north": { "uv": [ 4, 6.75, 4.5, 8.25 ], "texture": "#texture" },
				"south": { "uv": [ 11.5, 6.75, 12, 8.25 ], "texture": "#texture" },
				"west": { "uv": [ 6.75, 6.75, 8.25, 8.25 ], "texture": "#texture" },
				"east": { "uv": [ 7.75, 6.75, 9.25, 8.25 ], "texture": "#texture" }
			}
		},
		{
			"__comment": "Box2",
			"from": [ 10.75, 7.75, 6.75 ],
			"to": [ 11.25, 9.25, 8.25 ],
			"faces": {
				"down": { "uv": [ 10.75, 7.75, 11.25, 9.25 ], "texture": "#texture" },
				"up": { "uv": [ 10.75, 6.75, 11.25, 8.25 ], "texture": "#texture" },
				"north": { "uv": [ 4.75, 6.75, 5.25, 8.25 ], "texture": "#texture" },
				"south": { "uv": [ 10.75, 6.75, 11.25, 8.25 ], "texture": "#texture" },
				"west": { "uv": [ 6.75, 6.75, 8.25, 8.25 ], "texture": "#texture" },
				"east": { "uv": [ 7.75, 6.75, 9.25, 8.25 ], "texture": "#texture" }
			}
		},
		{
			"__comment": "Box2",
			"from": [ 10, 7.75, 6.75 ],
			"to": [ 10.5, 9.25, 8.25 ],
			"faces": {
				"down": { "uv": [ 10, 7.75, 10.5, 9.25 ], "texture": "#texture" },
				"up": { "uv": [ 10, 6.75, 10.5, 8.25 ], "texture": "#texture" },
				"north": { "uv": [ 5.5, 6.75, 6, 8.25 ], "texture": "#texture" },
				"south": { "uv": [ 10, 6.75, 10.5, 8.25 ], "texture": "#texture" },
				"west": { "uv": [ 6.75, 6.75, 8.25, 8.25 ], "texture": "#texture" },
				"east": { "uv": [ 7.75, 6.75, 9.25, 8.25 ], "texture": "#texture" }
			}
		},
		{
			"__comment": "Box2",
			"from": [ 9.25, 7.75, 6.75 ],
			"to": [ 9.75, 9.25, 8.25 ],
			"faces": {
				"down": { "uv": [ 9.25, 7.75, 9.75, 9.25 ], "texture": "#texture" },
				"up": { "uv": [ 9.25, 6.75, 9.75, 8.25 ], "texture": "#texture" },
				"north": { "uv": [ 6.25, 6.75, 6.75, 8.25 ], "texture": "#texture" },
				"south": { "uv": [ 9.25, 6.75, 9.75, 8.25 ], "texture": "#texture" },
				"west": { "uv": [ 6.75, 6.75, 8.25, 8.25 ], "texture": "#texture" },
				"east": { "uv": [ 7.75, 6.75, 9.25, 8.25 ], "texture": "#texture" }
			}
		},
		{
			"__comment": "Box2",
			"from": [ 8.5, 7.75, 6.75 ],
			"to": [ 9, 9.25, 8.25 ],
			"faces": {
				"down": { "uv": [ 8.5, 7.75, 9, 9.25 ], "texture": "#texture" },
				"up": { "uv": [ 8.5, 6.75, 9, 8.25 ], "texture": "#texture" },
				"north": { "uv": [ 7, 6.75, 7.5, 8.25 ], "texture": "#texture" },
				"south": { "uv": [ 8.5, 6.75, 9, 8.25 ], "texture": "#texture" },
				"west": { "uv": [ 6.75, 6.75, 8.25, 8.25 ], "texture": "#texture" },
				"east": { "uv": [ 7.75, 6.75, 9.25, 8.25 ], "texture": "#texture" }
			}
		},
		{
			"__comment": "Box2",
			"from": [ 7.75, 7.75, 6.75 ],
			"to": [ 8.25, 9.25, 8.25 ],
			"faces": {
				"down": { "uv": [ 7.75, 7.75, 8.25, 9.25 ], "texture": "#texture" },
				"up": { "uv": [ 7.75, 6.75, 8.25, 8.25 ], "texture": "#texture" },
				"north": { "uv": [ 7.75, 6.75, 8.25, 8.25 ], "texture": "#texture" },
				"south": { "uv": [ 7.75, 6.75, 8.25, 8.25 ], "texture": "#texture" },
				"west": { "uv": [ 6.75, 6.75, 8.25, 8.25 ], "texture": "#texture" },
				"east": { "uv": [ 7.75, 6.75, 9.25, 8.25 ], "texture": "#texture" }
			}
		},
		{
			"__comment": "Box2",
			"from": [ 7, 7.75, 6.75 ],
			"to": [ 7.5, 9.25, 8.25 ],
			"faces": {
				"down": { "uv": [ 7, 7.75, 7.5, 9.25 ], "texture": "#texture" },
				"up": { "uv": [ 7, 6.75, 7.5, 8.25 ], "texture": "#texture" },
				"north": { "uv": [ 8.5, 6.75, 9, 8.25 ], "texture": "#texture" },
				"south": { "uv": [ 7, 6.75, 7.5, 8.25 ], "texture": "#texture" },
				"west": { "uv": [ 6.75, 6.75, 8.25, 8.25 ], "texture": "#texture" },
				"east": { "uv": [ 7.75, 6.75, 9.25, 8.25 ], "texture": "#texture" }
			}
		},
		{
			"__comment": "Box2",
			"from": [ 6.25, 7.75, 6.75 ],
			"to": [ 6.75, 9.25, 8.25 ],
			"faces": {
				"down": { "uv": [ 6.25, 7.75, 6.75, 9.25 ], "texture": "#texture" },
				"up": { "uv": [ 6.25, 6.75, 6.75, 8.25 ], "texture": "#texture" },
				"north": { "uv": [ 9.25, 6.75, 9.75, 8.25 ], "texture": "#texture" },
				"south": { "uv": [ 6.25, 6.75, 6.75, 8.25 ], "texture": "#texture" },
				"west": { "uv": [ 6.75, 6.75, 8.25, 8.25 ], "texture": "#texture" },
				"east": { "uv": [ 7.75, 6.75, 9.25, 8.25 ], "texture": "#texture" }
			}
		},
		{
			"__comment": "Box2",
			"from": [ 5.5, 7.75, 6.75 ],
			"to": [ 6, 9.25, 8.25 ],
			"faces": {
				"down": { "uv": [ 5.5, 7.75, 6, 9.25 ], "texture": "#texture" },
				"up": { "uv": [ 5.5, 6.75, 6, 8.25 ], "texture": "#texture" },
				"north": { "uv": [ 10, 6.75, 10.5, 8.25 ], "texture": "#texture" },
				"south": { "uv": [ 5.5, 6.75, 6, 8.25 ], "texture": "#texture" },
				"west": { "uv": [ 6.75, 6.75, 8.25, 8.25 ], "texture": "#texture" },
				"east": { "uv": [ 7.75, 6.75, 9.25, 8.25 ], "texture": "#texture" }
			}
		},
		{
			"__comment": "Box2",
			"from": [ 4.75, 7.75, 6.75 ],
			"to": [ 5.25, 9.25, 8.25 ],
			"faces": {
				"down": { "uv": [ 4.75, 7.75, 5.25, 9.25 ], "texture": "#texture" },
				"up": { "uv": [ 4.75, 6.75, 5.25, 8.25 ], "texture": "#texture" },
				"north": { "uv": [ 10.75, 6.75, 11.25, 8.25 ], "texture": "#texture" },
				"south": { "uv": [ 4.75, 6.75, 5.25, 8.25 ], "texture": "#texture" },
				"west": { "uv": [ 6.75, 6.75, 8.25, 8.25 ], "texture": "#texture" },
				"east": { "uv": [ 7.75, 6.75, 9.25, 8.25 ], "texture": "#texture" }
			}
		},
		{
			"__comment": "Box2",
			"from": [ 4, 7.75, 6.75 ],
			"to": [ 4.5, 9.25, 8.25 ],
			"faces": {
				"down": { "uv": [ 4, 7.75, 4.5, 9.25 ], "texture": "#texture" },
				"up": { "uv": [ 4, 6.75, 4.5, 8.25 ], "texture": "#texture" },
				"north": { "uv": [ 11.5, 6.75, 12, 8.25 ], "texture": "#texture" },
				"south": { "uv": [ 4, 6.75, 4.5, 8.25 ], "texture": "#texture" },
				"west": { "uv": [ 6.75, 6.75, 8.25, 8.25 ], "texture": "#texture" },
				"east": { "uv": [ 7.75, 6.75, 9.25, 8.25 ], "texture": "#texture" }
			}
		},
		{
			"__comment": "Box2",
			"from": [ 3.25, 7.75, 6.75 ],
			"to": [ 3.75, 9.25, 8.25 ],
			"faces": {
				"down": { "uv": [ 3.25, 7.75, 3.75, 9.25 ], "texture": "#texture" },
				"up": { "uv": [ 3.25, 6.75, 3.75, 8.25 ], "texture": "#texture" },
				"north": { "uv": [ 12.25, 6.75, 12.75, 8.25 ], "texture": "#texture" },
				"south": { "uv": [ 3.25, 6.75, 3.75, 8.25 ], "texture": "#texture" },
				"west": { "uv": [ 6.75, 6.75, 8.25, 8.25 ], "texture": "#texture" },
				"east": { "uv": [ 7.75, 6.75, 9.25, 8.25 ], "texture": "#texture" }
			}
		},
		{
			"__comment": "Box2",
			"from": [ 2.5, 7.75, 6.75 ],
			"to": [ 3, 9.25, 8.25 ],
			"faces": {
				"down": { "uv": [ 2.5, 7.75, 3, 9.25 ], "texture": "#texture" },
				"up": { "uv": [ 2.5, 6.75, 3, 8.25 ], "texture": "#texture" },
				"north": { "uv": [ 13, 6.75, 13.5, 8.25 ], "texture": "#texture" },
				"south": { "uv": [ 2.5, 6.75, 3, 8.25 ], "texture": "#texture" },
				"west": { "uv": [ 6.75, 6.75, 8.25, 8.25 ], "texture": "#texture" },
				"east": { "uv": [ 7.75, 6.75, 9.25, 8.25 ], "texture": "#texture" }
			}
		},
		{
			"__comment": "Box2",
			"from": [ 1.75, 7.75, 6.75 ],
			"to": [ 2.25, 9.25, 8.25 ],
			"faces": {
				"down": { "uv": [ 1.75, 7.75, 2.25, 9.25 ], "texture": "#texture" },
				"up": { "uv": [ 1.75, 6.75, 2.25, 8.25 ], "texture": "#texture" },
				"north": { "uv": [ 13.75, 6.75, 14.25, 8.25 ], "texture": "#texture" },
				"south": { "uv": [ 1.75, 6.75, 2.25, 8.25 ], "texture": "#texture" },
				"west": { "uv": [ 6.75, 6.75, 8.25, 8.25 ], "texture": "#texture" },
				"east": { "uv": [ 7.75, 6.75, 9.25, 8.25 ], "texture": "#texture" }
			}
		},
		{
			"__comment": "Box24",
			"from": [ 16, 7.5718, 6.525 ],
			"to": [ 16.5, 8.0718, 7.025 ],
			"rotation": { "origin": [ 16.5, 7.745, 6.875 ], "axis": "x", "angle": -45 },
			"faces": {
				"down": { "uv": [ 15.5, 8.5, 16, 9 ], "texture": "#texture1" },
				"up": { "uv": [ 15.5, 7, 16, 7.5 ], "texture": "#texture1" },
				"north": { "uv": [ 0, 10, 0.5, 10.5 ], "texture": "#texture1" },
				"south": { "uv": [ 15.5, 10, 16, 10.5 ], "texture": "#texture1" },
				"west": { "uv": [ 7, 10, 7.5, 10.5 ], "texture": "#texture1" },
				"east": { "uv": [ 8.5, 10, 9, 10.5 ], "texture": "#texture1" }
			}
		},
		{
			"__comment": "Box24",
			"from": [ 16, 9.125, 6.75 ],
			"to": [ 16.5, 9.625, 8.25 ],
			"faces": {
				"down": { "uv": [ 15.5, 7.75, 16, 9.25 ], "texture": "#texture1" },
				"up": { "uv": [ 15.5, 6.75, 16, 8.25 ], "texture": "#texture1" },
				"north": { "uv": [ 0, 6.375, 0.5, 6.875 ], "texture": "#texture1" },
				"south": { "uv": [ 15.5, 6.375, 16, 6.875 ], "texture": "#texture1" },
				"west": { "uv": [ 6.75, 6.375, 8.25, 6.875 ], "texture": "#texture1" },
				"east": { "uv": [ 7.75, 6.375, 9.25, 6.875 ], "texture": "#texture1" }
			}
		},
		{
			"__comment": "Box24",
			"from": [ 16, 8.4556, 7.5786 ],
			"to": [ 16.5, 8.9556, 8.0786 ],
			"rotation": { "origin": [ 16.5, 7.745, 6.875 ], "axis": "x", "angle": 45 },
			"faces": {
				"down": { "uv": [ 15.5, 8.5, 16, 9 ], "texture": "#texture1" },
				"up": { "uv": [ 15.5, 7, 16, 7.5 ], "texture": "#texture1" },
				"north": { "uv": [ 0, 10, 0.5, 10.5 ], "texture": "#texture1" },
				"south": { "uv": [ 15.5, 10, 16, 10.5 ], "texture": "#texture1" },
				"west": { "uv": [ 7, 10, 7.5, 10.5 ], "texture": "#texture1" },
				"east": { "uv": [ 8.5, 10, 9, 10.5 ], "texture": "#texture1" }
			}
		},
		{
			"__comment": "Box24",
			"from": [ 16, 7.5718, 8.646299 ],
			"to": [ 16.5, 8.0718, 9.146299 ],
			"rotation": { "origin": [ 16.5, 7.745, 6.875 ], "axis": "x", "angle": -45 },
			"faces": {
				"down": { "uv": [ 15.5, 8.5, 16, 9 ], "texture": "#texture1" },
				"up": { "uv": [ 15.5, 7, 16, 7.5 ], "texture": "#texture1" },
				"north": { "uv": [ 0, 10, 0.5, 10.5 ], "texture": "#texture1" },
				"south": { "uv": [ 15.5, 10, 16, 10.5 ], "texture": "#texture1" },
				"west": { "uv": [ 7, 10, 7.5, 10.5 ], "texture": "#texture1" },
				"east": { "uv": [ 8.5, 10, 9, 10.5 ], "texture": "#texture1" }
			}
		},
		{
			"__comment": "Box24",
			"from": [ 16, 8.4556, 5.4573 ],
			"to": [ 16.5, 8.9556, 5.9573 ],
			"rotation": { "origin": [ 16.5, 7.745, 6.875 ], "axis": "x", "angle": 45 },
			"faces": {
				"down": { "uv": [ 15.5, 8.5, 16, 9 ], "texture": "#texture1" },
				"up": { "uv": [ 15.5, 7, 16, 7.5 ], "texture": "#texture1" },
				"north": { "uv": [ 0, 10, 0.5, 10.5 ], "texture": "#texture1" },
				"south": { "uv": [ 15.5, 10, 16, 10.5 ], "texture": "#texture1" },
				"west": { "uv": [ 7, 10, 7.5, 10.5 ], "texture": "#texture1" },
				"east": { "uv": [ 8.5, 10, 9, 10.5 ], "texture": "#texture1" }
			}
		},
		{
			"__comment": "Box24",
			"from": [ 16, 7.75, 8.125 ],
			"to": [ 16.5, 9.25, 8.625 ],
			"faces": {
				"down": { "uv": [ 15.5, 7.375, 16, 7.875 ], "texture": "#texture1" },
				"up": { "uv": [ 15.5, 8.125, 16, 8.625 ], "texture": "#texture1" },
				"north": { "uv": [ 0, 6.75, 0.5, 8.25 ], "texture": "#texture1" },
				"south": { "uv": [ 15.5, 6.75, 16, 8.25 ], "texture": "#texture1" },
				"west": { "uv": [ 8.125, 6.75, 8.625, 8.25 ], "texture": "#texture1" },
				"east": { "uv": [ 7.375, 6.75, 7.875, 8.25 ], "texture": "#texture1" }
			}
		},
		{
			"__comment": "Box24",
			"from": [ 16, 7.375, 6.75 ],
			"to": [ 16.5, 7.875, 8.25 ],
			"faces": {
				"down": { "uv": [ 15.5, 7.75, 16, 9.25 ], "texture": "#texture1" },
				"up": { "uv": [ 15.5, 6.75, 16, 8.25 ], "texture": "#texture1" },
				"north": { "uv": [ 0, 8.125, 0.5, 8.625 ], "texture": "#texture1" },
				"south": { "uv": [ 15.5, 8.125, 16, 8.625 ], "texture": "#texture1" },
				"west": { "uv": [ 6.75, 8.125, 8.25, 8.625 ], "texture": "#texture1" },
				"east": { "uv": [ 7.75, 8.125, 9.25, 8.625 ], "texture": "#texture1" }
			}
		},
		{
			"__comment": "Box24",
			"from": [ 16, 7.75, 6.75 ],
			"to": [ 16.5, 9.25, 8.25 ],
			"faces": {
				"down": { "uv": [ 15.5, 7.75, 16, 9.25 ], "texture": "#texture1" },
				"up": { "uv": [ 15.5, 6.75, 16, 8.25 ], "texture": "#texture1" },
				"north": { "uv": [ 0, 6.75, 0.5, 8.25 ], "texture": "#texture1" },
				"south": { "uv": [ 15.5, 6.75, 16, 8.25 ], "texture": "#texture1" },
				"west": { "uv": [ 6.75, 6.75, 8.25, 8.25 ], "texture": "#texture1" },
				"east": { "uv": [ 7.75, 6.75, 9.25, 8.25 ], "texture": "#texture1" }
			}
		},
		{
			"__comment": "Box24",
			"from": [ 16, 7.75, 6.375 ],
			"to": [ 16.5, 9.25, 6.875 ],
			"faces": {
				"down": { "uv": [ 15.5, 9.125, 16, 9.625 ], "texture": "#texture1" },
				"up": { "uv": [ 15.5, 6.375, 16, 6.875 ], "texture": "#texture1" },
				"north": { "uv": [ 0, 6.75, 0.5, 8.25 ], "texture": "#texture1" },
				"south": { "uv": [ 15.5, 6.75, 16, 8.25 ], "texture": "#texture1" },
				"west": { "uv": [ 6.375, 6.75, 6.875, 8.25 ], "texture": "#texture1" },
				"east": { "uv": [ 9.125, 6.75, 9.625, 8.25 ], "texture": "#texture1" }
			}
		},
		{
			"__comment": "Box24",
			"from": [ -0.5, 7.75, 6.75 ],
			"to": [ 0, 9.25, 8.25 ],
			"faces": {
				"down": { "uv": [ 15.5, 7.75, 16, 9.25 ], "texture": "#texture1" },
				"up": { "uv": [ 15.5, 6.75, 16, 8.25 ], "texture": "#texture1" },
				"north": { "uv": [ 0, 6.75, 0.5, 8.25 ], "texture": "#texture1" },
				"south": { "uv": [ 15.5, 6.75, 16, 8.25 ], "texture": "#texture1" },
				"west": { "uv": [ 6.75, 6.75, 8.25, 8.25 ], "texture": "#texture1" },
				"east": { "uv": [ 7.75, 6.75, 9.25, 8.25 ], "texture": "#texture1" }
			}
		},
		{
			"__comment": "Box24",
			"from": [ -0.5, 9.125, 6.75 ],
			"to": [ 0, 9.625, 8.25 ],
			"faces": {
				"down": { "uv": [ 15.5, 7.75, 16, 9.25 ], "texture": "#texture1" },
				"up": { "uv": [ 15.5, 6.75, 16, 8.25 ], "texture": "#texture1" },
				"north": { "uv": [ 0, 6.375, 0.5, 6.875 ], "texture": "#texture1" },
				"south": { "uv": [ 15.5, 6.375, 16, 6.875 ], "texture": "#texture1" },
				"west": { "uv": [ 6.75, 6.375, 8.25, 6.875 ], "texture": "#texture1" },
				"east": { "uv": [ 7.75, 6.375, 9.25, 6.875 ], "texture": "#texture1" }
			}
		},
		{
			"__comment": "Box24",
			"from": [ -0.5, 7.375, 6.75 ],
			"to": [ 0, 7.875, 8.25 ],
			"faces": {
				"down": { "uv": [ 15.5, 7.75, 16, 9.25 ], "texture": "#texture1" },
				"up": { "uv": [ 15.5, 6.75, 16, 8.25 ], "texture": "#texture1" },
				"north": { "uv": [ 0, 8.125, 0.5, 8.625 ], "texture": "#texture1" },
				"south": { "uv": [ 15.5, 8.125, 16, 8.625 ], "texture": "#texture1" },
				"west": { "uv": [ 6.75, 8.125, 8.25, 8.625 ], "texture": "#texture1" },
				"east": { "uv": [ 7.75, 8.125, 9.25, 8.625 ], "texture": "#texture1" }
			}
		},
		{
			"__comment": "Box24",
			"from": [ -0.5, 7.75, 6.375 ],
			"to": [ 0, 9.25, 6.875 ],
			"faces": {
				"down": { "uv": [ 15.5, 9.125, 16, 9.625 ], "texture": "#texture1" },
				"up": { "uv": [ 15.5, 6.375, 16, 6.875 ], "texture": "#texture1" },
				"north": { "uv": [ 0, 6.75, 0.5, 8.25 ], "texture": "#texture1" },
				"south": { "uv": [ 15.5, 6.75, 16, 8.25 ], "texture": "#texture1" },
				"west": { "uv": [ 6.375, 6.75, 6.875, 8.25 ], "texture": "#texture1" },
				"east": { "uv": [ 9.125, 6.75, 9.625, 8.25 ], "texture": "#texture1" }
			}
		},
		{
			"__comment": "Box24",
			"from": [ -0.5, 7.75, 8.125 ],
			"to": [ 0, 9.25, 8.625 ],
			"faces": {
				"down": { "uv": [ 15.5, 7.375, 16, 7.875 ], "texture": "#texture1" },
				"up": { "uv": [ 15.5, 8.125, 16, 8.625 ], "texture": "#texture1" },
				"north": { "uv": [ 0, 6.75, 0.5, 8.25 ], "texture": "#texture1" },
				"south": { "uv": [ 15.5, 6.75, 16, 8.25 ], "texture": "#texture1" },
				"west": { "uv": [ 8.125, 6.75, 8.625, 8.25 ], "texture": "#texture1" },
				"east": { "uv": [ 7.375, 6.75, 7.875, 8.25 ], "texture": "#texture1" }
			}
		},
		{
			"__comment": "Box24",
			"from": [ -0.5, 8.4556, 5.4573 ],
			"to": [ 0, 8.9556, 5.9573 ],
			"rotation": { "origin": [ 0, 7.745, 6.875 ], "axis": "x", "angle": 45 },
			"faces": {
				"down": { "uv": [ 15.5, 8.5, 16, 9 ], "texture": "#texture1" },
				"up": { "uv": [ 15.5, 7, 16, 7.5 ], "texture": "#texture1" },
				"north": { "uv": [ 0, 10, 0.5, 10.5 ], "texture": "#texture1" },
				"south": { "uv": [ 15.5, 10, 16, 10.5 ], "texture": "#texture1" },
				"west": { "uv": [ 7, 10, 7.5, 10.5 ], "texture": "#texture1" },
				"east": { "uv": [ 8.5, 10, 9, 10.5 ], "texture": "#texture1" }
			}
		},
		{
			"__comment": "Box24",
			"from": [ -0.5, 7.5718, 8.646299 ],
			"to": [ 0, 8.0718, 9.146299 ],
			"rotation": { "origin": [ 0, 7.745, 6.875 ], "axis": "x", "angle": -45 },
			"faces": {
				"down": { "uv": [ 15.5, 8.5, 16, 9 ], "texture": "#texture1" },
				"up": { "uv": [ 15.5, 7, 16, 7.5 ], "texture": "#texture1" },
				"north": { "uv": [ 0, 10, 0.5, 10.5 ], "texture": "#texture1" },
				"south": { "uv": [ 15.5, 10, 16, 10.5 ], "texture": "#texture1" },
				"west": { "uv": [ 7, 10, 7.5, 10.5 ], "texture": "#texture1" },
				"east": { "uv": [ 8.5, 10, 9, 10.5 ], "texture": "#texture1" }
			}
		},
		{
			"__comment": "Box24",
			"from": [ -0.5, 8.4556, 7.5786 ],
			"to": [ 0, 8.9556, 8.0786 ],
			"rotation": { "origin": [ 0, 7.745, 6.875 ], "axis": "x", "angle": 45 },
			"faces": {
				"down": { "uv": [ 15.5, 8.5, 16, 9 ], "texture": "#texture1" },
				"up": { "uv": [ 15.5, 7, 16, 7.5 ], "texture": "#texture1" },
				"north": { "uv": [ 0, 10, 0.5, 10.5 ], "texture": "#texture1" },
				"south": { "uv": [ 15.5, 10, 16, 10.5 ], "texture": "#texture1" },
				"west": { "uv": [ 7, 10, 7.5, 10.5 ], "texture": "#texture1" },
				"east": { "uv": [ 8.5, 10, 9, 10.5 ], "texture": "#texture1" }
			}
		},
		{
			"__comment": "Box24",
			"from": [ -0.5, 7.5718, 6.525 ],
			"to": [ 0, 8.0718, 7.025 ],
			"rotation": { "origin": [ 0, 7.745, 6.875 ], "axis": "x", "angle": -45 },
			"faces": {
				"down": { "uv": [ 15.5, 8.5, 16, 9 ], "texture": "#texture1" },
				"up": { "uv": [ 15.5, 7, 16, 7.5 ], "texture": "#texture1" },
				"north": { "uv": [ 0, 10, 0.5, 10.5 ], "texture": "#texture1" },
				"south": { "uv": [ 15.5, 10, 16, 10.5 ], "texture": "#texture1" },
				"west": { "uv": [ 7, 10, 7.5, 10.5 ], "texture": "#texture1" },
				"east": { "uv": [ 8.5, 10, 9, 10.5 ], "texture": "#texture1" }
			}
		}
	],
	"display": {
		"head": {
			"translation":  [ 0, 2.0869, 0 ],
			"scale":  [ 1.2084, 1.2868, 1.6955 ]
		}
	}
}