{
	"__comment": "Designed by Kodak_kev with Cubik Studio - https://cubik.studio",
	"textures": {
		"particle": "blocks/e_particle",
		"texture": "blocks/wool_colored_black",
		"texture1": "blocks/hardened_clay_stained_orange",
		"texture2": "blocks/clay"
	},
	"elements": [
		{
			"__comment": "Box1",
			"from": [ 3, 0, 1 ],
			"to": [ 12, 1, 10 ],
			"faces": {
				"down": { "uv": [ 3, 6, 12, 15 ], "texture": "#texture" },
				"up": { "uv": [ 3, 1, 12, 10 ], "texture": "#texture" },
				"north": { "uv": [ 4, 15, 13, 16 ], "texture": "#texture" },
				"south": { "uv": [ 3, 15, 12, 16 ], "texture": "#texture" },
				"west": { "uv": [ 1, 15, 10, 16 ], "texture": "#texture" },
				"east": { "uv": [ 6, 15, 15, 16 ], "texture": "#texture" }
			}
		},
		{
			"__comment": "Box2",
			"from": [ 11.625, 0, 0 ],
			"to": [ 13.625, 1, 1 ],
			"rotation": { "origin": [ 11.625, 0, 0 ], "axis": "y", "angle": -45 },
			"faces": {
				"down": { "uv": [ 2.5, 1, 4.5, 2 ], "texture": "#texture" },
				"up": { "uv": [ 2.5, 14, 4.5, 15 ], "texture": "#texture" },
				"north": { "uv": [ 11.5, 15, 13.5, 16 ], "texture": "#texture" },
				"south": { "uv": [ 2.5, 15, 4.5, 16 ], "texture": "#texture" },
				"west": { "uv": [ 14, 15, 15, 16 ], "texture": "#texture" },
				"east": { "uv": [ 1, 15, 2, 16 ], "texture": "#texture" }
			}
		},
		{
			"__comment": "Box2",
			"from": [ 2, 0, 1.5 ],
			"to": [ 4, 1, 2.5 ],
			"rotation": { "origin": [ 2, 0, 1.5 ], "axis": "y", "angle": 45 },
			"faces": {
				"down": { "uv": [ 2.5, 1, 4.5, 2 ], "texture": "#texture" },
				"up": { "uv": [ 2.5, 14, 4.5, 15 ], "texture": "#texture" },
				"north": { "uv": [ 11.5, 15, 13.5, 16 ], "texture": "#texture" },
				"south": { "uv": [ 2.5, 15, 4.5, 16 ], "texture": "#texture" },
				"west": { "uv": [ 14, 15, 15, 16 ], "texture": "#texture" },
				"east": { "uv": [ 1, 15, 2, 16 ], "texture": "#texture" }
			}
		},
		{
			"__comment": "Box3",
			"from": [ 2.125, 0, 1.5 ],
			"to": [ 3.125, 1, 4 ],
			"rotation": { "origin": [ 2.125, 0, 1.5 ], "axis": "y", "angle": -22.5 },
			"faces": {
				"down": { "uv": [ 3.5, 15, 11.5, 16 ], "texture": "#texture" },
				"up": { "uv": [ 3.5, 0, 11.5, 1 ], "texture": "#texture" },
				"north": { "uv": [ 4.5, 15, 12.5, 16 ], "texture": "#texture" },
				"south": { "uv": [ 3.5, 15, 11.5, 16 ], "texture": "#texture" },
				"west": { "uv": [ 0, 15, 1, 16 ], "texture": "#texture" },
				"east": { "uv": [ 15, 15, 16, 16 ], "texture": "#texture" }
			}
		},
		{
			"__comment": "Box2",
			"from": [ 11, 0, 10.375 ],
			"to": [ 13, 1, 11.375 ],
			"rotation": { "origin": [ 11, 0, 10.375 ], "axis": "y", "angle": 45 },
			"faces": {
				"down": { "uv": [ 2.5, 1, 4.5, 2 ], "texture": "#texture" },
				"up": { "uv": [ 2.5, 14, 4.5, 15 ], "texture": "#texture" },
				"north": { "uv": [ 11.5, 15, 13.5, 16 ], "texture": "#texture" },
				"south": { "uv": [ 2.5, 15, 4.5, 16 ], "texture": "#texture" },
				"west": { "uv": [ 14, 15, 15, 16 ], "texture": "#texture" },
				"east": { "uv": [ 1, 15, 2, 16 ], "texture": "#texture" }
			}
		},
		{
			"__comment": "Box2",
			"from": [ 2.625, 0, 8.875 ],
			"to": [ 4.625, 1, 9.875 ],
			"rotation": { "origin": [ 2.625, 0, 8.875 ], "axis": "y", "angle": -45 },
			"faces": {
				"down": { "uv": [ 2.5, 1, 4.5, 2 ], "texture": "#texture" },
				"up": { "uv": [ 2.5, 14, 4.5, 15 ], "texture": "#texture" },
				"north": { "uv": [ 11.5, 15, 13.5, 16 ], "texture": "#texture" },
				"south": { "uv": [ 2.5, 15, 4.5, 16 ], "texture": "#texture" },
				"west": { "uv": [ 14, 15, 15, 16 ], "texture": "#texture" },
				"east": { "uv": [ 1, 15, 2, 16 ], "texture": "#texture" }
			}
		},
		{
			"__comment": "Box3",
			"from": [ 9.375, 0, -0.875 ],
			"to": [ 11.875, 1, 0.125 ],
			"rotation": { "origin": [ 9.375, 0, -0.875 ], "axis": "y", "angle": -22.5 },
			"faces": {
				"down": { "uv": [ 3.5, 15, 11.5, 16 ], "texture": "#texture" },
				"up": { "uv": [ 3.5, 0, 11.5, 1 ], "texture": "#texture" },
				"north": { "uv": [ 4.5, 15, 12.5, 16 ], "texture": "#texture" },
				"south": { "uv": [ 3.5, 15, 11.5, 16 ], "texture": "#texture" },
				"west": { "uv": [ 0, 15, 1, 16 ], "texture": "#texture" },
				"east": { "uv": [ 15, 15, 16, 16 ], "texture": "#texture" }
			}
		},
		{
			"__comment": "Box3",
			"from": [ 3.375, 0, 0.125 ],
			"to": [ 5.875, 1, 1.125 ],
			"rotation": { "origin": [ 3.375, 0, 0.125 ], "axis": "y", "angle": 22.5 },
			"faces": {
				"down": { "uv": [ 3.5, 15, 11.5, 16 ], "texture": "#texture" },
				"up": { "uv": [ 3.5, 0, 11.5, 1 ], "texture": "#texture" },
				"north": { "uv": [ 4.5, 15, 12.5, 16 ], "texture": "#texture" },
				"south": { "uv": [ 3.5, 15, 11.5, 16 ], "texture": "#texture" },
				"west": { "uv": [ 0, 15, 1, 16 ], "texture": "#texture" },
				"east": { "uv": [ 15, 15, 16, 16 ], "texture": "#texture" }
			}
		},
		{
			"__comment": "Box3",
			"from": [ 3.625, 0, 10 ],
			"to": [ 6.125, 1, 11 ],
			"rotation": { "origin": [ 3.625, 0, 10 ], "axis": "y", "angle": -22.5 },
			"faces": {
				"down": { "uv": [ 3.5, 15, 11.5, 16 ], "texture": "#texture" },
				"up": { "uv": [ 3.5, 0, 11.5, 1 ], "texture": "#texture" },
				"north": { "uv": [ 4.5, 15, 12.5, 16 ], "texture": "#texture" },
				"south": { "uv": [ 3.5, 15, 11.5, 16 ], "texture": "#texture" },
				"west": { "uv": [ 0, 15, 1, 16 ], "texture": "#texture" },
				"east": { "uv": [ 15, 15, 16, 16 ], "texture": "#texture" }
			}
		},
		{
			"__comment": "Box3",
			"from": [ 1.125, 0, 7.25 ],
			"to": [ 2.125, 1, 9.75 ],
			"rotation": { "origin": [ 1.125, 0, 7.25 ], "axis": "y", "angle": 22.5 },
			"faces": {
				"down": { "uv": [ 3.5, 15, 11.5, 16 ], "texture": "#texture" },
				"up": { "uv": [ 3.5, 0, 11.5, 1 ], "texture": "#texture" },
				"north": { "uv": [ 4.5, 15, 12.5, 16 ], "texture": "#texture" },
				"south": { "uv": [ 3.5, 15, 11.5, 16 ], "texture": "#texture" },
				"west": { "uv": [ 0, 15, 1, 16 ], "texture": "#texture" },
				"east": { "uv": [ 15, 15, 16, 16 ], "texture": "#texture" }
			}
		},
		{
			"__comment": "Box3",
			"from": [ 9.125, 0, 11 ],
			"to": [ 11.625, 1, 12 ],
			"rotation": { "origin": [ 9.125, 0, 11 ], "axis": "y", "angle": 22.5 },
			"faces": {
				"down": { "uv": [ 3.5, 15, 11.5, 16 ], "texture": "#texture" },
				"up": { "uv": [ 3.5, 0, 11.5, 1 ], "texture": "#texture" },
				"north": { "uv": [ 4.5, 15, 12.5, 16 ], "texture": "#texture" },
				"south": { "uv": [ 3.5, 15, 11.5, 16 ], "texture": "#texture" },
				"west": { "uv": [ 0, 15, 1, 16 ], "texture": "#texture" },
				"east": { "uv": [ 15, 15, 16, 16 ], "texture": "#texture" }
			}
		},
		{
			"__comment": "Box3",
			"from": [ 12, 0, 1.75 ],
			"to": [ 13, 1, 4.25 ],
			"rotation": { "origin": [ 12, 0, 1.75 ], "axis": "y", "angle": 22.5 },
			"faces": {
				"down": { "uv": [ 3.5, 15, 11.5, 16 ], "texture": "#texture" },
				"up": { "uv": [ 3.5, 0, 11.5, 1 ], "texture": "#texture" },
				"north": { "uv": [ 4.5, 15, 12.5, 16 ], "texture": "#texture" },
				"south": { "uv": [ 3.5, 15, 11.5, 16 ], "texture": "#texture" },
				"west": { "uv": [ 0, 15, 1, 16 ], "texture": "#texture" },
				"east": { "uv": [ 15, 15, 16, 16 ], "texture": "#texture" }
			}
		},
		{
			"__comment": "Box3",
			"from": [ 13, 0, 7.125 ],
			"to": [ 14, 1, 9.625 ],
			"rotation": { "origin": [ 13, 0, 7.125 ], "axis": "y", "angle": -22.5 },
			"faces": {
				"down": { "uv": [ 3.5, 15, 11.5, 16 ], "texture": "#texture" },
				"up": { "uv": [ 3.5, 0, 11.5, 1 ], "texture": "#texture" },
				"north": { "uv": [ 4.5, 15, 12.5, 16 ], "texture": "#texture" },
				"south": { "uv": [ 3.5, 15, 11.5, 16 ], "texture": "#texture" },
				"west": { "uv": [ 0, 15, 1, 16 ], "texture": "#texture" },
				"east": { "uv": [ 15, 15, 16, 16 ], "texture": "#texture" }
			}
		},
		{
			"__comment": "Box15",
			"from": [ 5.5, 0, 10.875 ],
			"to": [ 9.5, 1, 11.875 ],
			"faces": {
				"down": { "uv": [ 5.5, 4.125, 9.5, 5.125 ], "texture": "#texture" },
				"up": { "uv": [ 5.5, 10.875, 9.5, 11.875 ], "texture": "#texture" },
				"north": { "uv": [ 6.5, 15, 10.5, 16 ], "texture": "#texture" },
				"south": { "uv": [ 5.5, 15, 9.5, 16 ], "texture": "#texture" },
				"west": { "uv": [ 10.875, 15, 11.875, 16 ], "texture": "#texture" },
				"east": { "uv": [ 4.125, 15, 5.125, 16 ], "texture": "#texture" }
			}
		},
		{
			"__comment": "Box15",
			"from": [ 12.875, 0, 3.5 ],
			"to": [ 13.875, 1, 7.5 ],
			"faces": {
				"down": { "uv": [ 12.875, 8.5, 13.875, 12.5 ], "texture": "#texture" },
				"up": { "uv": [ 12.875, 3.5, 13.875, 7.5 ], "texture": "#texture" },
				"north": { "uv": [ 2.125, 15, 3.125, 16 ], "texture": "#texture" },
				"south": { "uv": [ 12.875, 15, 13.875, 16 ], "texture": "#texture" },
				"west": { "uv": [ 3.5, 15, 7.5, 16 ], "texture": "#texture" },
				"east": { "uv": [ 8.5, 15, 12.5, 16 ], "texture": "#texture" }
			}
		},
		{
			"__comment": "Box15",
			"from": [ 5.5, 0, -0.875 ],
			"to": [ 9.5, 1, 0.625 ],
			"faces": {
				"down": { "uv": [ 5.5, 15.375, 9.5, 16 ], "texture": "#texture" },
				"up": { "uv": [ 5.5, 0, 9.5, 0.625 ], "texture": "#texture" },
				"north": { "uv": [ 6.5, 15, 10.5, 16 ], "texture": "#texture" },
				"south": { "uv": [ 5.5, 15, 9.5, 16 ], "texture": "#texture" },
				"west": { "uv": [ 0, 15, 0.625, 16 ], "texture": "#texture" },
				"east": { "uv": [ 15.375, 15, 16, 16 ], "texture": "#texture" }
			}
		},
		{
			"__comment": "Box19",
			"from": [ 3.5, 0, 9.625 ],
			"to": [ 11.5, 1, 10.625 ],
			"faces": {
				"down": { "uv": [ 3.5, 5.375, 11.5, 6.375 ], "texture": "#texture" },
				"up": { "uv": [ 3.5, 9.625, 11.5, 10.625 ], "texture": "#texture" },
				"north": { "uv": [ 4.5, 15, 12.5, 16 ], "texture": "#texture" },
				"south": { "uv": [ 3.5, 15, 11.5, 16 ], "texture": "#texture" },
				"west": { "uv": [ 9.625, 15, 10.625, 16 ], "texture": "#texture" },
				"east": { "uv": [ 5.375, 15, 6.375, 16 ], "texture": "#texture" }
			}
		},
		{
			"__comment": "Box19",
			"from": [ 3.5, 0, 0.5 ],
			"to": [ 11.5, 1, 1.5 ],
			"faces": {
				"down": { "uv": [ 3.5, 14.5, 11.5, 15.5 ], "texture": "#texture" },
				"up": { "uv": [ 3.5, 0.5, 11.5, 1.5 ], "texture": "#texture" },
				"north": { "uv": [ 4.5, 15, 12.5, 16 ], "texture": "#texture" },
				"south": { "uv": [ 3.5, 15, 11.5, 16 ], "texture": "#texture" },
				"west": { "uv": [ 0.5, 15, 1.5, 16 ], "texture": "#texture" },
				"east": { "uv": [ 14.5, 15, 15.5, 16 ], "texture": "#texture" }
			}
		},
		{
			"__comment": "Box21",
			"from": [ 11.5, 0, 1.625 ],
			"to": [ 12.5, 1, 9.625 ],
			"faces": {
				"down": { "uv": [ 11.5, 6.375, 12.5, 14.375 ], "texture": "#texture" },
				"up": { "uv": [ 11.5, 1.625, 12.5, 9.625 ], "texture": "#texture" },
				"north": { "uv": [ 3.5, 15, 4.5, 16 ], "texture": "#texture" },
				"south": { "uv": [ 11.5, 15, 12.5, 16 ], "texture": "#texture" },
				"west": { "uv": [ 1.625, 15, 9.625, 16 ], "texture": "#texture" },
				"east": { "uv": [ 6.375, 15, 14.375, 16 ], "texture": "#texture" }
			}
		},
		{
			"__comment": "Box21",
			"from": [ 2.5, 0, 2 ],
			"to": [ 3.5, 1, 9.5 ],
			"faces": {
				"down": { "uv": [ 2.5, 6.5, 3.5, 14 ], "texture": "#texture" },
				"up": { "uv": [ 2.5, 2, 3.5, 9.5 ], "texture": "#texture" },
				"north": { "uv": [ 12.5, 15, 13.5, 16 ], "texture": "#texture" },
				"south": { "uv": [ 2.5, 15, 3.5, 16 ], "texture": "#texture" },
				"west": { "uv": [ 2, 15, 9.5, 16 ], "texture": "#texture" },
				"east": { "uv": [ 6.5, 15, 14, 16 ], "texture": "#texture" }
			}
		},
		{
			"__comment": "Box23",
			"from": [ 4.875, 0, 0 ],
			"to": [ 10.375, 1, 1 ],
			"faces": {
				"down": { "uv": [ 4.875, 15, 10.375, 16 ], "texture": "#texture" },
				"up": { "uv": [ 4.875, 0, 10.375, 1 ], "texture": "#texture" },
				"north": { "uv": [ 5.625, 15, 11.125, 16 ], "texture": "#texture" },
				"south": { "uv": [ 4.875, 15, 10.375, 16 ], "texture": "#texture" },
				"west": { "uv": [ 0, 15, 1, 16 ], "texture": "#texture" },
				"east": { "uv": [ 15, 15, 16, 16 ], "texture": "#texture" }
			}
		},
		{
			"__comment": "Box23",
			"from": [ 5, 0, 10.5 ],
			"to": [ 10, 1, 11.5 ],
			"faces": {
				"down": { "uv": [ 5, 4.5, 10, 5.5 ], "texture": "#texture" },
				"up": { "uv": [ 5, 10.5, 10, 11.5 ], "texture": "#texture" },
				"north": { "uv": [ 6, 15, 11, 16 ], "texture": "#texture" },
				"south": { "uv": [ 5, 15, 10, 16 ], "texture": "#texture" },
				"west": { "uv": [ 10.5, 15, 11.5, 16 ], "texture": "#texture" },
				"east": { "uv": [ 4.5, 15, 5.5, 16 ], "texture": "#texture" }
			}
		},
		{
			"__comment": "Box25",
			"from": [ 2, 0, 2.5 ],
			"to": [ 13, 1, 8.5 ],
			"faces": {
				"down": { "uv": [ 2, 7.5, 13, 13.5 ], "texture": "#texture" },
				"up": { "uv": [ 2, 2.5, 13, 8.5 ], "texture": "#texture" },
				"north": { "uv": [ 3, 15, 14, 16 ], "texture": "#texture" },
				"south": { "uv": [ 2, 15, 13, 16 ], "texture": "#texture" },
				"west": { "uv": [ 2.5, 15, 8.5, 16 ], "texture": "#texture" },
				"east": { "uv": [ 7.5, 15, 13.5, 16 ], "texture": "#texture" }
			}
		},
		{
			"__comment": "Box26",
			"from": [ 8.625, 3.875, 4 ],
			"to": [ 9.625, 5.375, 7 ],
			"rotation": { "origin": [ 8.625, 3.875, 4 ], "axis": "z", "angle": 22.5 },
			"faces": {
				"down": { "uv": [ 4.75, 8.5, 5.75, 12.5 ], "texture": "#texture" },
				"up": { "uv": [ 4.75, 3.5, 5.75, 7.5 ], "texture": "#texture" },
				"north": { "uv": [ 10.25, 13.5, 11.25, 15 ], "texture": "#texture" },
				"south": { "uv": [ 4.75, 13.5, 5.75, 15 ], "texture": "#texture" },
				"west": { "uv": [ 3.5, 13.5, 7.5, 15 ], "texture": "#texture" },
				"east": { "uv": [ 8.5, 13.5, 12.5, 15 ], "texture": "#texture" }
			}
		},
		{
			"__comment": "Box31",
			"from": [ 6, 4.25, 3.5 ],
			"to": [ 9, 5.75, 4.5 ],
			"rotation": { "origin": [ 6, 4.25, 3.5 ], "axis": "x", "angle": 22.5 },
			"faces": {
				"down": { "uv": [ 5.5, 12.25, 9.5, 13.25 ], "texture": "#texture" },
				"up": { "uv": [ 5.5, 2.75, 9.5, 3.75 ], "texture": "#texture" },
				"north": { "uv": [ 6.5, 13.5, 10.5, 15 ], "texture": "#texture" },
				"south": { "uv": [ 5.5, 13.5, 9.5, 15 ], "texture": "#texture" },
				"west": { "uv": [ 2.75, 13.5, 3.75, 15 ], "texture": "#texture" },
				"east": { "uv": [ 12.25, 13.5, 13.25, 15 ], "texture": "#texture" }
			}
		},
		{
			"__comment": "Box15",
			"from": [ 1.25, 0, 3.5 ],
			"to": [ 3.25, 1, 7.5 ],
			"faces": {
				"down": { "uv": [ 1.25, 8.5, 3.25, 12.5 ], "texture": "#texture" },
				"up": { "uv": [ 1.25, 3.5, 3.25, 7.5 ], "texture": "#texture" },
				"north": { "uv": [ 12.75, 15, 14.75, 16 ], "texture": "#texture" },
				"south": { "uv": [ 1.25, 15, 3.25, 16 ], "texture": "#texture" },
				"west": { "uv": [ 3.5, 15, 7.5, 16 ], "texture": "#texture" },
				"east": { "uv": [ 8.5, 15, 12.5, 16 ], "texture": "#texture" }
			}
		},
		{
			"__comment": "Box35",
			"from": [ 5.5, 2.5, 4 ],
			"to": [ 9.5, 4, 7 ],
			"faces": {
				"down": { "uv": [ 5.5, 9, 9.5, 12 ], "texture": "#texture" },
				"up": { "uv": [ 5.5, 4, 9.5, 7 ], "texture": "#texture" },
				"north": { "uv": [ 6.5, 12, 10.5, 13.5 ], "texture": "#texture" },
				"south": { "uv": [ 5.5, 12, 9.5, 13.5 ], "texture": "#texture" },
				"west": { "uv": [ 4, 12, 7, 13.5 ], "texture": "#texture" },
				"east": { "uv": [ 9, 12, 12, 13.5 ], "texture": "#texture" }
			}
		},
		{
			"__comment": "Box35",
			"from": [ 6, 2.5, 3.5 ],
			"to": [ 9, 4, 7.5 ],
			"faces": {
				"down": { "uv": [ 6, 8.5, 9, 12.5 ], "texture": "#texture" },
				"up": { "uv": [ 6, 3.5, 9, 7.5 ], "texture": "#texture" },
				"north": { "uv": [ 7, 12, 10, 13.5 ], "texture": "#texture" },
				"south": { "uv": [ 6, 12, 9, 13.5 ], "texture": "#texture" },
				"west": { "uv": [ 3.5, 12, 7.5, 13.5 ], "texture": "#texture" },
				"east": { "uv": [ 8.5, 12, 12.5, 13.5 ], "texture": "#texture" }
			}
		},
		{
			"__comment": "Box31",
			"from": [ 5.5, 1, 2.75 ],
			"to": [ 9.5, 2.5, 8.25 ],
			"faces": {
				"down": { "uv": [ 5.5, 7.75, 9.5, 13.25 ], "texture": "#texture" },
				"up": { "uv": [ 5.5, 2.75, 9.5, 8.25 ], "texture": "#texture" },
				"north": { "uv": [ 6.5, 13.5, 10.5, 15 ], "texture": "#texture" },
				"south": { "uv": [ 5.5, 13.5, 9.5, 15 ], "texture": "#texture" },
				"west": { "uv": [ 2.75, 13.5, 8.25, 15 ], "texture": "#texture" },
				"east": { "uv": [ 7.75, 13.5, 13.25, 15 ], "texture": "#texture" }
			}
		},
		{
			"__comment": "Box31",
			"from": [ 5.5, 2.125, 7.375 ],
			"to": [ 9.5, 4.125, 8.375 ],
			"rotation": { "origin": [ 5.5, 2.125, 7.375 ], "axis": "x", "angle": -22.5 },
			"faces": {
				"down": { "uv": [ 5.5, 12.25, 9.5, 13.25 ], "texture": "#texture" },
				"up": { "uv": [ 5.5, 2.75, 9.5, 3.75 ], "texture": "#texture" },
				"north": { "uv": [ 6.5, 13.5, 10.5, 15 ], "texture": "#texture" },
				"south": { "uv": [ 5.5, 13.5, 9.5, 15 ], "texture": "#texture" },
				"west": { "uv": [ 2.75, 13.5, 3.75, 15 ], "texture": "#texture" },
				"east": { "uv": [ 12.25, 13.5, 13.25, 15 ], "texture": "#texture" }
			}
		},
		{
			"__comment": "Box26",
			"from": [ 4.75, 1, 3.5 ],
			"to": [ 10.25, 2.5, 7.5 ],
			"faces": {
				"down": { "uv": [ 4.75, 8.5, 10.25, 12.5 ], "texture": "#texture" },
				"up": { "uv": [ 4.75, 3.5, 10.25, 7.5 ], "texture": "#texture" },
				"north": { "uv": [ 5.75, 13.5, 11.25, 15 ], "texture": "#texture" },
				"south": { "uv": [ 4.75, 13.5, 10.25, 15 ], "texture": "#texture" },
				"west": { "uv": [ 3.5, 13.5, 7.5, 15 ], "texture": "#texture" },
				"east": { "uv": [ 8.5, 13.5, 12.5, 15 ], "texture": "#texture" }
			}
		},
		{
			"__comment": "Box26",
			"from": [ 5.5, 4.25, 4 ],
			"to": [ 6.5, 5.75, 7 ],
			"rotation": { "origin": [ 5.5, 4.25, 4 ], "axis": "z", "angle": -22.5 },
			"faces": {
				"down": { "uv": [ 4.75, 8.5, 5.75, 12.5 ], "texture": "#texture" },
				"up": { "uv": [ 4.75, 3.5, 5.75, 7.5 ], "texture": "#texture" },
				"north": { "uv": [ 10.25, 13.5, 11.25, 15 ], "texture": "#texture" },
				"south": { "uv": [ 4.75, 13.5, 5.75, 15 ], "texture": "#texture" },
				"west": { "uv": [ 3.5, 13.5, 7.5, 15 ], "texture": "#texture" },
				"east": { "uv": [ 8.5, 13.5, 12.5, 15 ], "texture": "#texture" }
			}
		},
		{
			"__comment": "Box41",
			"from": [ 6, 4, 4.25 ],
			"to": [ 9, 5.5, 6.75 ],
			"faces": {
				"down": { "uv": [ 6, 9.25, 9, 11.75 ], "texture": "#texture" },
				"up": { "uv": [ 6, 4.25, 9, 6.75 ], "texture": "#texture" },
				"north": { "uv": [ 7, 10.5, 10, 12 ], "texture": "#texture" },
				"south": { "uv": [ 6, 10.5, 9, 12 ], "texture": "#texture" },
				"west": { "uv": [ 4.25, 10.5, 6.75, 12 ], "texture": "#texture" },
				"east": { "uv": [ 9.25, 10.5, 11.75, 12 ], "texture": "#texture" }
			}
		},
		{
			"__comment": "Box26",
			"from": [ 4.75, 2.5, 3.5 ],
			"to": [ 5.75, 4.5, 7.5 ],
			"rotation": { "origin": [ 4.75, 2.5, 3.5 ], "axis": "z", "angle": -22.5 },
			"faces": {
				"down": { "uv": [ 4.75, 8.5, 5.75, 12.5 ], "texture": "#texture" },
				"up": { "uv": [ 4.75, 3.5, 5.75, 7.5 ], "texture": "#texture" },
				"north": { "uv": [ 10.25, 13.5, 11.25, 15 ], "texture": "#texture" },
				"south": { "uv": [ 4.75, 13.5, 5.75, 15 ], "texture": "#texture" },
				"west": { "uv": [ 3.5, 13.5, 7.5, 15 ], "texture": "#texture" },
				"east": { "uv": [ 8.5, 13.5, 12.5, 15 ], "texture": "#texture" }
			}
		},
		{
			"__comment": "Box26",
			"from": [ 9.375, 2.125, 3.5 ],
			"to": [ 10.375, 4.125, 7.5 ],
			"rotation": { "origin": [ 9.375, 2.125, 3.5 ], "axis": "z", "angle": 22.5 },
			"faces": {
				"down": { "uv": [ 4.75, 8.5, 5.75, 12.5 ], "texture": "#texture" },
				"up": { "uv": [ 4.75, 3.5, 5.75, 7.5 ], "texture": "#texture" },
				"north": { "uv": [ 10.25, 13.5, 11.25, 15 ], "texture": "#texture" },
				"south": { "uv": [ 4.75, 13.5, 5.75, 15 ], "texture": "#texture" },
				"west": { "uv": [ 3.5, 13.5, 7.5, 15 ], "texture": "#texture" },
				"east": { "uv": [ 8.5, 13.5, 12.5, 15 ], "texture": "#texture" }
			}
		},
		{
			"__comment": "Box31",
			"from": [ 5.5, 2.5, 2.75 ],
			"to": [ 9.5, 4.5, 3.75 ],
			"rotation": { "origin": [ 5.5, 2.5, 2.75 ], "axis": "x", "angle": 22.5 },
			"faces": {
				"down": { "uv": [ 5.5, 12.25, 9.5, 13.25 ], "texture": "#texture" },
				"up": { "uv": [ 5.5, 2.75, 9.5, 3.75 ], "texture": "#texture" },
				"north": { "uv": [ 6.5, 13.5, 10.5, 15 ], "texture": "#texture" },
				"south": { "uv": [ 5.5, 13.5, 9.5, 15 ], "texture": "#texture" },
				"west": { "uv": [ 2.75, 13.5, 3.75, 15 ], "texture": "#texture" },
				"east": { "uv": [ 12.25, 13.5, 13.25, 15 ], "texture": "#texture" }
			}
		},
		{
			"__comment": "Box31",
			"from": [ 6, 3.875, 6.625 ],
			"to": [ 9, 5.375, 7.625 ],
			"rotation": { "origin": [ 6, 3.875, 6.625 ], "axis": "x", "angle": -22.5 },
			"faces": {
				"down": { "uv": [ 5.5, 12.25, 9.5, 13.25 ], "texture": "#texture" },
				"up": { "uv": [ 5.5, 2.75, 9.5, 3.75 ], "texture": "#texture" },
				"north": { "uv": [ 6.5, 13.5, 10.5, 15 ], "texture": "#texture" },
				"south": { "uv": [ 5.5, 13.5, 9.5, 15 ], "texture": "#texture" },
				"west": { "uv": [ 2.75, 13.5, 3.75, 15 ], "texture": "#texture" },
				"east": { "uv": [ 12.25, 13.5, 13.25, 15 ], "texture": "#texture" }
			}
		},
		{
			"__comment": "Box47",
			"from": [ 3.625, 5.125, 5 ],
			"to": [ 4.625, 6.125, 6 ],
			"rotation": { "origin": [ 3.625, 5.125, 5 ], "axis": "z", "angle": -22.5 },
			"faces": {
				"down": { "uv": [ 6, 9, 9, 12 ], "texture": "#texture" },
				"up": { "uv": [ 6, 4, 9, 7 ], "texture": "#texture" },
				"north": { "uv": [ 7, 10.125, 10, 11.125 ], "texture": "#texture" },
				"south": { "uv": [ 6, 10.125, 9, 11.125 ], "texture": "#texture" },
				"west": { "uv": [ 4, 10.125, 7, 11.125 ], "texture": "#texture" },
				"east": { "uv": [ 9, 10.125, 12, 11.125 ], "texture": "#texture" }
			}
		},
		{
			"__comment": "Box47",
			"from": [ 6.375, 4.625, 4 ],
			"to": [ 8.875, 6.125, 7 ],
			"rotation": { "origin": [ 6.375, 4.625, 4 ], "axis": "z", "angle": 22.5 },
			"faces": {
				"down": { "uv": [ 6, 9, 9, 12 ], "texture": "#texture" },
				"up": { "uv": [ 6, 4, 9, 7 ], "texture": "#texture" },
				"north": { "uv": [ 7, 10.125, 10, 11.125 ], "texture": "#texture" },
				"south": { "uv": [ 6, 10.125, 9, 11.125 ], "texture": "#texture" },
				"west": { "uv": [ 4, 10.125, 7, 11.125 ], "texture": "#texture" },
				"east": { "uv": [ 9, 10.125, 12, 11.125 ], "texture": "#texture" }
			}
		},
		{
			"__comment": "Box47",
			"from": [ 6, 5.125, 4.25 ],
			"to": [ 8.5, 7.125, 6.75 ],
			"rotation": { "origin": [ 6, 5.125, 4.25 ], "axis": "z", "angle": 22.5 },
			"faces": {
				"down": { "uv": [ 6, 9, 9, 12 ], "texture": "#texture" },
				"up": { "uv": [ 6, 4, 9, 7 ], "texture": "#texture" },
				"north": { "uv": [ 7, 10.125, 10, 11.125 ], "texture": "#texture" },
				"south": { "uv": [ 6, 10.125, 9, 11.125 ], "texture": "#texture" },
				"west": { "uv": [ 4, 10.125, 7, 11.125 ], "texture": "#texture" },
				"east": { "uv": [ 9, 10.125, 12, 11.125 ], "texture": "#texture" }
			}
		},
		{
			"__comment": "Box47",
			"from": [ 5, 6.5, 4.5 ],
			"to": [ 7.5, 8, 6.5 ],
			"faces": {
				"down": { "uv": [ 6, 9, 9, 12 ], "texture": "#texture" },
				"up": { "uv": [ 6, 4, 9, 7 ], "texture": "#texture" },
				"north": { "uv": [ 7, 10.125, 10, 11.125 ], "texture": "#texture" },
				"south": { "uv": [ 6, 10.125, 9, 11.125 ], "texture": "#texture" },
				"west": { "uv": [ 4, 10.125, 7, 11.125 ], "texture": "#texture" },
				"east": { "uv": [ 9, 10.125, 12, 11.125 ], "texture": "#texture" }
			}
		},
		{
			"__comment": "Box47",
			"from": [ 3.75, 5.875, 4.5 ],
			"to": [ 5.75, 7.375, 6.5 ],
			"rotation": { "origin": [ 3.75, 5.875, 4.5 ], "axis": "z", "angle": 22.5 },
			"faces": {
				"down": { "uv": [ 6, 9, 9, 12 ], "texture": "#texture" },
				"up": { "uv": [ 6, 4, 9, 7 ], "texture": "#texture" },
				"north": { "uv": [ 7, 10.125, 10, 11.125 ], "texture": "#texture" },
				"south": { "uv": [ 6, 10.125, 9, 11.125 ], "texture": "#texture" },
				"west": { "uv": [ 4, 10.125, 7, 11.125 ], "texture": "#texture" },
				"east": { "uv": [ 9, 10.125, 12, 11.125 ], "texture": "#texture" }
			}
		},
		{
			"__comment": "Box47",
			"from": [ 3.125, 5.75, 4.75 ],
			"to": [ 4.625, 7.25, 6.25 ],
			"faces": {
				"down": { "uv": [ 6, 9, 9, 12 ], "texture": "#texture" },
				"up": { "uv": [ 6, 4, 9, 7 ], "texture": "#texture" },
				"north": { "uv": [ 7, 10.125, 10, 11.125 ], "texture": "#texture" },
				"south": { "uv": [ 6, 10.125, 9, 11.125 ], "texture": "#texture" },
				"west": { "uv": [ 4, 10.125, 7, 11.125 ], "texture": "#texture" },
				"east": { "uv": [ 9, 10.125, 12, 11.125 ], "texture": "#texture" }
			}
		},
		{
			"__comment": "Box47",
			"from": [ 3.5, 5.125, 5 ],
			"to": [ 5, 6.125, 6 ],
			"rotation": { "origin": [ 3.5, 5.125, 5 ], "axis": "z", "angle": 22.5 },
			"faces": {
				"down": { "uv": [ 6, 9, 9, 12 ], "texture": "#texture" },
				"up": { "uv": [ 6, 4, 9, 7 ], "texture": "#texture" },
				"north": { "uv": [ 7, 10.125, 10, 11.125 ], "texture": "#texture" },
				"south": { "uv": [ 6, 10.125, 9, 11.125 ], "texture": "#texture" },
				"west": { "uv": [ 4, 10.125, 7, 11.125 ], "texture": "#texture" },
				"east": { "uv": [ 9, 10.125, 12, 11.125 ], "texture": "#texture" }
			}
		},
		{
			"__comment": "Box45",
			"from": [ 7.875, 1, 2.25 ],
			"to": [ 8.075, 2.5, 7.25 ],
			"faces": {
				"down": { "uv": [ 7.875, 8.75, 8.075, 13.75 ], "texture": "#texture2" },
				"up": { "uv": [ 7.875, 2.25, 8.075, 7.25 ], "texture": "#texture2" },
				"north": { "uv": [ 7.925, 13.5, 8.125, 15 ], "texture": "#texture2" },
				"south": { "uv": [ 7.875, 13.5, 8.075, 15 ], "texture": "#texture2" },
				"west": { "uv": [ 2.25, 13.5, 7.25, 15 ], "texture": "#texture2" },
				"east": { "uv": [ 8.75, 13.5, 13.75, 15 ], "texture": "#texture2" }
			}
		},
		{
			"__comment": "Box45",
			"from": [ 4.5, 1, 2.5 ],
			"to": [ 10.5, 1.9, 8.5 ],
			"faces": {
				"down": { "uv": [ 4.5, 7.5, 10.5, 13.5 ], "texture": "#texture1" },
				"up": { "uv": [ 4.5, 2.5, 10.5, 8.5 ], "texture": "#texture1" },
				"north": { "uv": [ 5.5, 14.11, 11.5, 15.01 ], "texture": "#texture1" },
				"south": { "uv": [ 4.5, 14.11, 10.5, 15.01 ], "texture": "#texture1" },
				"west": { "uv": [ 2.5, 14.11, 8.5, 15.01 ], "texture": "#texture1" },
				"east": { "uv": [ 7.5, 14.11, 13.5, 15.01 ], "texture": "#texture1" }
			}
		},
		{
			"__comment": "Box45",
			"from": [ 7, 2.3, 2.25 ],
			"to": [ 8, 2.5, 6.75 ],
			"faces": {
				"down": { "uv": [ 7, 9.25, 8, 13.75 ], "texture": "#texture2" },
				"up": { "uv": [ 7, 2.25, 8, 6.75 ], "texture": "#texture2" },
				"north": { "uv": [ 8, 13.5, 9, 13.7 ], "texture": "#texture2" },
				"south": { "uv": [ 7, 13.5, 8, 13.7 ], "texture": "#texture2" },
				"west": { "uv": [ 2.25, 13.5, 6.75, 13.7 ], "texture": "#texture2" },
				"east": { "uv": [ 9.25, 13.5, 13.75, 13.7 ], "texture": "#texture2" }
			}
		},
		{
			"__comment": "Box45",
			"from": [ 6.875, 1, 2.25 ],
			"to": [ 7.075, 2.5, 6.25 ],
			"faces": {
				"down": { "uv": [ 6.875, 9.75, 7.075, 13.75 ], "texture": "#texture2" },
				"up": { "uv": [ 6.875, 2.25, 7.075, 6.25 ], "texture": "#texture2" },
				"north": { "uv": [ 8.925, 13.5, 9.125, 15 ], "texture": "#texture2" },
				"south": { "uv": [ 6.875, 13.5, 7.075, 15 ], "texture": "#texture2" },
				"west": { "uv": [ 2.25, 13.5, 6.25, 15 ], "texture": "#texture2" },
				"east": { "uv": [ 9.75, 13.5, 13.75, 15 ], "texture": "#texture2" }
			}
		},
		{
			"__comment": "Box45",
			"from": [ 7, 1, 2.25 ],
			"to": [ 8, 1.2, 7.75 ],
			"faces": {
				"down": { "uv": [ 7, 8.25, 8, 13.75 ], "texture": "#texture2" },
				"up": { "uv": [ 7, 2.25, 8, 7.75 ], "texture": "#texture2" },
				"north": { "uv": [ 8, 14.8, 9, 15 ], "texture": "#texture2" },
				"south": { "uv": [ 7, 14.8, 8, 15 ], "texture": "#texture2" },
				"west": { "uv": [ 2.25, 14.8, 7.75, 15 ], "texture": "#texture2" },
				"east": { "uv": [ 8.25, 14.8, 13.75, 15 ], "texture": "#texture2" }
			}
		}
	],
	"display": {
		"thirdperson_righthand": {
			"rotation":  [ 78, 75, 0 ],
			"translation":  [ 5.5652, 2.7826, 6.9565 ],
			"scale":  [ 0.826, 0.8956, 0.826 ]
		},
		"thirdperson_lefthand": {
			"rotation":  [ 78, 75, 0 ],
			"translation":  [ 5.5652, 2.7826, 6.9565 ],
			"scale":  [ 0.826, 0.8956, 0.826 ]
		},
		"firstperson_righthand": {
			"rotation":  [ -2, 108, 2 ],
			"translation":  [ 2.7832, 8.3478, -3.477 ],
			"scale":  [ 1, 1.1043, 1 ]
		},
		"firstperson_lefthand": {
			"rotation":  [ -2, 108, 2 ],
			"translation":  [ 2.7832, 8.3478, -3.477 ],
			"scale":  [ 1, 1.1043, 1 ]
		},
		"gui": {
			"rotation":  [ 0, 180, 0 ],
			"translation":  [ -0.695, 6.2608, 0 ],
			"scale":  [ 1.4173, 1.5216, 0.0001 ]
		},
		"head": {
			"translation":  [ 0.6956, 20.867, 4.7 ],
			"scale":  [ 1.939, 1.904, 1.939 ]
		},
		"ground": {
			"translation":  [ 0, 11.13, 0 ],
			"scale":  [ 1.3826, 1.3478, 1.3129 ]
		},
		"fixed": {
			"translation":  [ 0, 5.5652, 0 ],
			"scale":  [ 1.313, 1.5216, 1.1738 ]
		}
	}
}
