{
	"credit": "Made with Blockbench",
	"textures": {
		"0": "blocks/wool_colored_white",
		"1": "blocks/gold_block",
		"2": "blocks/wool_colored_red",
		"3": "blocks/wool_colored_orange",
		"4": "blocks/wool_colored_yellow",
		"5": "blocks/wool_colored_green",
		"6": "blocks/wool_colored_blue",
		"7": "blocks/wool_colored_purple",
		"particle": "blocks/wool_colored_white"
	},
	"elements": [
		{
			"from": [7.85, 0, 7.85],
			"to": [8.15, 8, 8.15],
			"faces": {
				"north": {"uv": [0, 0, 1.3, 1], "texture": "#0"},
				"east": {"uv": [0, 0, 1.3, 1], "texture": "#0"},
				"south": {"uv": [0, 0, 1.3, 1], "texture": "#0"},
				"west": {"uv": [0, 0, 1.3, 1], "texture": "#0"},
				"up": {"uv": [0, 0, 0.3, 0.3], "texture": "#0"},
				"down": {"uv": [0, 0, 0.3, 0.3], "texture": "#0"}
			}
		},
		{
			"from": [7.75, 7.75, 7.75],
			"to": [8.25, 8.25, 8.25],
			"faces": {
				"north": {"uv": [0, 0, 0.5, 0.5], "texture": "#1"},
				"east": {"uv": [0, 0, 0.5, 0.5], "texture": "#1"},
				"south": {"uv": [0, 0, 0.5, 0.5], "texture": "#1"},
				"west": {"uv": [0, 0, 0.5, 0.5], "texture": "#1"},
				"up": {"uv": [0, 0, 0.5, 0.5], "texture": "#1"},
				"down": {"uv": [0, 0, 0.5, 0.5], "texture": "#1"}
			}
		},
		{
			"from": [7.9, 7.2, 2.95],
			"to": [8.1, 7.7, 7.85],
			"faces": {
				"north": {"uv": [0, 0, 1.2, 3.6], "texture": "#2"},
				"east": {"uv": [0, 0, 13.6, 1.6], "texture": "#2"},
				"south": {"uv": [0, 0, 0.2, 0.6], "texture": "#missing"},
				"west": {"uv": [0, 0, 13.6, 1.6], "texture": "#2"},
				"up": {"uv": [0, 0, 2.2, 8.6], "texture": "#2"},
				"down": {"uv": [0, 0, 0.2, 4.6], "texture": "#missing"}
			}
		},
		{
			"from": [7.9, 6.7, 2.95],
			"to": [8.1, 7.2, 7.85],
			"faces": {
				"north": {"uv": [0, 0, 1.2, 3.6], "texture": "#3"},
				"east": {"uv": [0, 0, 13.6, 1.6], "texture": "#3"},
				"south": {"uv": [0, 0, 0.2, 0.6], "texture": "#missing"},
				"west": {"uv": [0, 0, 13.6, 1.6], "texture": "#3"},
				"up": {"uv": [0, 0, 0.2, 4.6], "texture": "#missing"},
				"down": {"uv": [0, 0, 0.2, 4.6], "texture": "#missing"}
			}
		},
		{
			"from": [7.9, 6.2, 2.95],
			"to": [8.1, 6.7, 7.85],
			"faces": {
				"north": {"uv": [0, 0, 1.2, 3.6], "texture": "#4"},
				"east": {"uv": [0, 0, 13.6, 1.6], "texture": "#4"},
				"south": {"uv": [0, 0, 0.2, 0.6], "texture": "#missing"},
				"west": {"uv": [0, 0, 13.6, 1.6], "texture": "#4"},
				"up": {"uv": [0, 0, 0.2, 4.6], "texture": "#missing"},
				"down": {"uv": [0, 0, 0.2, 4.6], "texture": "#missing"}
			}
		},
		{
			"from": [7.9, 5.7, 2.95],
			"to": [8.1, 6.2, 7.85],
			"faces": {
				"north": {"uv": [0, 0, 1.2, 3.5], "texture": "#5"},
				"east": {"uv": [0, 0, 12.9, 1.5], "texture": "#5"},
				"south": {"uv": [0, 0, 0.2, 0.5], "texture": "#missing"},
				"west": {"uv": [0, 0, 12.9, 1.5], "texture": "#5"},
				"up": {"uv": [0, 0, 0.2, 4.9], "texture": "#missing"},
				"down": {"uv": [0, 0, 0.2, 4.9], "texture": "#missing"}
			}
		},
		{
			"from": [7.9, 5.2, 2.95],
			"to": [8.1, 5.7, 7.85],
			"faces": {
				"north": {"uv": [0, 0, 1.2, 3.5], "texture": "#6"},
				"east": {"uv": [0, 0, 13.9, 1.5], "texture": "#6"},
				"south": {"uv": [0, 0, 0.2, 0.5], "texture": "#missing"},
				"west": {"uv": [0, 0, 13.9, 1.5], "texture": "#6"},
				"up": {"uv": [0, 0, 0.2, 4.9], "texture": "#missing"},
				"down": {"uv": [0, 0, 0.2, 4.9], "texture": "#missing"}
			}
		},
		{
			"from": [7.9, 4.7, 2.95],
			"to": [8.1, 5.2, 7.85],
			"faces": {
				"north": {"uv": [0, 0, 1.2, 3.5], "texture": "#7"},
				"east": {"uv": [0, 0, 13.9, 1.5], "texture": "#7"},
				"south": {"uv": [0, 0, 0.2, 0.5], "texture": "#missing"},
				"west": {"uv": [0, 0, 13.9, 1.5], "texture": "#7"},
				"up": {"uv": [0, 0, 0.2, 4.9], "texture": "#missing"},
				"down": {"uv": [0, 0, 2.2, 6.9], "texture": "#7"}
			}
		}
	],
	"display": {
		"thirdperson_righthand": {
			"rotation": [13, 0, 0],
			"translation": [0, 13.25, 3.75],
			"scale": [1.61, 1.81, 1.81]
		},
		"thirdperson_lefthand": {
			"rotation": [13, 0, 0],
			"translation": [0, 13.25, 3.75],
			"scale": [1.61, 1.81, 1.81]
		},
		"firstperson_righthand": {
			"rotation": [-13, 6, 0],
			"translation": [3.25, 10, -0.25],
			"scale": [1, 1.7, 1.7]
		},
		"firstperson_lefthand": {
			"rotation": [-13, 6, 0],
			"translation": [3.25, 10, -0.25],
			"scale": [1, 1.7, 1.7]
		},
		"ground": {
			"translation": [0, 8, 0],
			"scale": [1, 1.75, 1.75]
		},
		"gui": {
			"rotation": [0, -90, 0],
			"translation": [-3, 5.75, 0],
			"scale": [1, 1.5, 1.5]
		},
		"head": {
			"rotation": [-29, 0, 0],
			"translation": [0, 20.75, -15.25],
			"scale": [1, 2.5, 2.5]
		},
		"fixed": {
			"rotation": [-21, 0, 0],
			"translation": [0, 12, -5.75],
			"scale": [1, 2.5, 2.5]
		}
	},
	"groups": [
		{
			"name": "everything",
			"children": [
				{
					"name": "Pole",
					"children": [0, 1]
				},
				{
					"name": "flag",
					"children": [2, 3, 4, 5, 6, 7]
				}
			]
		}
	]
}