{
	"__comment": "Designed by Kodak_kev with Cubik Studio - https://cubik.studio",
	"textures": {
		"particle": "blocks/e_particle",
		"texture": "blocks/wool_colored_white",
		"texture1": "custom/palacelogo",
		"texture2": "blocks/fire_layer_0",
		"texture3": "blocks/wool_colored_purple",
		"texture4": "blocks/wool_colored_blue",
		"texture6": "blocks/hardened_clay_stained_yellow",
		"texture5": "custom/number1_"
	},
	"elements": [ 	 
		{
			"__comment": "Box1",
			"from": [ 8.5, 0, 7 ],
			"to": [ 10.5, 1, 9 ],
			"faces": {
				"down": { "uv": [ 8.5, 7, 10.5, 9 ], "texture": "#texture" },
				"up": { "uv": [ 8.5, 7, 10.5, 9 ], "texture": "#texture" },
				"north": { "uv": [ 5.5, 15, 7.5, 16 ], "texture": "#texture" },
				"south": { "uv": [ 8.5, 15, 10.5, 16 ], "texture": "#texture" },
				"west": { "uv": [ 7, 15, 9, 16 ], "texture": "#texture" },
				"east": { "uv": [ 7, 15, 9, 16 ], "texture": "#texture" }
			}
		},
		{
			"__comment": "Box2",
			"from": [ 9.75, 0, 6.75 ],
			"to": [ 10.75, 6.5, 8.25 ],
			"rotation": { "origin": [ 9.75, 0, 6.75 ], "axis": "y", "angle": 45 },
			"faces": {
				"down": { "uv": [ 3, 10, 5, 11 ], "texture": "#texture" },
				"up": { "uv": [ 3, 5, 5, 6 ], "texture": "#texture" },
				"north": { "uv": [ 11, 15, 13, 16 ], "texture": "#texture" },
				"south": { "uv": [ 3, 15, 5, 16 ], "texture": "#texture" },
				"west": { "uv": [ 5, 15, 6, 16 ], "texture": "#texture" },
				"east": { "uv": [ 10, 15, 11, 16 ], "texture": "#texture" }
			}
		},
		{
			"__comment": "Box2",
			"from": [ 7.5, 0, 7.125 ],
			"to": [ 9, 6.5, 8.125 ],
			"rotation": { "origin": [ 7.5, 0, 7.125 ], "axis": "y", "angle": 45 },
			"faces": {
				"down": { "uv": [ 3, 10, 5, 11 ], "texture": "#texture" },
				"up": { "uv": [ 3, 5, 5, 6 ], "texture": "#texture" },
				"north": { "uv": [ 11, 15, 13, 16 ], "texture": "#texture" },
				"south": { "uv": [ 3, 15, 5, 16 ], "texture": "#texture" },
				"west": { "uv": [ 5, 15, 6, 16 ], "texture": "#texture" },
				"east": { "uv": [ 10, 15, 11, 16 ], "texture": "#texture" }
			}
		},
		{
			"__comment": "Box2",
			"from": [ 9.75, 0, 9.25 ],
			"to": [ 11.25, 6.5, 10.25 ],
			"rotation": { "origin": [ 9.75, 0, 9.25 ], "axis": "y", "angle": 45 },
			"faces": {
				"down": { "uv": [ 3, 10, 5, 11 ], "texture": "#texture" },
				"up": { "uv": [ 3, 5, 5, 6 ], "texture": "#texture" },
				"north": { "uv": [ 11, 15, 13, 16 ], "texture": "#texture" },
				"south": { "uv": [ 3, 15, 5, 16 ], "texture": "#texture" },
				"west": { "uv": [ 5, 15, 6, 16 ], "texture": "#texture" },
				"east": { "uv": [ 10, 15, 11, 16 ], "texture": "#texture" }
			}
		},
		{
			"__comment": "Box2",
			"from": [ 7.5, 0, 8.875 ],
			"to": [ 8.5, 6.5, 10.375 ],
			"rotation": { "origin": [ 7.5, 0, 8.875 ], "axis": "y", "angle": 45 },
			"faces": {
				"down": { "uv": [ 3, 10, 5, 11 ], "texture": "#texture" },
				"up": { "uv": [ 3, 5, 5, 6 ], "texture": "#texture" },
				"north": { "uv": [ 11, 15, 13, 16 ], "texture": "#texture" },
				"south": { "uv": [ 3, 15, 5, 16 ], "texture": "#texture" },
				"west": { "uv": [ 5, 15, 6, 16 ], "texture": "#texture" },
				"east": { "uv": [ 10, 15, 11, 16 ], "texture": "#texture" }
			}
		},
		{
			"__comment": "Box6",
			"from": [ 10.5, 0, 7 ],
			"to": [ 11.5, 6.5, 9 ],
			"faces": {
				"down": { "uv": [ 10.5, 7, 11.5, 9 ], "texture": "#texture" },
				"up": { "uv": [ 10.5, 7, 11.5, 9 ], "texture": "#texture" },
				"north": { "uv": [ 4.5, 9.5, 5.5, 16 ], "texture": "#texture" },
				"south": { "uv": [ 10.5, 9.5, 11.5, 16 ], "texture": "#texture" },
				"west": { "uv": [ 7, 9.5, 9, 16 ], "texture": "#texture" },
				"east": { "uv": [ 7, 9.5, 9, 16 ], "texture": "#texture" }
			}
		},
		{
			"__comment": "Box6",
			"from": [ 8.5, 0, 9 ],
			"to": [ 10.5, 6.5, 10 ],
			"faces": {
				"down": { "uv": [ 8.5, 6, 10.5, 7 ], "texture": "#texture" },
				"up": { "uv": [ 8.5, 9, 10.5, 10 ], "texture": "#texture" },
				"north": { "uv": [ 5.5, 9.5, 7.5, 16 ], "texture": "#texture" },
				"south": { "uv": [ 8.5, 9.5, 10.5, 16 ], "texture": "#texture" },
				"west": { "uv": [ 9, 9.5, 10, 16 ], "texture": "#texture" },
				"east": { "uv": [ 6, 9.5, 7, 16 ], "texture": "#texture" }
			}
		},
		{
			"__comment": "Box6",
			"from": [ 8.5, 0, 6 ],
			"to": [ 10.5, 6.5, 7.5 ],
			"faces": {
				"down": { "uv": [ 8.5, 8.5, 10.5, 10 ], "texture": "#texture" },
				"up": { "uv": [ 8.5, 6, 10.5, 7.5 ], "texture": "#texture" },
				"north": { "uv": [ 5.5, 9.5, 7.5, 16 ], "texture": "#texture" },
				"south": { "uv": [ 8.5, 9.5, 10.5, 16 ], "texture": "#texture" },
				"west": { "uv": [ 6, 9.5, 7.5, 16 ], "texture": "#texture" },
				"east": { "uv": [ 8.5, 9.5, 10, 16 ], "texture": "#texture" }
			}
		},
		{
			"__comment": "Box6",
			"from": [ 7.5, 0, 7 ],
			"to": [ 8.5, 6.5, 9 ],
			"faces": {
				"down": { "uv": [ 7.5, 7, 8.5, 9 ], "texture": "#texture" },
				"up": { "uv": [ 7.5, 7, 8.5, 9 ], "texture": "#texture" },
				"north": { "uv": [ 7.5, 9.5, 8.5, 16 ], "texture": "#texture" },
				"south": { "uv": [ 7.5, 9.5, 8.5, 16 ], "texture": "#texture" },
				"west": { "uv": [ 7, 9.5, 9, 16 ], "texture": "#texture" },
				"east": { "uv": [ 7, 9.5, 9, 16 ], "texture": "#texture" }
			}
		},
		{
			"__comment": "Box12",
			"from": [ 7, 0, 12 ],
			"to": [ 12, 1, 13 ],
			"faces": {
				"down": { "uv": [ 7, 3, 12, 4 ], "texture": "#texture" },
				"up": { "uv": [ 7, 12, 12, 13 ], "texture": "#texture" },
				"north": { "uv": [ 4, 15, 9, 16 ], "texture": "#texture" },
				"south": { "uv": [ 7, 15, 12, 16 ], "texture": "#texture" },
				"west": { "uv": [ 12, 15, 13, 16 ], "texture": "#texture" },
				"east": { "uv": [ 3, 15, 4, 16 ], "texture": "#texture" }
			}
		},
		{
			"__comment": "Box12",
			"from": [ 7, 0, 3 ],
			"to": [ 12, 1, 12.5 ],
			"faces": {
				"down": { "uv": [ 7, 3.5, 12, 13 ], "texture": "#texture" },
				"up": { "uv": [ 7, 3, 12, 12.5 ], "texture": "#texture" },
				"north": { "uv": [ 4, 15, 9, 16 ], "texture": "#texture" },
				"south": { "uv": [ 7, 15, 12, 16 ], "texture": "#texture" },
				"west": { "uv": [ 3, 15, 12.5, 16 ], "texture": "#texture" },
				"east": { "uv": [ 3.5, 15, 13, 16 ], "texture": "#texture" }
			}
		},
		{
			"__comment": "Box14",
			"from": [ 13.5, 0, 5.5 ],
			"to": [ 14.5, 1, 10.5 ],
			"faces": {
				"down": { "uv": [ 13.5, 5.5, 14.5, 10.5 ], "texture": "#texture" },
				"up": { "uv": [ 13.5, 5.5, 14.5, 10.5 ], "texture": "#texture" },
				"north": { "uv": [ 1.5, 15, 2.5, 16 ], "texture": "#texture" },
				"south": { "uv": [ 13.5, 15, 14.5, 16 ], "texture": "#texture" },
				"west": { "uv": [ 5.5, 15, 10.5, 16 ], "texture": "#texture" },
				"east": { "uv": [ 5.5, 15, 10.5, 16 ], "texture": "#texture" }
			}
		},
		{
			"__comment": "Box14",
			"from": [ 4.5, 0, 5.5 ],
			"to": [ 14, 1, 10.5 ],
			"faces": {
				"down": { "uv": [ 4.5, 5.5, 14, 10.5 ], "texture": "#texture" },
				"up": { "uv": [ 4.5, 5.5, 14, 10.5 ], "texture": "#texture" },
				"north": { "uv": [ 2, 15, 11.5, 16 ], "texture": "#texture" },
				"south": { "uv": [ 4.5, 15, 14, 16 ], "texture": "#texture" },
				"west": { "uv": [ 5.5, 15, 10.5, 16 ], "texture": "#texture" },
				"east": { "uv": [ 5.5, 15, 10.5, 16 ], "texture": "#texture" }
			}
		},
		{
			"__comment": "Box17",
			"from": [ 5.25, 0, 9.75 ],
			"to": [ 8.75, 1, 10.75 ],
			"rotation": { "origin": [ 5.25, 0, 9.75 ], "axis": "y", "angle": -45 },
			"faces": {
				"down": { "uv": [ 2.5, 14, 6, 15 ], "texture": "#texture" },
				"up": { "uv": [ 2.5, 1, 6, 2 ], "texture": "#texture" },
				"north": { "uv": [ 10, 15, 13.5, 16 ], "texture": "#texture" },
				"south": { "uv": [ 2.5, 15, 6, 16 ], "texture": "#texture" },
				"west": { "uv": [ 1, 15, 2, 16 ], "texture": "#texture" },
				"east": { "uv": [ 14, 15, 15, 16 ], "texture": "#texture" }
			}
		},
		{
			"__comment": "Box16",
			"from": [ 11.25, 0, 12.25 ],
			"to": [ 14.75, 1, 13.25 ],
			"rotation": { "origin": [ 11.25, 0, 12.25 ], "axis": "y", "angle": 45 },
			"faces": {
				"down": { "uv": [ 1.5, 10.5, 5, 11.5 ], "texture": "#texture" },
				"up": { "uv": [ 1.5, 4.5, 5, 5.5 ], "texture": "#texture" },
				"north": { "uv": [ 11, 15, 14.5, 16 ], "texture": "#texture" },
				"south": { "uv": [ 1.5, 15, 5, 16 ], "texture": "#texture" },
				"west": { "uv": [ 4.5, 15, 5.5, 16 ], "texture": "#texture" },
				"east": { "uv": [ 10.5, 15, 11.5, 16 ], "texture": "#texture" }
			}
		},
		{
			"__comment": "Box16",
			"from": [ 4.5, 0, 5.5 ],
			"to": [ 8, 1, 6.5 ],
			"rotation": { "origin": [ 4.5, 0, 5.5 ], "axis": "y", "angle": 45 },
			"faces": {
				"down": { "uv": [ 1.5, 10.5, 5, 11.5 ], "texture": "#texture" },
				"up": { "uv": [ 1.5, 4.5, 5, 5.5 ], "texture": "#texture" },
				"north": { "uv": [ 11, 15, 14.5, 16 ], "texture": "#texture" },
				"south": { "uv": [ 1.5, 15, 5, 16 ], "texture": "#texture" },
				"west": { "uv": [ 4.5, 15, 5.5, 16 ], "texture": "#texture" },
				"east": { "uv": [ 10.5, 15, 11.5, 16 ], "texture": "#texture" }
			}
		},
		{
			"__comment": "Box17",
			"from": [ 12, 0, 3 ],
			"to": [ 15.5, 1, 4 ],
			"rotation": { "origin": [ 12, 0, 3 ], "axis": "y", "angle": -45 },
			"faces": {
				"down": { "uv": [ 2.5, 14, 6, 15 ], "texture": "#texture" },
				"up": { "uv": [ 2.5, 1, 6, 2 ], "texture": "#texture" },
				"north": { "uv": [ 10, 15, 13.5, 16 ], "texture": "#texture" },
				"south": { "uv": [ 2.5, 15, 6, 16 ], "texture": "#texture" },
				"west": { "uv": [ 1, 15, 2, 16 ], "texture": "#texture" },
				"east": { "uv": [ 14, 15, 15, 16 ], "texture": "#texture" }
			}
		},
		{
			"__comment": "Box21",
			"from": [ 6, 0, 4.375 ],
			"to": [ 13, 1, 11.375 ],
			"faces": {
				"down": { "uv": [ 6, 4.625, 13, 11.625 ], "texture": "#texture" },
				"up": { "uv": [ 6, 4.375, 13, 11.375 ], "texture": "#texture" },
				"north": { "uv": [ 3, 15, 10, 16 ], "texture": "#texture" },
				"south": { "uv": [ 6, 15, 13, 16 ], "texture": "#texture" },
				"west": { "uv": [ 4.375, 15, 11.375, 16 ], "texture": "#texture" },
				"east": { "uv": [ 4.625, 15, 11.625, 16 ], "texture": "#texture" }
			}
		},
		{
			"__comment": "Box22",
			"from": [ 6, 0, 9 ],
			"to": [ 13, 1, 11.5 ],
			"faces": {
				"down": { "uv": [ 6, 4.5, 13, 7 ], "texture": "#texture" },
				"up": { "uv": [ 6, 9, 13, 11.5 ], "texture": "#texture" },
				"north": { "uv": [ 3, 15, 10, 16 ], "texture": "#texture" },
				"south": { "uv": [ 6, 15, 13, 16 ], "texture": "#texture" },
				"west": { "uv": [ 9, 15, 11.5, 16 ], "texture": "#texture" },
				"east": { "uv": [ 4.5, 15, 7, 16 ], "texture": "#texture" }
			}
		},
		{
			"__comment": "Box22",
			"from": [ 5.5, 0, 5 ],
			"to": [ 13.5, 1, 7.5 ],
			"faces": {
				"down": { "uv": [ 5.5, 8.5, 13.5, 11 ], "texture": "#texture" },
				"up": { "uv": [ 5.5, 5, 13.5, 7.5 ], "texture": "#texture" },
				"north": { "uv": [ 2.5, 15, 10.5, 16 ], "texture": "#texture" },
				"south": { "uv": [ 5.5, 15, 13.5, 16 ], "texture": "#texture" },
				"west": { "uv": [ 5, 15, 7.5, 16 ], "texture": "#texture" },
				"east": { "uv": [ 8.5, 15, 11, 16 ], "texture": "#texture" }
			}
		},
		{
			"__comment": "Box24",
			"from": [ 11.25, 0, 5.5 ],
			"to": [ 13.75, 6, 10.5 ],
			"rotation": { "origin": [ 11.25, 0, 5.5 ], "axis": "z", "angle": 22.5 },
			"faces": {
				"down": { "uv": [ 4.5, 1, 5.5, 2 ], "texture": "#texture" },
				"up": { "uv": [ 4.5, 14, 5.5, 15 ], "texture": "#texture" },
				"north": { "uv": [ 10.5, 10.5, 11.5, 15 ], "texture": "#texture" },
				"south": { "uv": [ 4.5, 10.5, 5.5, 15 ], "texture": "#texture" },
				"west": { "uv": [ 14, 10.5, 15, 15 ], "texture": "#texture" },
				"east": { "uv": [ 1, 10.5, 2, 15 ], "texture": "#texture" }
			}
		},
		{
			"__comment": "Box24",
			"from": [ 5.375, 1, 5.5 ],
			"to": [ 7.875, 7, 10.5 ],
			"rotation": { "origin": [ 5.375, 1, 5.5 ], "axis": "z", "angle": -22.5 },
			"faces": {
				"down": { "uv": [ 4.5, 1, 5.5, 2 ], "texture": "#texture" },
				"up": { "uv": [ 4.5, 14, 5.5, 15 ], "texture": "#texture" },
				"north": { "uv": [ 10.5, 10.5, 11.5, 15 ], "texture": "#texture" },
				"south": { "uv": [ 4.5, 10.5, 5.5, 15 ], "texture": "#texture" },
				"west": { "uv": [ 14, 10.5, 15, 15 ], "texture": "#texture" },
				"east": { "uv": [ 1, 10.5, 2, 15 ], "texture": "#texture" }
			}
		},
		{
			"__comment": "Box26",
			"from": [ 7, 0.375, 10.875 ],
			"to": [ 12, 6.375, 12.375 ],
			"rotation": { "origin": [ 7, 0.375, 10.875 ], "axis": "x", "angle": -22.5 },
			"faces": {
				"down": { "uv": [ 6.5, 1, 11.5, 2 ], "texture": "#texture" },
				"up": { "uv": [ 6.5, 14, 11.5, 15 ], "texture": "#texture" },
				"north": { "uv": [ 4.5, 9, 9.5, 15 ], "texture": "#texture" },
				"south": { "uv": [ 6.5, 9, 11.5, 15 ], "texture": "#texture" },
				"west": { "uv": [ 14, 9, 15, 15 ], "texture": "#texture" },
				"east": { "uv": [ 1, 9, 2, 15 ], "texture": "#texture" }
			}
		},
		{
			"__comment": "Box26",
			"from": [ 7, 1, 3.875 ],
			"to": [ 12, 7, 5.375 ],
			"rotation": { "origin": [ 7, 1, 3.875 ], "axis": "x", "angle": 22.5 },
			"faces": {
				"down": { "uv": [ 6.5, 1, 11.5, 2 ], "texture": "#texture" },
				"up": { "uv": [ 6.5, 14, 11.5, 15 ], "texture": "#texture" },
				"north": { "uv": [ 4.5, 9, 9.5, 15 ], "texture": "#texture" },
				"south": { "uv": [ 6.5, 9, 11.5, 15 ], "texture": "#texture" },
				"west": { "uv": [ 14, 9, 15, 15 ], "texture": "#texture" },
				"east": { "uv": [ 1, 9, 2, 15 ], "texture": "#texture" }
			}
		},
		{
			"__comment": "Box28",
			"from": [ 3.5, 5, 16 ],
			"to": [ 15.5, 7, 17 ],
			"faces": {
				"down": { "uv": [ 3.5, 15, 15.5, 16 ], "texture": "#texture" },
				"up": { "uv": [ 3.5, 0, 15.5, 1 ], "texture": "#texture" },
				"north": { "uv": [ 0.5, 9, 12.5, 11 ], "texture": "#texture" },
				"south": { "uv": [ 3.5, 9, 15.5, 11 ], "texture": "#texture" },
				"west": { "uv": [ 0, 9, 1, 11 ], "texture": "#texture" },
				"east": { "uv": [ 15, 9, 16, 11 ], "texture": "#texture" }
			}
		},
		{
			"__comment": "Box29",
			"from": [ 7, 1, 10 ],
			"to": [ 12, 2, 11 ],
			"faces": {
				"down": { "uv": [ 7, 5, 12, 6 ], "texture": "#texture" },
				"up": { "uv": [ 7, 10, 12, 11 ], "texture": "#texture" },
				"north": { "uv": [ 4, 14, 9, 15 ], "texture": "#texture" },
				"south": { "uv": [ 7, 14, 12, 15 ], "texture": "#texture" },
				"west": { "uv": [ 10, 14, 11, 15 ], "texture": "#texture" },
				"east": { "uv": [ 5, 14, 6, 15 ], "texture": "#texture" }
			}
		},
		{
			"__comment": "Box28",
			"from": [ 2.5, 5, 0.5 ],
			"to": [ 16.5, 7, 15.5 ],
			"faces": {
				"down": { "uv": [ 2.5, 0.5, 16, 15.5 ], "texture": "#texture" },
				"up": { "uv": [ 2.5, 0.5, 16, 15.5 ], "texture": "#texture" },
				"north": { "uv": [ 0, 9, 13.5, 11 ], "texture": "#texture" },
				"south": { "uv": [ 2.5, 9, 16, 11 ], "texture": "#texture" },
				"west": { "uv": [ 0.5, 9, 15.5, 11 ], "texture": "#texture" },
				"east": { "uv": [ 0.5, 9, 15.5, 11 ], "texture": "#texture" }
			}
		},
		{
			"__comment": "Box28",
			"from": [ 3.5, 5, -1 ],
			"to": [ 15.5, 7, 0 ],
			"faces": {
				"down": { "uv": [ 3.5, 0, 15.5, 1 ], "texture": "#texture" },
				"up": { "uv": [ 3.5, 15, 15.5, 16 ], "texture": "#texture" },
				"north": { "uv": [ 0.5, 9, 12.5, 11 ], "texture": "#texture" },
				"south": { "uv": [ 3.5, 9, 15.5, 11 ], "texture": "#texture" },
				"west": { "uv": [ 15, 9, 16, 11 ], "texture": "#texture" },
				"east": { "uv": [ 0, 9, 1, 11 ], "texture": "#texture" }
			}
		},
		{
			"__comment": "Box32",
			"from": [ 17.5, 5, 2 ],
			"to": [ 18.5, 7, 14 ],
			"faces": {
				"down": { "uv": [ 1.5, 2, 2.5, 14 ], "texture": "#texture" },
				"up": { "uv": [ 1.5, 2, 2.5, 14 ], "texture": "#texture" },
				"north": { "uv": [ 13.5, 9, 14.5, 11 ], "texture": "#texture" },
				"south": { "uv": [ 1.5, 9, 2.5, 11 ], "texture": "#texture" },
				"west": { "uv": [ 2, 9, 14, 11 ], "texture": "#texture" },
				"east": { "uv": [ 2, 9, 14, 11 ], "texture": "#texture" }
			}
		},
		{
			"__comment": "Box32",
			"from": [ 0.5, 5, 2 ],
			"to": [ 1.5, 7, 14 ],
			"faces": {
				"down": { "uv": [ 0.5, 2, 1.5, 14 ], "texture": "#texture" },
				"up": { "uv": [ 0.5, 2, 1.5, 14 ], "texture": "#texture" },
				"north": { "uv": [ 14.5, 9, 15.5, 11 ], "texture": "#texture" },
				"south": { "uv": [ 0.5, 9, 1.5, 11 ], "texture": "#texture" },
				"west": { "uv": [ 2, 9, 14, 11 ], "texture": "#texture" },
				"east": { "uv": [ 2, 9, 14, 11 ], "texture": "#texture" }
			}
		},
		{
			"__comment": "Box34",
			"from": [ 14.625, 5, 16.25 ],
			"to": [ 19.125, 7, 17.25 ],
			"rotation": { "origin": [ 14.625, 5, 16.25 ], "axis": "y", "angle": 45 },
			"faces": {
				"down": { "uv": [ 0.5, 14, 5.5, 15 ], "texture": "#texture" },
				"up": { "uv": [ 0.5, 1, 5.5, 2 ], "texture": "#texture" },
				"north": { "uv": [ 10.5, 15, 15.5, 16 ], "texture": "#texture" },
				"south": { "uv": [ 0.5, 15, 5.5, 16 ], "texture": "#texture" },
				"west": { "uv": [ 1, 15, 2, 16 ], "texture": "#texture" },
				"east": { "uv": [ 14, 15, 15, 16 ], "texture": "#texture" }
			}
		},
		{
			"__comment": "Box34",
			"from": [ 0.5, 5, 2.125 ],
			"to": [ 5, 7, 3.125 ],
			"rotation": { "origin": [ 0.5, 5, 2.125 ], "axis": "y", "angle": 45 },
			"faces": {
				"down": { "uv": [ 0.5, 14, 5.5, 15 ], "texture": "#texture" },
				"up": { "uv": [ 0.5, 1, 5.5, 2 ], "texture": "#texture" },
				"north": { "uv": [ 10.5, 15, 15.5, 16 ], "texture": "#texture" },
				"south": { "uv": [ 0.5, 15, 5.5, 16 ], "texture": "#texture" },
				"west": { "uv": [ 1, 15, 2, 16 ], "texture": "#texture" },
				"east": { "uv": [ 14, 15, 15, 16 ], "texture": "#texture" }
			}
		},
		{
			"__comment": "Box36",
			"from": [ 1.125, 5, 13.125 ],
			"to": [ 5.625, 7, 14.125 ],
			"rotation": { "origin": [ 1.125, 5, 13.125 ], "axis": "y", "angle": -45 },
			"faces": {
				"down": { "uv": [ 11, 13.5, 15.5, 14.5 ], "texture": "#texture" },
				"up": { "uv": [ 11, 1.5, 15.5, 2.5 ], "texture": "#texture" },
				"north": { "uv": [ 0.5, 15, 5, 16 ], "texture": "#texture" },
				"south": { "uv": [ 11, 15, 15.5, 16 ], "texture": "#texture" },
				"west": { "uv": [ 1.5, 15, 2.5, 16 ], "texture": "#texture" },
				"east": { "uv": [ 13.5, 15, 14.5, 16 ], "texture": "#texture" }
			}
		},
		{
			"__comment": "Box36",
			"from": [ 15.5, 5, -1 ],
			"to": [ 20, 7, 0 ],
			"rotation": { "origin": [ 15.5, 5, -1 ], "axis": "y", "angle": -45 },
			"faces": {
				"down": { "uv": [ 11, 13.5, 15.5, 14.5 ], "texture": "#texture" },
				"up": { "uv": [ 11, 1.5, 15.5, 2.5 ], "texture": "#texture" },
				"north": { "uv": [ 0.5, 15, 5, 16 ], "texture": "#texture" },
				"south": { "uv": [ 11, 15, 15.5, 16 ], "texture": "#texture" },
				"west": { "uv": [ 1.5, 15, 2.5, 16 ], "texture": "#texture" },
				"east": { "uv": [ 13.5, 15, 14.5, 16 ], "texture": "#texture" }
			}
		},
		{
			"__comment": "Box35",
			"from": [ 3, 5, 15 ],
			"to": [ 16, 7, 16 ],
			"faces": {
				"down": { "uv": [ 3, 0, 16, 1 ], "texture": "#texture" },
				"up": { "uv": [ 3, 15, 16, 16 ], "texture": "#texture" },
				"north": { "uv": [ 0, 9, 13, 11 ], "texture": "#texture" },
				"south": { "uv": [ 3, 9, 16, 11 ], "texture": "#texture" },
				"west": { "uv": [ 15, 9, 16, 11 ], "texture": "#texture" },
				"east": { "uv": [ 0, 9, 1, 11 ], "texture": "#texture" }
			}
		},
		{
			"__comment": "Box35",
			"from": [ 3, 5, 0 ],
			"to": [ 16, 7, 1 ],
			"faces": {
				"down": { "uv": [ 3, 15, 16, 16 ], "texture": "#texture" },
				"up": { "uv": [ 3, 0, 16, 1 ], "texture": "#texture" },
				"north": { "uv": [ 0, 9, 13, 11 ], "texture": "#texture" },
				"south": { "uv": [ 3, 9, 16, 11 ], "texture": "#texture" },
				"west": { "uv": [ 0, 9, 1, 11 ], "texture": "#texture" },
				"east": { "uv": [ 15, 9, 16, 11 ], "texture": "#texture" }
			}
		},
		{
			"__comment": "Box37",
			"from": [ 16.375, 5, 1.375 ],
			"to": [ 17.775, 7, 14.375 ],
			"faces": {
				"down": { "uv": [ 0.375, 1.625, 1.775, 14.625 ], "texture": "#texture" },
				"up": { "uv": [ 0.375, 1.375, 1.775, 14.375 ], "texture": "#texture" },
				"north": { "uv": [ 14.225, 9, 15.625, 11 ], "texture": "#texture" },
				"south": { "uv": [ 0.375, 9, 1.775, 11 ], "texture": "#texture" },
				"west": { "uv": [ 1.375, 9, 14.375, 11 ], "texture": "#texture" },
				"east": { "uv": [ 1.625, 9, 14.625, 11 ], "texture": "#texture" }
			}
		},
		{
			"__comment": "Box37",
			"from": [ 1.5, 5, 1.5 ],
			"to": [ 2.5, 7, 14.5 ],
			"faces": {
				"down": { "uv": [ 1.5, 1.5, 2.5, 14.5 ], "texture": "#texture" },
				"up": { "uv": [ 1.5, 1.5, 2.5, 14.5 ], "texture": "#texture" },
				"north": { "uv": [ 13.5, 9, 14.5, 11 ], "texture": "#texture" },
				"south": { "uv": [ 1.5, 9, 2.5, 11 ], "texture": "#texture" },
				"west": { "uv": [ 1.5, 9, 14.5, 11 ], "texture": "#texture" },
				"east": { "uv": [ 1.5, 9, 14.5, 11 ], "texture": "#texture" }
			}
		},
		{
			"__comment": "Box39",
			"from": [ 15.5, 7, 5 ],
			"to": [ 16.5, 12, 11 ],
			"faces": {
				"down": { "uv": [ 15.5, 5, 16, 11 ], "texture": "#texture3" },
				"up": { "uv": [ 15.5, 5, 16, 11 ], "texture": "#texture3" },
				"north": { "uv": [ 0, 4, 0.5, 9 ], "texture": "#texture3" },
				"south": { "uv": [ 15.5, 4, 16, 9 ], "texture": "#texture3" },
				"west": { "uv": [ 5, 4, 11, 9 ], "texture": "#texture3" },
				"east": { "uv": [ 5, 4, 11, 9 ], "texture": "#texture3" }
			}
		},
		{
			"__comment": "Box39",
			"from": [ 2.5, 12, 5 ],
			"to": [ 3.5, 12.5, 11 ],
			"faces": {
				"down": { "uv": [ 2.5, 5, 3.5, 11 ], "texture": "#texture6" },
				"up": { "uv": [ 2.5, 5, 3.5, 11 ], "texture": "#texture6" },
				"north": { "uv": [ 12.5, 3.5, 13.5, 4 ], "texture": "#texture6" },
				"south": { "uv": [ 2.5, 3.5, 3.5, 4 ], "texture": "#texture6" },
				"west": { "uv": [ 5, 3.5, 11, 4 ], "texture": "#texture6" },
				"east": { "uv": [ 5, 3.5, 11, 4 ], "texture": "#texture6" }
			}
		},
		{
			"__comment": "Box41",
			"from": [ 6.5, 7, 1 ],
			"to": [ 12.5, 12, 2 ],
			"faces": {
				"down": { "uv": [ 6.5, 14, 12.5, 15 ], "texture": "#texture3" },
				"up": { "uv": [ 6.5, 1, 12.5, 2 ], "texture": "#texture3" },
				"north": { "uv": [ 3.5, 4, 9.5, 9 ], "texture": "#texture3" },
				"south": { "uv": [ 6.5, 4, 12.5, 9 ], "texture": "#texture3" },
				"west": { "uv": [ 1, 4, 2, 9 ], "texture": "#texture3" },
				"east": { "uv": [ 14, 4, 15, 9 ], "texture": "#texture3" }
			}
		},
		{
			"__comment": "Box41",
			"from": [ 6.5, 7, 14 ],
			"to": [ 12.5, 12, 15 ],
			"faces": {
				"down": { "uv": [ 6.5, 1, 12.5, 2 ], "texture": "#texture3" },
				"up": { "uv": [ 6.5, 14, 12.5, 15 ], "texture": "#texture3" },
				"north": { "uv": [ 3.5, 4, 9.5, 9 ], "texture": "#texture3" },
				"south": { "uv": [ 6.5, 4, 12.5, 9 ], "texture": "#texture3" },
				"west": { "uv": [ 14, 4, 15, 9 ], "texture": "#texture3" },
				"east": { "uv": [ 1, 4, 2, 9 ], "texture": "#texture3" }
			}
		},
		{
			"__comment": "Box44",
			"from": [ 14.375, 7, 1.75 ],
			"to": [ 16.375, 12, 2.75 ],
			"rotation": { "origin": [ 14.375, 7, 1.75 ], "axis": "y", "angle": -45 },
			"faces": {
				"down": { "uv": [ 0, 0, 0.5, 1.5 ], "texture": "#texture3" },
				"up": { "uv": [ 0, 14.5, 0.5, 16 ], "texture": "#texture3" },
				"north": { "uv": [ 15.5, 8, 16, 9 ], "texture": "#texture3" },
				"south": { "uv": [ 0, 8, 0.5, 9 ], "texture": "#texture3" },
				"west": { "uv": [ 14.5, 8, 16, 9 ], "texture": "#texture3" },
				"east": { "uv": [ 0, 8, 1.5, 9 ], "texture": "#texture3" }
			}
		},
		{
			"__comment": "Box45",
			"from": [ 13.625, 12, 13.625 ],
			"to": [ 15.725, 12.5, 14.625 ],
			"rotation": { "origin": [ 13.625, 12, 13.625 ], "axis": "y", "angle": 45 },
			"faces": {
				"down": { "uv": [ 0, 0.5, 1, 1.5 ], "texture": "#texture6" },
				"up": { "uv": [ 0, 14.5, 1, 15.5 ], "texture": "#texture6" },
				"north": { "uv": [ 15, 8, 16, 9 ], "texture": "#texture6" },
				"south": { "uv": [ 0, 8, 1, 9 ], "texture": "#texture6" },
				"west": { "uv": [ 14.5, 8, 15.5, 9 ], "texture": "#texture6" },
				"east": { "uv": [ 0.5, 8, 1.5, 9 ], "texture": "#texture6" }
			}
		},
		{
			"__comment": "Box44",
			"from": [ 3.25, 12, 3.125 ],
			"to": [ 4.25, 12.5, 5.125 ],
			"rotation": { "origin": [ 3.25, 12, 3.125 ], "axis": "y", "angle": -22.5 },
			"faces": {
				"down": { "uv": [ 0, 0, 0.5, 1.5 ], "texture": "#texture6" },
				"up": { "uv": [ 0, 14.5, 0.5, 16 ], "texture": "#texture6" },
				"north": { "uv": [ 15.5, 8, 16, 9 ], "texture": "#texture6" },
				"south": { "uv": [ 0, 8, 0.5, 9 ], "texture": "#texture6" },
				"west": { "uv": [ 14.5, 8, 16, 9 ], "texture": "#texture6" },
				"east": { "uv": [ 0, 8, 1.5, 9 ], "texture": "#texture6" }
			}
		},
		{
			"__comment": "Box43",
			"from": [ 4.625, 7, 1.75 ],
			"to": [ 6.625, 12, 2.75 ],
			"rotation": { "origin": [ 4.625, 7, 1.75 ], "axis": "y", "angle": 22.5 },
			"faces": {
				"down": { "uv": [ 14, 15, 15, 16 ], "texture": "#texture3" },
				"up": { "uv": [ 14, 0, 15, 1 ], "texture": "#texture3" },
				"north": { "uv": [ 1, 8, 2, 9 ], "texture": "#texture3" },
				"south": { "uv": [ 14, 8, 15, 9 ], "texture": "#texture3" },
				"west": { "uv": [ 0, 8, 1, 9 ], "texture": "#texture3" },
				"east": { "uv": [ 15, 8, 16, 9 ], "texture": "#texture3" }
			}
		},
		{
			"__comment": "Box45",
			"from": [ 3.25, 7, 3.125 ],
			"to": [ 5.25, 12, 4.125 ],
			"rotation": { "origin": [ 3.25, 7, 3.125 ], "axis": "y", "angle": 45 },
			"faces": {
				"down": { "uv": [ 0, 0.5, 1, 1.5 ], "texture": "#texture3" },
				"up": { "uv": [ 0, 14.5, 1, 15.5 ], "texture": "#texture3" },
				"north": { "uv": [ 15, 8, 16, 9 ], "texture": "#texture3" },
				"south": { "uv": [ 0, 8, 1, 9 ], "texture": "#texture3" },
				"west": { "uv": [ 14.5, 8, 15.5, 9 ], "texture": "#texture3" },
				"east": { "uv": [ 0.5, 8, 1.5, 9 ], "texture": "#texture3" }
			}
		},
		{
			"__comment": "Box44",
			"from": [ 15.625, 12, 10.625 ],
			"to": [ 16.625, 12.5, 12.625 ],
			"rotation": { "origin": [ 15.625, 12, 10.625 ], "axis": "y", "angle": -22.5 },
			"faces": {
				"down": { "uv": [ 0, 0, 0.5, 1.5 ], "texture": "#texture6" },
				"up": { "uv": [ 0, 14.5, 0.5, 16 ], "texture": "#texture6" },
				"north": { "uv": [ 15.5, 8, 16, 9 ], "texture": "#texture6" },
				"south": { "uv": [ 0, 8, 0.5, 9 ], "texture": "#texture6" },
				"west": { "uv": [ 14.5, 8, 16, 9 ], "texture": "#texture6" },
				"east": { "uv": [ 0, 8, 1.5, 9 ], "texture": "#texture6" }
			}
		},
		{
			"__comment": "Box44",
			"from": [ 14.875, 12, 3.5 ],
			"to": [ 15.875, 12.5, 5.5 ],
			"rotation": { "origin": [ 14.875, 12, 3.5 ], "axis": "y", "angle": 22.5 },
			"faces": {
				"down": { "uv": [ 0, 0, 0.5, 1.5 ], "texture": "#texture6" },
				"up": { "uv": [ 0, 14.5, 0.5, 16 ], "texture": "#texture6" },
				"north": { "uv": [ 15.5, 8, 16, 9 ], "texture": "#texture6" },
				"south": { "uv": [ 0, 8, 0.5, 9 ], "texture": "#texture6" },
				"west": { "uv": [ 14.5, 8, 16, 9 ], "texture": "#texture6" },
				"east": { "uv": [ 0, 8, 1.5, 9 ], "texture": "#texture6" }
			}
		},
		{
			"__comment": "Box44",
			"from": [ 2.5, 12, 11 ],
			"to": [ 3.5, 12.5, 13 ],
			"rotation": { "origin": [ 2.5, 12, 11 ], "axis": "y", "angle": 22.5 },
			"faces": {
				"down": { "uv": [ 0, 0, 0.5, 1.5 ], "texture": "#texture6" },
				"up": { "uv": [ 0, 14.5, 0.5, 16 ], "texture": "#texture6" },
				"north": { "uv": [ 15.5, 8, 16, 9 ], "texture": "#texture6" },
				"south": { "uv": [ 0, 8, 0.5, 9 ], "texture": "#texture6" },
				"west": { "uv": [ 14.5, 8, 16, 9 ], "texture": "#texture6" },
				"east": { "uv": [ 0, 8, 1.5, 9 ], "texture": "#texture6" }
			}
		},
		{
			"__comment": "Box43",
			"from": [ 12.125, 12, 14.125 ],
			"to": [ 14.125, 12.5, 15.125 ],
			"rotation": { "origin": [ 12.125, 12, 14.125 ], "axis": "y", "angle": 22.5 },
			"faces": {
				"down": { "uv": [ 14, 15, 15, 16 ], "texture": "#texture6" },
				"up": { "uv": [ 14, 0, 15, 1 ], "texture": "#texture6" },
				"north": { "uv": [ 1, 8, 2, 9 ], "texture": "#texture6" },
				"south": { "uv": [ 14, 8, 15, 9 ], "texture": "#texture6" },
				"west": { "uv": [ 0, 8, 1, 9 ], "texture": "#texture6" },
				"east": { "uv": [ 15, 8, 16, 9 ], "texture": "#texture6" }
			}
		},
		{
			"__comment": "Box44",
			"from": [ 4, 12, 12.125 ],
			"to": [ 6, 12.5, 13.125 ],
			"rotation": { "origin": [ 4, 12, 12.125 ], "axis": "y", "angle": -45 },
			"faces": {
				"down": { "uv": [ 0, 0, 0.5, 1.5 ], "texture": "#texture6" },
				"up": { "uv": [ 0, 14.5, 0.5, 16 ], "texture": "#texture6" },
				"north": { "uv": [ 15.5, 8, 16, 9 ], "texture": "#texture6" },
				"south": { "uv": [ 0, 8, 0.5, 9 ], "texture": "#texture6" },
				"west": { "uv": [ 14.5, 8, 16, 9 ], "texture": "#texture6" },
				"east": { "uv": [ 0, 8, 1.5, 9 ], "texture": "#texture6" }
			}
		},
		{
			"__comment": "Box55",
			"from": [ 4.125, 11.375, 2.875 ],
			"to": [ 15.125, 12.375, 12.875 ],
			"faces": {
				"down": { "uv": [ 4.125, 3.125, 15.125, 13.125 ], "texture": "#texture4" },
				"up": { "uv": [ 4.125, 2.875, 15.125, 12.875 ], "texture": "#texture4" },
				"north": { "uv": [ 0.875, 3.625, 11.875, 4.625 ], "texture": "#texture4" },
				"south": { "uv": [ 4.125, 3.625, 15.125, 4.625 ], "texture": "#texture4" },
				"west": { "uv": [ 2.875, 3.625, 12.875, 4.625 ], "texture": "#texture4" },
				"east": { "uv": [ 3.125, 3.625, 13.125, 4.625 ], "texture": "#texture4" }
			}
		},
		{
			"__comment": "Box56",
			"from": [ 4.75, 11.375, 12.75 ],
			"to": [ 14.45, 12.375, 14.05 ],
			"faces": {
				"down": { "uv": [ 4.75, 1.95, 14.45, 3.25 ], "texture": "#texture4" },
				"up": { "uv": [ 4.75, 12.75, 14.45, 14.05 ], "texture": "#texture4" },
				"north": { "uv": [ 1.55, 3.625, 11.25, 4.625 ], "texture": "#texture4" },
				"south": { "uv": [ 4.75, 3.625, 14.45, 4.625 ], "texture": "#texture4" },
				"west": { "uv": [ 12.75, 3.625, 14.05, 4.625 ], "texture": "#texture4" },
				"east": { "uv": [ 1.95, 3.625, 3.25, 4.625 ], "texture": "#texture4" }
			}
		},
		{
			"__comment": "Box56",
			"from": [ 4.5, 11.375, 2 ],
			"to": [ 14.5, 12.375, 3 ],
			"faces": {
				"down": { "uv": [ 4.5, 13, 14.5, 14 ], "texture": "#texture4" },
				"up": { "uv": [ 4.5, 2, 14.5, 3 ], "texture": "#texture4" },
				"north": { "uv": [ 1.5, 3.625, 11.5, 4.625 ], "texture": "#texture4" },
				"south": { "uv": [ 4.5, 3.625, 14.5, 4.625 ], "texture": "#texture4" },
				"west": { "uv": [ 2, 3.625, 3, 4.625 ], "texture": "#texture4" },
				"east": { "uv": [ 13, 3.625, 14, 4.625 ], "texture": "#texture4" }
			}
		},
		{
			"__comment": "Box58",
			"from": [ 14.5, 11.375, 3.5 ],
			"to": [ 15.5, 12.375, 12.5 ],
			"faces": {
				"down": { "uv": [ 14.5, 3.5, 15.5, 12.5 ], "texture": "#texture4" },
				"up": { "uv": [ 14.5, 3.5, 15.5, 12.5 ], "texture": "#texture4" },
				"north": { "uv": [ 0.5, 3.625, 1.5, 4.625 ], "texture": "#texture4" },
				"south": { "uv": [ 14.5, 3.625, 15.5, 4.625 ], "texture": "#texture4" },
				"west": { "uv": [ 3.5, 3.625, 12.5, 4.625 ], "texture": "#texture4" },
				"east": { "uv": [ 3.5, 3.625, 12.5, 4.625 ], "texture": "#texture4" }
			}
		},
		{
			"__comment": "Box58",
			"from": [ 3.5, 11.375, 3.5 ],
			"to": [ 4.5, 12.375, 12.5 ],
			"faces": {
				"down": { "uv": [ 3.5, 3.5, 4.5, 12.5 ], "texture": "#texture4" },
				"up": { "uv": [ 3.5, 3.5, 4.5, 12.5 ], "texture": "#texture4" },
				"north": { "uv": [ 11.5, 3.625, 12.5, 4.625 ], "texture": "#texture4" },
				"south": { "uv": [ 3.5, 3.625, 4.5, 4.625 ], "texture": "#texture4" },
				"west": { "uv": [ 3.5, 3.625, 12.5, 4.625 ], "texture": "#texture4" },
				"east": { "uv": [ 3.5, 3.625, 12.5, 4.625 ], "texture": "#texture4" }
			}
		},
		{
			"__comment": "Box60",
			"from": [ 9, 11.5, 7.5 ],
			"to": [ 10, 15.5, 8.5 ],
			"faces": {
				"down": { "uv": [ 9, 7.5, 10, 8.5 ], "texture": "#texture6" },
				"up": { "uv": [ 9, 7.5, 10, 8.5 ], "texture": "#texture6" },
				"north": { "uv": [ 6, 0.5, 7, 4.5 ], "texture": "#texture6" },
				"south": { "uv": [ 9, 0.5, 10, 4.5 ], "texture": "#texture6" },
				"west": { "uv": [ 7.5, 0.5, 8.5, 4.5 ], "texture": "#texture6" },
				"east": { "uv": [ 7.5, 0.5, 8.5, 4.5 ], "texture": "#texture6" }
			}
		},
		{
			"__comment": "Box61",
			"from": [ 9.375, 15.125, 7.875 ],
			"to": [ 9.675, 16.125, 8.175 ],
			"faces": {
				"down": { "uv": [ 9.375, 7.825, 9.675, 8.125 ], "texture": "#texture" },
				"up": { "uv": [ 9.375, 7.875, 9.675, 8.175 ], "texture": "#texture" },
				"north": { "uv": [ 6.325, 0, 6.625, 0.875 ], "texture": "#texture" },
				"south": { "uv": [ 9.375, 0, 9.675, 0.875 ], "texture": "#texture" },
				"west": { "uv": [ 7.875, 0, 8.175, 0.875 ], "texture": "#texture" },
				"east": { "uv": [ 7.825, 0, 8.125, 0.875 ], "texture": "#texture" }
			}
		},
		{
			"__comment": "Box62",
			"from": [ 9.28, 16, 7.77 ],
			"to": [ 9.78, 19.5, 8.27 ],
			"faces": {
				"down": { "uv": [ 0, 0, 2, 1 ], "texture": "#texture2" },
				"up": { "uv": [ 0.5, 3, 1, 3.5 ], "texture": "#texture2" },
				"north": { "uv": [ 0, 0.5, 16, 16 ], "texture": "#texture2" },
				"south": { "uv": [ 0, 0.5, 16, 16 ], "texture": "#texture2" },
				"west": { "uv": [ 0, 0.5, 16, 16 ], "texture": "#texture2" },
				"east": { "uv": [ 0, 0.5, 16, 16 ], "texture": "#texture2" }
			}
		},
		{
			"__comment": "Box63",
			"from": [ 5.75, 9.5, 3.75 ],
			"to": [ 13.25, 12.5, 12.25 ],
			"faces": {
				"down": { "uv": [ 0.5, 1.382978, 1.5, 2.074468 ], "texture": "#texture1" },
				"up": { "uv": [ 1, 0, 14.5, 15.90425 ], "texture": "#texture1" },
				"north": { "uv": [ 0.5, 0.6914892, 1.5, 2.765958 ], "texture": "#texture1" },
				"south": { "uv": [ 5.5, 0.6914892, 5, 3.148936 ], "texture": "#texture1" },
				"west": { "uv": [ 3.5, 1, 6.5, 1.382978 ], "texture": "#texture1" },
				"east": { "uv": [ 0, 1, 7.5, 0.6914892 ], "texture": "#texture1" }
			}
		},
		{
			"__comment": "Box43",
			"from": [ 12.5, 7, 1 ],
			"to": [ 14.5, 12, 2 ],
			"rotation": { "origin": [ 12.5, 7, 1 ], "axis": "y", "angle": -22.5 },
			"faces": {
				"down": { "uv": [ 14, 15, 15, 16 ], "texture": "#texture3" },
				"up": { "uv": [ 14, 0, 15, 1 ], "texture": "#texture3" },
				"north": { "uv": [ 1, 8, 2, 9 ], "texture": "#texture3" },
				"south": { "uv": [ 14, 8, 15, 9 ], "texture": "#texture3" },
				"west": { "uv": [ 0, 8, 1, 9 ], "texture": "#texture3" },
				"east": { "uv": [ 15, 8, 16, 9 ], "texture": "#texture3" }
			}
		},
		{
			"__comment": "Box43",
			"from": [ 5, 12, 13.375 ],
			"to": [ 7, 12.5, 14.375 ],
			"rotation": { "origin": [ 5, 12, 13.375 ], "axis": "y", "angle": -22.5 },
			"faces": {
				"down": { "uv": [ 14, 15, 15, 16 ], "texture": "#texture6" },
				"up": { "uv": [ 14, 0, 15, 1 ], "texture": "#texture6" },
				"north": { "uv": [ 1, 8, 2, 9 ], "texture": "#texture6" },
				"south": { "uv": [ 14, 8, 15, 9 ], "texture": "#texture6" },
				"west": { "uv": [ 0, 8, 1, 9 ], "texture": "#texture6" },
				"east": { "uv": [ 15, 8, 16, 9 ], "texture": "#texture6" }
			}
		},
		{
			"__comment": "Box67",
			"from": [ 12.2309, 7, 15.0462 ],
			"to": [ 14.7009, 7.5, 15.5462 ],
			"rotation": { "origin": [ 12.25, 7, 15 ], "axis": "y", "angle": 22.5 },
			"faces": {
				"down": { "uv": [ 5, 14.5, 7, 15 ], "texture": "#texture6" },
				"up": { "uv": [ 5, 1, 7, 1.5 ], "texture": "#texture6" },
				"north": { "uv": [ 9, 8.5, 11, 9 ], "texture": "#texture6" },
				"south": { "uv": [ 5, 8.5, 7, 9 ], "texture": "#texture6" },
				"west": { "uv": [ 1, 8.5, 1.5, 9 ], "texture": "#texture6" },
				"east": { "uv": [ 14.5, 8.5, 15, 9 ], "texture": "#texture6" }
			}
		},
		{
			"__comment": "Box69",
			"from": [ 16.5, 7, 5 ],
			"to": [ 17, 7.5, 11 ],
			"faces": {
				"down": { "uv": [ 0.5, 5, 1, 11 ], "texture": "#texture6" },
				"up": { "uv": [ 0.5, 5, 1, 11 ], "texture": "#texture6" },
				"north": { "uv": [ 15, 8.5, 15.5, 9 ], "texture": "#texture6" },
				"south": { "uv": [ 0.5, 8.5, 1, 9 ], "texture": "#texture6" },
				"west": { "uv": [ 5, 8.5, 11, 9 ], "texture": "#texture6" },
				"east": { "uv": [ 5, 8.5, 11, 9 ], "texture": "#texture6" }
			}
		},
		{
			"__comment": "Box69",
			"from": [ 15.875, 7, 12.75 ],
			"to": [ 16.375, 7.5, 14.85 ],
			"rotation": { "origin": [ 15.875, 7, 12.75 ], "axis": "y", "angle": -45 },
			"faces": {
				"down": { "uv": [ 2.5, 11, 3, 13 ], "texture": "#texture6" },
				"up": { "uv": [ 2.5, 3, 3, 5 ], "texture": "#texture6" },
				"north": { "uv": [ 13, 8.5, 13.5, 9 ], "texture": "#texture6" },
				"south": { "uv": [ 2.5, 8.5, 3, 9 ], "texture": "#texture6" },
				"west": { "uv": [ 3, 8.5, 5, 9 ], "texture": "#texture6" },
				"east": { "uv": [ 11, 8.5, 13, 9 ], "texture": "#texture6" }
			}
		},
		{
			"__comment": "Box69",
			"from": [ 15.75, 7, 3.125 ],
			"to": [ 16.25, 7.5, 5.425 ],
			"rotation": { "origin": [ 15.75, 7, 3.125 ], "axis": "y", "angle": 22.5 },
			"faces": {
				"down": { "uv": [ 2, 3, 2.5, 5 ], "texture": "#texture6" },
				"up": { "uv": [ 2, 11, 2.5, 13 ], "texture": "#texture6" },
				"north": { "uv": [ 13.5, 8.5, 14, 9 ], "texture": "#texture6" },
				"south": { "uv": [ 2, 8.5, 2.5, 9 ], "texture": "#texture6" },
				"west": { "uv": [ 11, 8.5, 13, 9 ], "texture": "#texture6" },
				"east": { "uv": [ 3, 8.5, 5, 9 ], "texture": "#texture6" }
			}
		},
		{
			"__comment": "Box69",
			"from": [ 16.59, 7, 10.875 ],
			"to": [ 17.09, 7.5, 13.175 ],
			"rotation": { "origin": [ 16.59, 7, 10.875 ], "axis": "y", "angle": -22.5 },
			"faces": {
				"down": { "uv": [ 2.5, 11, 3, 13 ], "texture": "#texture6" },
				"up": { "uv": [ 2.5, 3, 3, 5 ], "texture": "#texture6" },
				"north": { "uv": [ 13, 8.5, 13.5, 9 ], "texture": "#texture6" },
				"south": { "uv": [ 2.5, 8.5, 3, 9 ], "texture": "#texture6" },
				"west": { "uv": [ 3, 8.5, 5, 9 ], "texture": "#texture6" },
				"east": { "uv": [ 11, 8.5, 13, 9 ], "texture": "#texture6" }
			}
		},
		{
			"__comment": "Box67",
			"from": [ 6.5, 12, 14 ],
			"to": [ 12.5, 12.5, 15 ],
			"faces": {
				"down": { "uv": [ 6.5, 1, 12.5, 2 ], "texture": "#texture6" },
				"up": { "uv": [ 6.5, 14, 12.5, 15 ], "texture": "#texture6" },
				"north": { "uv": [ 3.5, 3.5, 9.5, 4 ], "texture": "#texture6" },
				"south": { "uv": [ 6.5, 3.5, 12.5, 4 ], "texture": "#texture6" },
				"west": { "uv": [ 14, 3.5, 15, 4 ], "texture": "#texture6" },
				"east": { "uv": [ 1, 3.5, 2, 4 ], "texture": "#texture6" }
			}
		},
		{
			"__comment": "Box69",
			"from": [ 2.875, 7, 2.875 ],
			"to": [ 3.375, 7.5, 5.175 ],
			"rotation": { "origin": [ 2.875, 7, 2.875 ], "axis": "y", "angle": -22.5 },
			"faces": {
				"down": { "uv": [ 2.5, 11, 3, 13 ], "texture": "#texture6" },
				"up": { "uv": [ 2.5, 3, 3, 5 ], "texture": "#texture6" },
				"north": { "uv": [ 13, 8.5, 13.5, 9 ], "texture": "#texture6" },
				"south": { "uv": [ 2.5, 8.5, 3, 9 ], "texture": "#texture6" },
				"west": { "uv": [ 3, 8.5, 5, 9 ], "texture": "#texture6" },
				"east": { "uv": [ 11, 8.5, 13, 9 ], "texture": "#texture6" }
			}
		},
		{
			"__comment": "Box69",
			"from": [ 4.625, 12, 1.75 ],
			"to": [ 5.625, 12.5, 3.75 ],
			"rotation": { "origin": [ 4.625, 12, 1.75 ], "axis": "y", "angle": -45 },
			"faces": {
				"down": { "uv": [ 2.5, 11, 3, 13 ], "texture": "#texture6" },
				"up": { "uv": [ 2.5, 3, 3, 5 ], "texture": "#texture6" },
				"north": { "uv": [ 13, 8.5, 13.5, 9 ], "texture": "#texture6" },
				"south": { "uv": [ 2.5, 8.5, 3, 9 ], "texture": "#texture6" },
				"west": { "uv": [ 3, 8.5, 5, 9 ], "texture": "#texture6" },
				"east": { "uv": [ 11, 8.5, 13, 9 ], "texture": "#texture6" }
			}
		},
		{
			"__comment": "Box67",
			"from": [ 12.5, 12, 1 ],
			"to": [ 14.5, 12.5, 2 ],
			"rotation": { "origin": [ 12.5, 12, 1 ], "axis": "y", "angle": -22.5 },
			"faces": {
				"down": { "uv": [ 5, 14.5, 7, 15 ], "texture": "#texture6" },
				"up": { "uv": [ 5, 1, 7, 1.5 ], "texture": "#texture6" },
				"north": { "uv": [ 9, 8.5, 11, 9 ], "texture": "#texture6" },
				"south": { "uv": [ 5, 8.5, 7, 9 ], "texture": "#texture6" },
				"west": { "uv": [ 1, 8.5, 1.5, 9 ], "texture": "#texture6" },
				"east": { "uv": [ 14.5, 8.5, 15, 9 ], "texture": "#texture6" }
			}
		},
		{
			"__comment": "Box67",
			"from": [ 4.625, 12, 1.75 ],
			"to": [ 6.625, 12.5, 2.75 ],
			"rotation": { "origin": [ 4.625, 12, 1.75 ], "axis": "y", "angle": 22.5 },
			"faces": {
				"down": { "uv": [ 5, 14.5, 7, 15 ], "texture": "#texture6" },
				"up": { "uv": [ 5, 1, 7, 1.5 ], "texture": "#texture6" },
				"north": { "uv": [ 9, 8.5, 11, 9 ], "texture": "#texture6" },
				"south": { "uv": [ 5, 8.5, 7, 9 ], "texture": "#texture6" },
				"west": { "uv": [ 1, 8.5, 1.5, 9 ], "texture": "#texture6" },
				"east": { "uv": [ 14.5, 8.5, 15, 9 ], "texture": "#texture6" }
			}
		},
		{
			"__comment": "Box67",
			"from": [ 6.5, 7, 15 ],
			"to": [ 12.5, 7.5, 15.5 ],
			"faces": {
				"down": { "uv": [ 6.5, 0.5, 12.5, 1 ], "texture": "#texture6" },
				"up": { "uv": [ 6.5, 15, 12.5, 15.5 ], "texture": "#texture6" },
				"north": { "uv": [ 3.5, 8.5, 9.5, 9 ], "texture": "#texture6" },
				"south": { "uv": [ 6.5, 8.5, 12.5, 9 ], "texture": "#texture6" },
				"west": { "uv": [ 15, 8.5, 15.5, 9 ], "texture": "#texture6" },
				"east": { "uv": [ 0.5, 8.5, 1, 9 ], "texture": "#texture6" }
			}
		},
		{
			"__comment": "Box67",
			"from": [ 4.625, 7, 14.25 ],
			"to": [ 6.825, 7.5, 14.75 ],
			"rotation": { "origin": [ 4.625, 7, 14.25 ], "axis": "y", "angle": -22.5 },
			"faces": {
				"down": { "uv": [ 6.5, 0.5, 12.5, 1 ], "texture": "#texture6" },
				"up": { "uv": [ 6.5, 15, 12.5, 15.5 ], "texture": "#texture6" },
				"north": { "uv": [ 3.5, 8.5, 9.5, 9 ], "texture": "#texture6" },
				"south": { "uv": [ 6.5, 8.5, 12.5, 9 ], "texture": "#texture6" },
				"west": { "uv": [ 15, 8.5, 15.5, 9 ], "texture": "#texture6" },
				"east": { "uv": [ 0.5, 8.5, 1, 9 ], "texture": "#texture6" }
			}
		},
		{
			"__comment": "Box69",
			"from": [ 2, 7, 5 ],
			"to": [ 2.5, 7.5, 11 ],
			"faces": {
				"down": { "uv": [ 2, 5, 2.5, 11 ], "texture": "#texture6" },
				"up": { "uv": [ 2, 5, 2.5, 11 ], "texture": "#texture6" },
				"north": { "uv": [ 13.5, 8.5, 14, 9 ], "texture": "#texture6" },
				"south": { "uv": [ 2, 8.5, 2.5, 9 ], "texture": "#texture6" },
				"west": { "uv": [ 5, 8.5, 11, 9 ], "texture": "#texture6" },
				"east": { "uv": [ 5, 8.5, 11, 9 ], "texture": "#texture6" }
			}
		},
		{
			"__comment": "Box69",
			"from": [ 2, 7, 11 ],
			"to": [ 2.5, 7.5, 13.3 ],
			"rotation": { "origin": [ 2, 7, 11 ], "axis": "y", "angle": 22.5 },
			"faces": {
				"down": { "uv": [ 2, 3, 2.5, 5 ], "texture": "#texture6" },
				"up": { "uv": [ 2, 11, 2.5, 13 ], "texture": "#texture6" },
				"north": { "uv": [ 13.5, 8.5, 14, 9 ], "texture": "#texture6" },
				"south": { "uv": [ 2, 8.5, 2.5, 9 ], "texture": "#texture6" },
				"west": { "uv": [ 11, 8.5, 13, 9 ], "texture": "#texture6" },
				"east": { "uv": [ 3, 8.5, 5, 9 ], "texture": "#texture6" }
			}
		},
		{
			"__comment": "Box67",
			"from": [ 3.25, 7, 12.75 ],
			"to": [ 5.45, 7.5, 13.25 ],
			"rotation": { "origin": [ 3.25, 7, 12.75 ], "axis": "y", "angle": -45 },
			"faces": {
				"down": { "uv": [ 6.5, 0.5, 12.5, 1 ], "texture": "#texture6" },
				"up": { "uv": [ 6.5, 15, 12.5, 15.5 ], "texture": "#texture6" },
				"north": { "uv": [ 3.5, 8.5, 9.5, 9 ], "texture": "#texture6" },
				"south": { "uv": [ 6.5, 8.5, 12.5, 9 ], "texture": "#texture6" },
				"west": { "uv": [ 15, 8.5, 15.5, 9 ], "texture": "#texture6" },
				"east": { "uv": [ 0.5, 8.5, 1, 9 ], "texture": "#texture6" }
			}
		},
		{
			"__comment": "Box67",
			"from": [ 6.5, 7, 0.5 ],
			"to": [ 12.5, 7.5, 1 ],
			"faces": {
				"down": { "uv": [ 6.5, 15, 12.5, 15.5 ], "texture": "#texture6" },
				"up": { "uv": [ 6.5, 0.5, 12.5, 1 ], "texture": "#texture6" },
				"north": { "uv": [ 3.5, 8.5, 9.5, 9 ], "texture": "#texture6" },
				"south": { "uv": [ 6.5, 8.5, 12.5, 9 ], "texture": "#texture6" },
				"west": { "uv": [ 0.5, 8.5, 1, 9 ], "texture": "#texture6" },
				"east": { "uv": [ 15, 8.5, 15.5, 9 ], "texture": "#texture6" }
			}
		},
		{
			"__comment": "Box67",
			"from": [ 12.5, 7, 0.5 ],
			"to": [ 14.8, 7.5, 1 ],
			"rotation": { "origin": [ 12.5, 7, 0.5 ], "axis": "y", "angle": -22.5 },
			"faces": {
				"down": { "uv": [ 5, 14.5, 7, 15 ], "texture": "#texture6" },
				"up": { "uv": [ 5, 1, 7, 1.5 ], "texture": "#texture6" },
				"north": { "uv": [ 9, 8.5, 11, 9 ], "texture": "#texture6" },
				"south": { "uv": [ 5, 8.5, 7, 9 ], "texture": "#texture6" },
				"west": { "uv": [ 1, 8.5, 1.5, 9 ], "texture": "#texture6" },
				"east": { "uv": [ 14.5, 8.5, 15, 9 ], "texture": "#texture6" }
			}
		},
		{
			"__comment": "Box67",
			"from": [ 4.375, 7, 1.375 ],
			"to": [ 6.675, 7.5, 1.875 ],
			"rotation": { "origin": [ 4.375, 7, 1.375 ], "axis": "y", "angle": 22.5 },
			"faces": {
				"down": { "uv": [ 5, 14.5, 7, 15 ], "texture": "#texture6" },
				"up": { "uv": [ 5, 1, 7, 1.5 ], "texture": "#texture6" },
				"north": { "uv": [ 9, 8.5, 11, 9 ], "texture": "#texture6" },
				"south": { "uv": [ 5, 8.5, 7, 9 ], "texture": "#texture6" },
				"west": { "uv": [ 1, 8.5, 1.5, 9 ], "texture": "#texture6" },
				"east": { "uv": [ 14.5, 8.5, 15, 9 ], "texture": "#texture6" }
			}
		},
		{
			"__comment": "Box67",
			"from": [ 14.375, 12, 1.75 ],
			"to": [ 16.375, 12.5, 2.75 ],
			"rotation": { "origin": [ 14.375, 12, 1.75 ], "axis": "y", "angle": -45 },
			"faces": {
				"down": { "uv": [ 6.5, 0.5, 12.5, 1 ], "texture": "#texture6" },
				"up": { "uv": [ 6.5, 15, 12.5, 15.5 ], "texture": "#texture6" },
				"north": { "uv": [ 3.5, 8.5, 9.5, 9 ], "texture": "#texture6" },
				"south": { "uv": [ 6.5, 8.5, 12.5, 9 ], "texture": "#texture6" },
				"west": { "uv": [ 15, 8.5, 15.5, 9 ], "texture": "#texture6" },
				"east": { "uv": [ 0.5, 8.5, 1, 9 ], "texture": "#texture6" }
			}
		},
		{
			"__comment": "Box67",
			"from": [ 14.625, 7, 1.375 ],
			"to": [ 16.825, 7.5, 1.875 ],
			"rotation": { "origin": [ 14.625, 7, 1.375 ], "axis": "y", "angle": -45 },
			"faces": {
				"down": { "uv": [ 6.5, 0.5, 12.5, 1 ], "texture": "#texture6" },
				"up": { "uv": [ 6.5, 15, 12.5, 15.5 ], "texture": "#texture6" },
				"north": { "uv": [ 3.5, 8.5, 9.5, 9 ], "texture": "#texture6" },
				"south": { "uv": [ 6.5, 8.5, 12.5, 9 ], "texture": "#texture6" },
				"west": { "uv": [ 15, 8.5, 15.5, 9 ], "texture": "#texture6" },
				"east": { "uv": [ 0.5, 8.5, 1, 9 ], "texture": "#texture6" }
			}
		},
		{
			"__comment": "Box69",
			"from": [ 4.375, 7, 1.375 ],
			"to": [ 4.875, 7.5, 3.475 ],
			"rotation": { "origin": [ 4.375, 7, 1.375 ], "axis": "y", "angle": -45 },
			"faces": {
				"down": { "uv": [ 2.5, 11, 3, 13 ], "texture": "#texture6" },
				"up": { "uv": [ 2.5, 3, 3, 5 ], "texture": "#texture6" },
				"north": { "uv": [ 13, 8.5, 13.5, 9 ], "texture": "#texture6" },
				"south": { "uv": [ 2.5, 8.5, 3, 9 ], "texture": "#texture6" },
				"west": { "uv": [ 3, 8.5, 5, 9 ], "texture": "#texture6" },
				"east": { "uv": [ 11, 8.5, 13, 9 ], "texture": "#texture6" }
			}
		},
		{
			"__comment": "Box67",
			"from": [ 6.5, 12, 1 ],
			"to": [ 12.5, 12.5, 2 ],
			"faces": {
				"down": { "uv": [ 6.5, 14, 12.5, 15 ], "texture": "#texture6" },
				"up": { "uv": [ 6.5, 1, 12.5, 2 ], "texture": "#texture6" },
				"north": { "uv": [ 3.5, 3.5, 9.5, 4 ], "texture": "#texture6" },
				"south": { "uv": [ 6.5, 3.5, 12.5, 4 ], "texture": "#texture6" },
				"west": { "uv": [ 1, 3.5, 2, 4 ], "texture": "#texture6" },
				"east": { "uv": [ 14, 3.5, 15, 4 ], "texture": "#texture6" }
			}
		},
		{
			"__comment": "Box43",
			"from": [ 5, 7, 13.375 ],
			"to": [ 7, 12, 14.375 ],
			"rotation": { "origin": [ 5, 7, 13.375 ], "axis": "y", "angle": -22.5 },
			"faces": {
				"down": { "uv": [ 14, 15, 15, 16 ], "texture": "#texture3" },
				"up": { "uv": [ 14, 0, 15, 1 ], "texture": "#texture3" },
				"north": { "uv": [ 1, 8, 2, 9 ], "texture": "#texture3" },
				"south": { "uv": [ 14, 8, 15, 9 ], "texture": "#texture3" },
				"west": { "uv": [ 0, 8, 1, 9 ], "texture": "#texture3" },
				"east": { "uv": [ 15, 8, 16, 9 ], "texture": "#texture3" }
			}
		},
		{
			"__comment": "Box44",
			"from": [ 4, 7, 12.125 ],
			"to": [ 6, 12, 13.125 ],
			"rotation": { "origin": [ 4, 7, 12.125 ], "axis": "y", "angle": -45 },
			"faces": {
				"down": { "uv": [ 0, 0, 0.5, 1.5 ], "texture": "#texture3" },
				"up": { "uv": [ 0, 14.5, 0.5, 16 ], "texture": "#texture3" },
				"north": { "uv": [ 15.5, 8, 16, 9 ], "texture": "#texture3" },
				"south": { "uv": [ 0, 8, 0.5, 9 ], "texture": "#texture3" },
				"west": { "uv": [ 14.5, 8, 16, 9 ], "texture": "#texture3" },
				"east": { "uv": [ 0, 8, 1.5, 9 ], "texture": "#texture3" }
			}
		},
		{
			"__comment": "Box39",
			"from": [ 15.5, 12, 5 ],
			"to": [ 16.5, 12.5, 11 ],
			"faces": {
				"down": { "uv": [ 15.5, 5, 16, 11 ], "texture": "#texture6" },
				"up": { "uv": [ 15.5, 5, 16, 11 ], "texture": "#texture6" },
				"north": { "uv": [ 0, 3.5, 0.5, 4 ], "texture": "#texture6" },
				"south": { "uv": [ 15.5, 3.5, 16, 4 ], "texture": "#texture6" },
				"west": { "uv": [ 5, 3.5, 11, 4 ], "texture": "#texture6" },
				"east": { "uv": [ 5, 3.5, 11, 4 ], "texture": "#texture6" }
			}
		},
		{
			"__comment": "Box39",
			"from": [ 2.5, 7, 5 ],
			"to": [ 3.5, 12, 11 ],
			"faces": {
				"down": { "uv": [ 2.5, 5, 3.5, 11 ], "texture": "#texture3" },
				"up": { "uv": [ 2.5, 5, 3.5, 11 ], "texture": "#texture3" },
				"north": { "uv": [ 12.5, 4, 13.5, 9 ], "texture": "#texture3" },
				"south": { "uv": [ 2.5, 4, 3.5, 9 ], "texture": "#texture3" },
				"west": { "uv": [ 5, 4, 11, 9 ], "texture": "#texture3" },
				"east": { "uv": [ 5, 4, 11, 9 ], "texture": "#texture3" }
			}
		},
		{
			"__comment": "Box44",
			"from": [ 3.25, 7, 3.125 ],
			"to": [ 4.25, 12, 5.125 ],
			"rotation": { "origin": [ 3.25, 7, 3.125 ], "axis": "y", "angle": -22.5 },
			"faces": {
				"down": { "uv": [ 0, 0, 0.5, 1.5 ], "texture": "#texture3" },
				"up": { "uv": [ 0, 14.5, 0.5, 16 ], "texture": "#texture3" },
				"north": { "uv": [ 15.5, 8, 16, 9 ], "texture": "#texture3" },
				"south": { "uv": [ 0, 8, 0.5, 9 ], "texture": "#texture3" },
				"west": { "uv": [ 14.5, 8, 16, 9 ], "texture": "#texture3" },
				"east": { "uv": [ 0, 8, 1.5, 9 ], "texture": "#texture3" }
			}
		},
		{
			"__comment": "Box44",
			"from": [ 2.5, 7, 11 ],
			"to": [ 3.5, 12, 13 ],
			"rotation": { "origin": [ 2.5, 7, 11 ], "axis": "y", "angle": 22.5 },
			"faces": {
				"down": { "uv": [ 0, 0, 0.5, 1.5 ], "texture": "#texture3" },
				"up": { "uv": [ 0, 14.5, 0.5, 16 ], "texture": "#texture3" },
				"north": { "uv": [ 15.5, 8, 16, 9 ], "texture": "#texture3" },
				"south": { "uv": [ 0, 8, 0.5, 9 ], "texture": "#texture3" },
				"west": { "uv": [ 14.5, 8, 16, 9 ], "texture": "#texture3" },
				"east": { "uv": [ 0, 8, 1.5, 9 ], "texture": "#texture3" }
			}
		},
		{
			"__comment": "Box43",
			"from": [ 12.125, 7, 14.125 ],
			"to": [ 14.125, 12, 15.125 ],
			"rotation": { "origin": [ 12.125, 7, 14.125 ], "axis": "y", "angle": 22.5 },
			"faces": {
				"down": { "uv": [ 14, 15, 15, 16 ], "texture": "#texture3" },
				"up": { "uv": [ 14, 0, 15, 1 ], "texture": "#texture3" },
				"north": { "uv": [ 1, 8, 2, 9 ], "texture": "#texture3" },
				"south": { "uv": [ 14, 8, 15, 9 ], "texture": "#texture3" },
				"west": { "uv": [ 0, 8, 1, 9 ], "texture": "#texture3" },
				"east": { "uv": [ 15, 8, 16, 9 ], "texture": "#texture3" }
			}
		},
		{
			"__comment": "Box45",
			"from": [ 13.625, 7, 13.625 ],
			"to": [ 15.725, 12, 14.625 ],
			"rotation": { "origin": [ 13.625, 7, 13.625 ], "axis": "y", "angle": 45 },
			"faces": {
				"down": { "uv": [ 0, 0.5, 1, 1.5 ], "texture": "#texture3" },
				"up": { "uv": [ 0, 14.5, 1, 15.5 ], "texture": "#texture3" },
				"north": { "uv": [ 15, 8, 16, 9 ], "texture": "#texture3" },
				"south": { "uv": [ 0, 8, 1, 9 ], "texture": "#texture3" },
				"west": { "uv": [ 14.5, 8, 15.5, 9 ], "texture": "#texture3" },
				"east": { "uv": [ 0.5, 8, 1.5, 9 ], "texture": "#texture3" }
			}
		},
		{
			"__comment": "Box44",
			"from": [ 15.625, 7, 10.625 ],
			"to": [ 16.625, 12, 12.625 ],
			"rotation": { "origin": [ 15.625, 7, 10.625 ], "axis": "y", "angle": -22.5 },
			"faces": {
				"down": { "uv": [ 0, 0, 0.5, 1.5 ], "texture": "#texture3" },
				"up": { "uv": [ 0, 14.5, 0.5, 16 ], "texture": "#texture3" },
				"north": { "uv": [ 15.5, 8, 16, 9 ], "texture": "#texture3" },
				"south": { "uv": [ 0, 8, 0.5, 9 ], "texture": "#texture3" },
				"west": { "uv": [ 14.5, 8, 16, 9 ], "texture": "#texture3" },
				"east": { "uv": [ 0, 8, 1.5, 9 ], "texture": "#texture3" }
			}
		},
		{
			"__comment": "Box39",
			"from": [ 15.5, 7, 5 ],
			"to": [ 16.5, 12, 11 ],
			"faces": {
				"down": { "uv": [ 15.5, 5, 16, 11 ], "texture": "#texture3" },
				"up": { "uv": [ 15.5, 5, 16, 11 ], "texture": "#texture3" },
				"north": { "uv": [ 0, 4, 0.5, 9 ], "texture": "#texture3" },
				"south": { "uv": [ 15.5, 4, 16, 9 ], "texture": "#texture3" },
				"west": { "uv": [ 5, 4, 11, 9 ], "texture": "#texture3" },
				"east": { "uv": [ 5, 4, 11, 9 ], "texture": "#texture3" }
			}
		},
		{
			"__comment": "Box44",
			"from": [ 14.875, 7, 3.5 ],
			"to": [ 15.875, 12, 5.5 ],
			"rotation": { "origin": [ 14.875, 7, 3.5 ], "axis": "y", "angle": 22.5 },
			"faces": {
				"down": { "uv": [ 0, 0, 0.5, 1.5 ], "texture": "#texture3" },
				"up": { "uv": [ 0, 14.5, 0.5, 16 ], "texture": "#texture3" },
				"north": { "uv": [ 15.5, 8, 16, 9 ], "texture": "#texture3" },
				"south": { "uv": [ 0, 8, 0.5, 9 ], "texture": "#texture3" },
				"west": { "uv": [ 14.5, 8, 16, 9 ], "texture": "#texture3" },
				"east": { "uv": [ 0, 8, 1.5, 9 ], "texture": "#texture3" }
			}
		},
		{
			"__comment": "Box97",
			"from": [ 8.5, 8, 14.125 ],
			"to": [ 10.5, 11.5, 15.125 ],
			"faces": {
				"down": { "uv": [ 1.5, 0.5, 1, 1.5 ], "texture": "#texture5" },
				"up": { "uv": [ 0, 1, 2, 2 ], "texture": "#texture5" },
				"north": { "uv": [ 0, 0, 2, 6.5 ], "texture": "#texture5" },
				"south": { "uv": [ 3.5, 0, 13, 16 ], "texture": "#texture5" },
				"west": { "uv": [ 14, 4.5, 15, 8.5 ], "texture": "#texture5" },
				"east": { "uv": [ 1, 4.5, 2, 8.5 ], "texture": "#texture5" }
			}
		}
	],
	"display": {
		"head": {
			"translation":  [ -1.39, -0.695, 0 ],
			"scale":  [ 1.7042, 1.9128, 1.739 ]
		}
	}
}