{
    "__comment": "Model generated using MrCrayfish's Model Creator (http://mrcrayfish.com/modelcreator/)",
    "textures": {
        "particle": "blocks/wool_colored_orange",
        "0": "blocks/wool_colored_orange",
        "1": "blocks/wool_colored_white",
        "2": "blocks/wool_colored_silver",
        "3": "blocks/wool_colored_black",
        "4": "blocks/hardened_clay_stained_gray"
    },
    "elements": [
        {
            "name": "Bottom",
            "from": [ 6.499999992549419, 0.10000000149011612, 6.499999992549419 ], 
            "to": [ 9.49999999254942, 1.1000000014901161, 9.49999999254942 ], 
            "faces": {
                "north": { "texture": "#0", "uv": [ 0.0, 0.0, 3.0, 1.0 ] },
                "east": { "texture": "#0", "uv": [ 0.0, 0.0, 3.0, 1.0 ] },
                "south": { "texture": "#0", "uv": [ 0.0, 0.0, 3.0, 1.0 ] },
                "west": { "texture": "#0", "uv": [ 0.0, 0.0, 3.0, 1.0 ] },
                "up": { "texture": "#0", "uv": [ 0.0, 0.0, 3.0, 3.0 ] },
                "down": { "texture": "#0", "uv": [ 0.0, 0.0, 3.0, 3.0 ] }
            }
        },
        {
            "name": "Cube",
            "from": [ 6.499999992549419, 1.0, 5.0 ], 
            "to": [ 9.49999999254942, 11.0, 11.0 ], 
            "faces": {
                "north": { "texture": "#1", "uv": [ 0.0, 0.0, 3.0, 12.0 ] },
                "east": { "texture": "#1", "uv": [ 0.0, 0.0, 6.0, 12.0 ] },
                "south": { "texture": "#1", "uv": [ 0.0, 0.0, 3.0, 12.0 ] },
                "west": { "texture": "#1", "uv": [ 0.0, 0.0, 6.0, 12.0 ] },
                "up": { "texture": "#1", "uv": [ 0.0, 0.0, 3.0, 6.0 ] },
                "down": { "texture": "#1", "uv": [ 0.0, 0.0, 3.0, 6.0 ] }
            }
        },
        {
            "name": "Cube",
            "from": [ 5.0, 1.0, 6.499999992549419 ], 
            "to": [ 11.0, 11.0, 9.49999999254942 ], 
            "faces": {
                "north": { "texture": "#1", "uv": [ 0.0, 0.0, 6.0, 12.0 ] },
                "east": { "texture": "#1", "uv": [ 0.0, 0.0, 3.0, 12.0 ] },
                "south": { "texture": "#1", "uv": [ 0.0, 0.0, 6.0, 12.0 ] },
                "west": { "texture": "#1", "uv": [ 0.0, 0.0, 3.0, 12.0 ] },
                "up": { "texture": "#1", "uv": [ 0.0, 0.0, 6.0, 3.0 ] },
                "down": { "texture": "#1", "uv": [ 0.0, 0.0, 6.0, 3.0 ] }
            }
        },
        {
            "name": "Cube",
            "from": [ 4.999999985098839, 2.0, 4.999999985098839 ], 
            "to": [ 10.999999985098839, 3.0, 10.999999985098839 ], 
            "faces": {
                "north": { "texture": "#2", "uv": [ 0.0, 0.0, 6.0, 1.0 ] },
                "east": { "texture": "#2", "uv": [ 0.0, 0.0, 6.0, 1.0 ] },
                "south": { "texture": "#2", "uv": [ 0.0, 0.0, 6.0, 1.0 ] },
                "west": { "texture": "#2", "uv": [ 0.0, 0.0, 6.0, 1.0 ] },
                "up": { "texture": "#2", "uv": [ 0.0, 0.0, 6.0, 6.0 ] },
                "down": { "texture": "#2", "uv": [ 0.0, 0.0, 6.0, 6.0 ] }
            }
        },
        {
            "name": "Cube",
            "from": [ 3.999999985098839, 3.0, 4.999999985098839 ], 
            "to": [ 4.999999985098839, 9.0, 10.999999985098839 ], 
            "faces": {
                "north": { "texture": "#2", "uv": [ 0.0, 0.0, 1.0, 6.0 ] },
                "east": { "texture": "#2", "uv": [ 0.0, 0.0, 6.0, 6.0 ] },
                "south": { "texture": "#2", "uv": [ 0.0, 0.0, 1.0, 6.0 ] },
                "west": { "texture": "#2", "uv": [ 0.0, 0.0, 6.0, 6.0 ] },
                "up": { "texture": "#2", "uv": [ 0.0, 0.0, 1.0, 6.0 ] },
                "down": { "texture": "#2", "uv": [ 0.0, 0.0, 1.0, 6.0 ] }
            }
        },
        {
            "name": "Cube",
            "from": [ 10.999999985098839, 3.0, 4.999999985098839 ], 
            "to": [ 11.999999985098839, 9.0, 10.999999985098839 ], 
            "faces": {
                "north": { "texture": "#2", "uv": [ 0.0, 0.0, 1.0, 6.0 ] },
                "east": { "texture": "#2", "uv": [ 0.0, 0.0, 6.0, 6.0 ] },
                "south": { "texture": "#2", "uv": [ 0.0, 0.0, 1.0, 6.0 ] },
                "west": { "texture": "#2", "uv": [ 0.0, 0.0, 6.0, 6.0 ] },
                "up": { "texture": "#2", "uv": [ 0.0, 0.0, 1.0, 6.0 ] },
                "down": { "texture": "#2", "uv": [ 0.0, 0.0, 1.0, 6.0 ] }
            }
        },
        {
            "name": "Cube",
            "from": [ 4.999999985098839, 9.0, 4.999999985098839 ], 
            "to": [ 10.999999985098839, 10.0, 10.999999985098839 ], 
            "faces": {
                "north": { "texture": "#2", "uv": [ 0.0, 0.0, 6.0, 1.0 ] },
                "east": { "texture": "#2", "uv": [ 0.0, 0.0, 6.0, 1.0 ] },
                "south": { "texture": "#2", "uv": [ 0.0, 0.0, 6.0, 1.0 ] },
                "west": { "texture": "#2", "uv": [ 0.0, 0.0, 6.0, 1.0 ] },
                "up": { "texture": "#2", "uv": [ 0.0, 0.0, 6.0, 6.0 ] },
                "down": { "texture": "#2", "uv": [ 0.0, 0.0, 6.0, 6.0 ] }
            }
        },
        {
            "name": "Cube",
            "from": [ 4.999999985098839, 3.0, 10.999999985098839 ], 
            "to": [ 10.999999985098839, 9.0, 11.999999985098839 ], 
            "faces": {
                "north": { "texture": "#2", "uv": [ 0.0, 0.0, 6.0, 6.0 ] },
                "east": { "texture": "#2", "uv": [ 0.0, 0.0, 1.0, 6.0 ] },
                "south": { "texture": "#2", "uv": [ 0.0, 0.0, 6.0, 6.0 ] },
                "west": { "texture": "#2", "uv": [ 0.0, 0.0, 1.0, 6.0 ] },
                "up": { "texture": "#2", "uv": [ 0.0, 0.0, 6.0, 1.0 ] },
                "down": { "texture": "#2", "uv": [ 0.0, 0.0, 6.0, 1.0 ] }
            }
        },
        {
            "name": "Cube",
            "from": [ 4.999999985098839, 3.0, 3.999999985098839 ], 
            "to": [ 10.999999985098839, 9.0, 4.999999985098839 ], 
            "faces": {
                "north": { "texture": "#2", "uv": [ 0.0, 0.0, 6.0, 6.0 ] },
                "east": { "texture": "#2", "uv": [ 0.0, 0.0, 1.0, 6.0 ] },
                "south": { "texture": "#2", "uv": [ 0.0, 0.0, 6.0, 6.0 ] },
                "west": { "texture": "#2", "uv": [ 0.0, 0.0, 1.0, 6.0 ] },
                "up": { "texture": "#2", "uv": [ 0.0, 0.0, 6.0, 1.0 ] },
                "down": { "texture": "#2", "uv": [ 0.0, 0.0, 6.0, 1.0 ] }
            }
        },
        {
            "name": "Cube",
            "from": [ 6.499999992549419, 3.0, 6.499999992549419 ], 
            "to": [ 9.49999999254942, 12.0, 9.49999999254942 ], 
            "faces": {
                "north": { "texture": "#0", "uv": [ 0.0, 0.0, 3.0, 14.0 ] },
                "east": { "texture": "#0", "uv": [ 0.0, 0.0, 3.0, 14.0 ] },
                "south": { "texture": "#0", "uv": [ 0.0, 0.0, 3.0, 14.0 ] },
                "west": { "texture": "#0", "uv": [ 0.0, 0.0, 3.0, 14.0 ] },
                "up": { "texture": "#0", "uv": [ 0.0, 0.0, 3.0, 3.0 ] },
                "down": { "texture": "#0", "uv": [ 0.0, 0.0, 3.0, 3.0 ] }
            }
        },
        {
            "name": "Cube",
            "from": [ 12.999999985098839, 4.499999992549419, 6.499999992549419 ], 
            "to": [ 13.999999985098839, 7.499999992549419, 9.49999999254942 ], 
            "faces": {
                "north": { "texture": "#0", "uv": [ 0.0, 0.0, 1.0, 3.0 ] },
                "east": { "texture": "#0", "uv": [ 0.0, 0.0, 3.0, 3.0 ] },
                "south": { "texture": "#0", "uv": [ 0.0, 0.0, 1.0, 3.0 ] },
                "west": { "texture": "#0", "uv": [ 0.0, 0.0, 3.0, 3.0 ] },
                "up": { "texture": "#0", "uv": [ 0.0, 0.0, 1.0, 3.0 ] },
                "down": { "texture": "#0", "uv": [ 0.0, 0.0, 1.0, 3.0 ] }
            }
        },
        {
            "name": "Cube",
            "from": [ 1.9999999850988388, 4.499999992549419, 6.499999992549419 ], 
            "to": [ 2.999999985098839, 7.499999992549419, 9.49999999254942 ], 
            "faces": {
                "north": { "texture": "#0", "uv": [ 0.0, 0.0, 1.0, 3.0 ] },
                "east": { "texture": "#0", "uv": [ 0.0, 0.0, 3.0, 3.0 ] },
                "south": { "texture": "#0", "uv": [ 0.0, 0.0, 1.0, 3.0 ] },
                "west": { "texture": "#0", "uv": [ 0.0, 0.0, 3.0, 3.0 ] },
                "up": { "texture": "#0", "uv": [ 0.0, 0.0, 1.0, 3.0 ] },
                "down": { "texture": "#0", "uv": [ 0.0, 0.0, 1.0, 3.0 ] }
            }
        },
        {
            "name": "Cube",
            "from": [ 3.0, 4.499999992549419, 5.0 ], 
            "to": [ 13.0, 7.499999992549419, 11.0 ], 
            "faces": {
                "north": { "texture": "#1", "uv": [ 0.0, 0.0, 12.0, 3.0 ] },
                "east": { "texture": "#1", "uv": [ 0.0, 0.0, 6.0, 3.0 ] },
                "south": { "texture": "#1", "uv": [ 0.0, 0.0, 12.0, 3.0 ] },
                "west": { "texture": "#1", "uv": [ 0.0, 0.0, 6.0, 3.0 ] },
                "up": { "texture": "#1", "uv": [ 0.0, 0.0, 12.0, 6.0 ] },
                "down": { "texture": "#1", "uv": [ 0.0, 0.0, 12.0, 6.0 ] }
            }
        },
        {
            "name": "Cube",
            "from": [ 3.0, 3.0, 6.499999992549419 ], 
            "to": [ 13.0, 9.0, 9.49999999254942 ], 
            "faces": {
                "north": { "texture": "#1", "uv": [ 0.0, 0.0, 12.0, 6.0 ] },
                "east": { "texture": "#1", "uv": [ 0.0, 0.0, 3.0, 6.0 ] },
                "south": { "texture": "#1", "uv": [ 0.0, 0.0, 12.0, 6.0 ] },
                "west": { "texture": "#1", "uv": [ 0.0, 0.0, 3.0, 6.0 ] },
                "up": { "texture": "#1", "uv": [ 0.0, 0.0, 12.0, 3.0 ] },
                "down": { "texture": "#1", "uv": [ 0.0, 0.0, 12.0, 3.0 ] }
            }
        },
        {
            "name": "Cube",
            "from": [ 6.500000007450581, 4.500000007450581, 2.0 ], 
            "to": [ 9.50000000745058, 7.500000007450581, 14.0 ], 
            "faces": {
                "north": { "texture": "#0", "uv": [ 0.0, 0.0, 3.0, 3.0 ] },
                "east": { "texture": "#0", "uv": [ 0.0, 0.0, 9.0, 3.0 ] },
                "south": { "texture": "#0", "uv": [ 0.0, 0.0, 3.0, 3.0 ] },
                "west": { "texture": "#0", "uv": [ 0.0, 0.0, 9.0, 3.0 ] },
                "up": { "texture": "#0", "uv": [ 0.0, 0.0, 3.0, 9.0 ] },
                "down": { "texture": "#0", "uv": [ 0.0, 0.0, 3.0, 9.0 ] }
            }
        },
        {
            "name": "Cube",
            "from": [ 6.500000007450581, 3.0, 3.0 ], 
            "to": [ 9.50000000745058, 9.0, 13.0 ], 
            "faces": {
                "north": { "texture": "#1", "uv": [ 0.0, 0.0, 3.0, 6.0 ] },
                "east": { "texture": "#1", "uv": [ 0.0, 0.0, 10.0, 6.0 ] },
                "south": { "texture": "#1", "uv": [ 0.0, 0.0, 3.0, 6.0 ] },
                "west": { "texture": "#1", "uv": [ 0.0, 0.0, 10.0, 6.0 ] },
                "up": { "texture": "#1", "uv": [ 0.0, 0.0, 3.0, 10.0 ] },
                "down": { "texture": "#1", "uv": [ 0.0, 0.0, 3.0, 10.0 ] }
            }
        },
        {
            "name": "Cube",
            "from": [ 5.000000014901161, 4.500000007450581, 3.0 ], 
            "to": [ 11.000000014901161, 7.500000007450581, 13.0 ], 
            "faces": {
                "north": { "texture": "#1", "uv": [ 0.0, 0.0, 6.0, 3.0 ] },
                "east": { "texture": "#1", "uv": [ 0.0, 0.0, 10.0, 3.0 ] },
                "south": { "texture": "#1", "uv": [ 0.0, 0.0, 6.0, 3.0 ] },
                "west": { "texture": "#1", "uv": [ 0.0, 0.0, 10.0, 3.0 ] },
                "up": { "texture": "#1", "uv": [ 0.0, 0.0, 6.0, 10.0 ] },
                "down": { "texture": "#1", "uv": [ 0.0, 0.0, 6.0, 10.0 ] }
            }
        },
        {
            "name": "Cube",
            "from": [ 4.0, 4.499999992549419, 4.0 ], 
            "to": [ 5.0, 7.499999992549419, 5.0 ], 
            "faces": {
                "north": { "texture": "#2", "uv": [ 0.0, 0.0, 1.0, 3.0 ] },
                "east": { "texture": "#2", "uv": [ 0.0, 0.0, 1.0, 3.0 ] },
                "south": { "texture": "#2", "uv": [ 0.0, 0.0, 1.0, 3.0 ] },
                "west": { "texture": "#2", "uv": [ 0.0, 0.0, 1.0, 3.0 ] },
                "up": { "texture": "#2", "uv": [ 0.0, 0.0, 1.0, 1.0 ] },
                "down": { "texture": "#2", "uv": [ 0.0, 0.0, 1.0, 1.0 ] }
            }
        },
        {
            "name": "Cube",
            "from": [ 11.0, 4.499999992549419, 4.0 ], 
            "to": [ 12.0, 7.499999992549419, 5.0 ], 
            "faces": {
                "north": { "texture": "#2", "uv": [ 0.0, 0.0, 1.0, 3.0 ] },
                "east": { "texture": "#2", "uv": [ 0.0, 0.0, 1.0, 3.0 ] },
                "south": { "texture": "#2", "uv": [ 0.0, 0.0, 1.0, 3.0 ] },
                "west": { "texture": "#2", "uv": [ 0.0, 0.0, 1.0, 3.0 ] },
                "up": { "texture": "#2", "uv": [ 0.0, 0.0, 1.0, 1.0 ] },
                "down": { "texture": "#2", "uv": [ 0.0, 0.0, 1.0, 1.0 ] }
            }
        },
        {
            "name": "Cube",
            "from": [ 11.0, 4.499999992549419, 11.0 ], 
            "to": [ 12.0, 7.499999992549419, 12.0 ], 
            "faces": {
                "north": { "texture": "#2", "uv": [ 0.0, 0.0, 1.0, 3.0 ] },
                "east": { "texture": "#2", "uv": [ 0.0, 0.0, 1.0, 3.0 ] },
                "south": { "texture": "#2", "uv": [ 0.0, 0.0, 1.0, 3.0 ] },
                "west": { "texture": "#2", "uv": [ 0.0, 0.0, 1.0, 3.0 ] },
                "up": { "texture": "#2", "uv": [ 0.0, 0.0, 1.0, 1.0 ] },
                "down": { "texture": "#2", "uv": [ 0.0, 0.0, 1.0, 1.0 ] }
            }
        },
        {
            "name": "Cube",
            "from": [ 4.0, 4.499999992549419, 11.0 ], 
            "to": [ 5.0, 7.499999992549419, 12.0 ], 
            "faces": {
                "north": { "texture": "#2", "uv": [ 0.0, 0.0, 1.0, 3.0 ] },
                "east": { "texture": "#2", "uv": [ 0.0, 0.0, 1.0, 3.0 ] },
                "south": { "texture": "#2", "uv": [ 0.0, 0.0, 1.0, 3.0 ] },
                "west": { "texture": "#2", "uv": [ 0.0, 0.0, 1.0, 3.0 ] },
                "up": { "texture": "#2", "uv": [ 0.0, 0.0, 1.0, 1.0 ] },
                "down": { "texture": "#2", "uv": [ 0.0, 0.0, 1.0, 1.0 ] }
            }
        },
        {
            "name": "Cube",
            "from": [ 6.499999992549419, 9.0, 11.0 ], 
            "to": [ 9.49999999254942, 10.0, 12.0 ], 
            "faces": {
                "north": { "texture": "#2", "uv": [ 0.0, 0.0, 3.0, 1.0 ] },
                "east": { "texture": "#2", "uv": [ 0.0, 0.0, 1.0, 1.0 ] },
                "south": { "texture": "#2", "uv": [ 0.0, 0.0, 3.0, 1.0 ] },
                "west": { "texture": "#2", "uv": [ 0.0, 0.0, 1.0, 1.0 ] },
                "up": { "texture": "#2", "uv": [ 0.0, 0.0, 3.0, 1.0 ] },
                "down": { "texture": "#2", "uv": [ 0.0, 0.0, 3.0, 1.0 ] }
            }
        },
        {
            "name": "Cube",
            "from": [ 6.499999992549419, 9.0, 4.0 ], 
            "to": [ 9.49999999254942, 10.0, 5.0 ], 
            "faces": {
                "north": { "texture": "#2", "uv": [ 0.0, 0.0, 3.0, 1.0 ] },
                "east": { "texture": "#2", "uv": [ 0.0, 0.0, 1.0, 1.0 ] },
                "south": { "texture": "#2", "uv": [ 0.0, 0.0, 3.0, 1.0 ] },
                "west": { "texture": "#2", "uv": [ 0.0, 0.0, 1.0, 1.0 ] },
                "up": { "texture": "#2", "uv": [ 0.0, 0.0, 3.0, 1.0 ] },
                "down": { "texture": "#2", "uv": [ 0.0, 0.0, 3.0, 1.0 ] }
            }
        },
        {
            "name": "Cube",
            "from": [ 6.499999992549419, 2.0, 4.0 ], 
            "to": [ 9.49999999254942, 3.0, 5.0 ], 
            "faces": {
                "north": { "texture": "#2", "uv": [ 0.0, 0.0, 3.0, 1.0 ] },
                "east": { "texture": "#2", "uv": [ 0.0, 0.0, 1.0, 1.0 ] },
                "south": { "texture": "#2", "uv": [ 0.0, 0.0, 3.0, 1.0 ] },
                "west": { "texture": "#2", "uv": [ 0.0, 0.0, 1.0, 1.0 ] },
                "up": { "texture": "#2", "uv": [ 0.0, 0.0, 3.0, 1.0 ] },
                "down": { "texture": "#2", "uv": [ 0.0, 0.0, 3.0, 1.0 ] }
            }
        },
        {
            "name": "Cube",
            "from": [ 6.499999992549419, 2.0, 11.0 ], 
            "to": [ 9.49999999254942, 3.0, 12.0 ], 
            "faces": {
                "north": { "texture": "#2", "uv": [ 0.0, 0.0, 3.0, 1.0 ] },
                "east": { "texture": "#2", "uv": [ 0.0, 0.0, 1.0, 1.0 ] },
                "south": { "texture": "#2", "uv": [ 0.0, 0.0, 3.0, 1.0 ] },
                "west": { "texture": "#2", "uv": [ 0.0, 0.0, 1.0, 1.0 ] },
                "up": { "texture": "#2", "uv": [ 0.0, 0.0, 3.0, 1.0 ] },
                "down": { "texture": "#2", "uv": [ 0.0, 0.0, 3.0, 1.0 ] }
            }
        },
        {
            "name": "Cube",
            "from": [ 10.999999985098839, 2.0, 6.499999992549419 ], 
            "to": [ 11.999999985098839, 3.0, 9.49999999254942 ], 
            "faces": {
                "north": { "texture": "#2", "uv": [ 0.0, 0.0, 1.0, 1.0 ] },
                "east": { "texture": "#2", "uv": [ 0.0, 0.0, 3.0, 1.0 ] },
                "south": { "texture": "#2", "uv": [ 0.0, 0.0, 1.0, 1.0 ] },
                "west": { "texture": "#2", "uv": [ 0.0, 0.0, 3.0, 1.0 ] },
                "up": { "texture": "#2", "uv": [ 0.0, 0.0, 1.0, 3.0 ] },
                "down": { "texture": "#2", "uv": [ 0.0, 0.0, 1.0, 3.0 ] }
            }
        },
        {
            "name": "Cube",
            "from": [ 3.999999985098839, 2.0, 6.499999992549419 ], 
            "to": [ 4.999999985098839, 3.0, 9.49999999254942 ], 
            "faces": {
                "north": { "texture": "#2", "uv": [ 0.0, 0.0, 1.0, 1.0 ] },
                "east": { "texture": "#2", "uv": [ 0.0, 0.0, 3.0, 1.0 ] },
                "south": { "texture": "#2", "uv": [ 0.0, 0.0, 1.0, 1.0 ] },
                "west": { "texture": "#2", "uv": [ 0.0, 0.0, 3.0, 1.0 ] },
                "up": { "texture": "#2", "uv": [ 0.0, 0.0, 1.0, 3.0 ] },
                "down": { "texture": "#2", "uv": [ 0.0, 0.0, 1.0, 3.0 ] }
            }
        },
        {
            "name": "Cube",
            "from": [ 3.999999985098839, 9.0, 6.499999992549419 ], 
            "to": [ 4.999999985098839, 10.0, 9.49999999254942 ], 
            "faces": {
                "north": { "texture": "#2", "uv": [ 0.0, 0.0, 1.0, 1.0 ] },
                "east": { "texture": "#2", "uv": [ 0.0, 0.0, 3.0, 1.0 ] },
                "south": { "texture": "#2", "uv": [ 0.0, 0.0, 1.0, 1.0 ] },
                "west": { "texture": "#2", "uv": [ 0.0, 0.0, 3.0, 1.0 ] },
                "up": { "texture": "#2", "uv": [ 0.0, 0.0, 1.0, 3.0 ] },
                "down": { "texture": "#2", "uv": [ 0.0, 0.0, 1.0, 3.0 ] }
            }
        },
        {
            "name": "Cube",
            "from": [ 10.999999985098839, 9.0, 6.499999992549419 ], 
            "to": [ 11.999999985098839, 10.0, 9.49999999254942 ], 
            "faces": {
                "north": { "texture": "#2", "uv": [ 0.0, 0.0, 1.0, 1.0 ] },
                "east": { "texture": "#2", "uv": [ 0.0, 0.0, 3.0, 1.0 ] },
                "south": { "texture": "#2", "uv": [ 0.0, 0.0, 1.0, 1.0 ] },
                "west": { "texture": "#2", "uv": [ 0.0, 0.0, 3.0, 1.0 ] },
                "up": { "texture": "#2", "uv": [ 0.0, 0.0, 1.0, 3.0 ] },
                "down": { "texture": "#2", "uv": [ 0.0, 0.0, 1.0, 3.0 ] }
            }
        },
        {
            "name": "HeadBottom",
            "from": [ 5.500000007450581, 11.0, 5.500000007450581 ], 
            "to": [ 10.50000000745058, 12.0, 10.50000000745058 ], 
            "faces": {
                "north": { "texture": "#1", "uv": [ 0.0, 0.0, 5.0, 1.0 ] },
                "east": { "texture": "#1", "uv": [ 0.0, 0.0, 5.0, 1.0 ] },
                "south": { "texture": "#1", "uv": [ 0.0, 0.0, 5.0, 1.0 ] },
                "west": { "texture": "#1", "uv": [ 0.0, 0.0, 5.0, 1.0 ] },
                "up": { "texture": "#1", "uv": [ 0.0, 0.0, 5.0, 5.0 ] },
                "down": { "texture": "#1", "uv": [ 0.0, 0.0, 5.0, 5.0 ] }
            }
        },
        {
            "name": "Cube",
            "from": [ 5.000000014901161, 10.0, 6.0 ], 
            "to": [ 11.000000014901161, 11.0, 10.0 ], 
            "faces": {
                "north": { "texture": "#1", "uv": [ 0.0, 0.0, 6.0, 1.0 ] },
                "east": { "texture": "#1", "uv": [ 0.0, 0.0, 4.0, 1.0 ] },
                "south": { "texture": "#1", "uv": [ 0.0, 0.0, 6.0, 1.0 ] },
                "west": { "texture": "#1", "uv": [ 0.0, 0.0, 4.0, 1.0 ] },
                "up": { "texture": "#1", "uv": [ 0.0, 0.0, 6.0, 4.0 ] },
                "down": { "texture": "#1", "uv": [ 0.0, 0.0, 6.0, 4.0 ] }
            }
        },
        {
            "name": "Cube",
            "from": [ 6.000000014901161, 10.0, 5.0 ], 
            "to": [ 10.000000014901161, 11.0, 11.0 ], 
            "faces": {
                "north": { "texture": "#1", "uv": [ 0.0, 0.0, 4.0, 1.0 ] },
                "east": { "texture": "#1", "uv": [ 0.0, 0.0, 6.0, 1.0 ] },
                "south": { "texture": "#1", "uv": [ 0.0, 0.0, 4.0, 1.0 ] },
                "west": { "texture": "#1", "uv": [ 0.0, 0.0, 6.0, 1.0 ] },
                "up": { "texture": "#1", "uv": [ 0.0, 0.0, 4.0, 6.0 ] },
                "down": { "texture": "#1", "uv": [ 0.0, 0.0, 4.0, 6.0 ] }
            }
        },
        {
            "name": "MainHead",
            "from": [ 5.500000007450581, 12.0, 5.500000007450581 ], 
            "to": [ 10.500000022351742, 14.0, 10.500000022351742 ], 
            "faces": {
                "north": { "texture": "#2", "uv": [ 0.0, 0.0, 5.000000014901161, 2.0 ] },
                "east": { "texture": "#2", "uv": [ 0.0, 0.0, 5.000000014901161, 2.0 ] },
                "south": { "texture": "#2", "uv": [ 0.0, 0.0, 5.000000014901161, 2.0 ] },
                "west": { "texture": "#2", "uv": [ 0.0, 0.0, 5.000000014901161, 2.0 ] },
                "up": { "texture": "#2", "uv": [ 0.0, 0.0, 5.000000014901161, 5.000000014901161 ] },
                "down": { "texture": "#2", "uv": [ 0.0, 0.0, 5.000000014901161, 5.000000014901161 ] }
            }
        },
        {
            "name": "TopHead",
            "from": [ 6.500000007450581, 13.49999999254942, 6.500000007450581 ], 
            "to": [ 9.50000000745058, 14.49999999254942, 9.50000000745058 ], 
            "faces": {
                "north": { "texture": "#1", "uv": [ 0.0, 0.0, 3.0, 1.0 ] },
                "east": { "texture": "#1", "uv": [ 0.0, 0.0, 3.0, 1.0 ] },
                "south": { "texture": "#1", "uv": [ 0.0, 0.0, 3.0, 1.0 ] },
                "west": { "texture": "#1", "uv": [ 0.0, 0.0, 3.0, 1.0 ] },
                "up": { "texture": "#1", "uv": [ 0.0, 0.0, 3.0, 3.0 ] },
                "down": { "texture": "#1", "uv": [ 0.0, 0.0, 3.0, 3.0 ] }
            }
        },
        {
            "name": "EYE",
            "from": [ 6.500000007450581, 12.49999999254942, 10.100000016391277 ], 
            "to": [ 7.500000007450581, 13.49999999254942, 11.100000016391277 ], 
            "faces": {
                "north": { "texture": "#3", "uv": [ 0.0, 0.0, 1.0, 1.0 ] },
                "east": { "texture": "#3", "uv": [ 0.0, 0.0, 1.0, 1.0 ] },
                "south": { "texture": "#3", "uv": [ 0.0, 0.0, 1.0, 1.0 ] },
                "west": { "texture": "#3", "uv": [ 0.0, 0.0, 1.0, 1.0 ] },
                "up": { "texture": "#3", "uv": [ 0.0, 0.0, 1.0, 1.0 ] },
                "down": { "texture": "#3", "uv": [ 0.0, 0.0, 1.0, 1.0 ] }
            }
        },
        {
            "name": "Cube",
            "from": [ 8.50000000745058, 12.399999991059303, 9.700000010430813 ], 
            "to": [ 9.50000000745058, 12.69999998062849, 10.700000010430813 ], 
            "faces": {
                "north": { "texture": "#0", "uv": [ 0.0, 0.0, 1.0, 0.29999998956918716 ] },
                "east": { "texture": "#0", "uv": [ 0.0, 0.0, 1.0, 0.29999998956918716 ] },
                "south": { "texture": "#0", "uv": [ 0.0, 0.0, 1.0, 0.29999998956918716 ] },
                "west": { "texture": "#0", "uv": [ 0.0, 0.0, 1.0, 0.29999998956918716 ] },
                "up": { "texture": "#0", "uv": [ 0.0, 0.0, 1.0, 1.0 ] },
                "down": { "texture": "#0", "uv": [ 0.0, 0.0, 1.0, 1.0 ] }
            }
        },
        {
            "name": "Cube",
            "from": [ 7.5999999940395355, 14.49999999254942, 7.100000001490116 ], 
            "to": [ 7.899999983608723, 16.200000002980232, 7.4000000059604645 ], 
            "faces": {
                "north": { "texture": "#3", "uv": [ 0.0, 0.0, 0.29999998956918716, 1.7000000104308128 ] },
                "east": { "texture": "#3", "uv": [ 0.0, 0.0, 0.30000000447034836, 1.7000000104308128 ] },
                "south": { "texture": "#3", "uv": [ 0.0, 0.0, 0.29999998956918716, 1.7000000104308128 ] },
                "west": { "texture": "#3", "uv": [ 0.0, 0.0, 0.30000000447034836, 1.7000000104308128 ] },
                "up": { "texture": "#3", "uv": [ 0.0, 0.0, 0.29999998956918716, 0.30000000447034836 ] },
                "down": { "texture": "#3", "uv": [ 0.0, 0.0, 0.29999998956918716, 0.30000000447034836 ] }
            }
        },
        {
            "name": "Cube",
            "from": [ 8.50000000745058, 12.799999997019768, 9.700000010430813 ], 
            "to": [ 9.50000000745058, 13.099999986588955, 10.700000010430813 ], 
            "faces": {
                "north": { "texture": "#4", "uv": [ 0.0, 0.0, 1.0, 0.29999998956918716 ] },
                "east": { "texture": "#4", "uv": [ 0.0, 0.0, 1.0, 0.29999998956918716 ] },
                "south": { "texture": "#4", "uv": [ 0.0, 0.0, 1.0, 0.29999998956918716 ] },
                "west": { "texture": "#4", "uv": [ 0.0, 0.0, 1.0, 0.29999998956918716 ] },
                "up": { "texture": "#4", "uv": [ 0.0, 0.0, 1.0, 1.0 ] },
                "down": { "texture": "#4", "uv": [ 0.0, 0.0, 1.0, 1.0 ] }
            }
        }
    ]
}