{
"__comment": "Model generated using MrCrayfish's Model Creator (http://mrcrayfish.com/modelcreator/)",
"textures": {
    "particle": "blocks/wool_colored_red",
    "0": "blocks/glass_blue",
    "1": "blocks/daylight_detector_side",
    "2": "blocks/gold_block",
    "3": "blocks/wool_colored_black"
},
"overrides":[
    { "predicate": { "damaged": 1, "damage": 0.000640614990}, "model":"item/decorations/woody"},
    { "predicate": { "damaged": 1, "damage": 0.001281229981}, "model":"item/decorations/bb8"},
    { "predicate": { "damaged": 1, "damage": 0.001921844971}, "model":"item/decorations/bb8head"},
    { "predicate": { "damaged": 1, "damage": 0.002562459962}, "model":"item/decorations/octopus"}
],
"elements": [
{
    "from": [ 7.5, 7.6, 7.5 ],
    "to": [ 8.5, 24.7, 8.5 ],
    "faces": {
        "up":    { "uv": [ 7.5, 6.5, 8.5, 7.5 ], "texture": "#0" },
        "north": { "uv": [ 8.5, 5, 9.5, 16 ], "texture": "#0" },
        "south": { "uv": [ 10.5, 5, 9.5, 16 ], "texture": "#0" },
        "west":  { "uv": [ 9.5, 5, 10.5, 16 ], "texture": "#0" },
        "east":  { "uv": [ 8.5, 5, 9.5, 16 ], "texture": "#0" }
    }
},
{
    "from": [ 7.2, 0, 7.2 ],
    "to": [ 8.8, 6.8, 8.8 ],
    "faces": {
        "down":  { "uv": [ 8, 0, 9.6, 1.6 ], "texture": "#1" },
        "up":    { "uv": [ 8, 0, 9.6000003814697266, 1.5999999046325684 ], "texture": "#1" },
        "north": { "uv": [ 9, 0, 10.600000381469727, 6.8000001907348633 ], "texture": "#1" },
        "south": { "uv": [ 8, 0, 9.6000003814697266, 6.8000001907348633 ], "texture": "#1" },
        "west":  { "uv": [ 8, 0, 9.6000003814697266, 6.8000001907348633 ], "texture": "#1" },
        "east":  { "uv": [ 8, 0, 9.6000003814697266, 6.8000001907348633 ], "texture": "#1" }
    }
},
{
    "from": [ 7, 3.3, 7.6 ],
    "to": [ 8, 4.9, 8.4 ],
    "faces": {
        "down":  { "uv": [ 0, 0, 1, 0.8 ], "texture": "#2" },
        "up":    { "uv": [ 0, 0, -7, 6 ], "texture": "#2" },
        "north": { "uv": [ 8, 9, 3, -0.20000000298023224 ], "texture": "#2" },
        "south": { "uv": [ 0, 0, 10, 14.800000190734863 ], "texture": "#2" },
        "west":  { "uv": [ 4, 1, 13, 14.800000190734863 ], "texture": "#2" },
        "east":  { "uv": [ 0, 0, 10, 11.800000190734863 ], "texture": "#2" }
    }
},
{
    "from": [ 6.9, 3.2, 8.4 ],
    "to": [ 7.7, 5, 8.5 ],
    "faces": {
        "down":  { "uv": [ 2, 3, 14.8, 15.1 ], "texture": "#1" },
        "up":    { "uv": [ 1, 1, 14.800000190734863, 15.100000381469727 ], "texture": "#1" },
        "north": { "uv": [ 2, 2, 13.800000190734863, 14.800000190734863 ], "texture": "#1" },
        "south": { "uv": [ 2, 0, 13.800000190734863, 13.800000190734863 ], "texture": "#1" },
        "west":  { "uv": [ 3, 1, 13.100000381469727, 12.800000190734863 ], "texture": "#1" },
        "east":  { "uv": [ 3, 3, 13.100000381469727, 12.800000190734863 ], "texture": "#1" }
    }
},
{
    "from": [ 6.9, 3.2, 7.5 ],
    "to": [ 7.7, 5, 7.6 ],
    "faces": {
        "down":  { "uv": [ 2, 3, 14.8, 15.1 ], "texture": "#1" },
        "up":    { "uv": [ 1, 1, 14.800000190734863, 15.100000381469727 ], "texture": "#1" },
        "north": { "uv": [ 2, 2, 13.800000190734863, 14.800000190734863 ], "texture": "#1" },
        "south": { "uv": [ 2, 0, 13.800000190734863, 13.800000190734863 ], "texture": "#1" },
        "west":  { "uv": [ 3, 1, 13.100000381469727, 12.800000190734863 ], "texture": "#1" },
        "east":  { "uv": [ 3, 3, 13.100000381469727, 12.800000190734863 ], "texture": "#1" }
    }
},
{
    "from": [ 7.1, 0, 7.1 ],
    "to": [ 7.4, 2.7, 7.4 ],
    "faces": {
        "down":  { "uv": [ 0, 0, 0.3, 0.3 ], "texture": "#3" },
        "up":    { "uv": [ 0, 0, 0.29999998211860657, 0.29999998211860657 ], "texture": "#3" },
        "north": { "uv": [ 0, 0, 0.29999998211860657, 2.7000000476837158 ], "texture": "#3" },
        "south": { "uv": [ 0, 0, 0.29999998211860657, 2.7000000476837158 ], "texture": "#3" },
        "west":  { "uv": [ 0, 0, 0.29999998211860657, 2.7000000476837158 ], "texture": "#3" },
        "east":  { "uv": [ 0, 0, 0.29999998211860657, 2.7000000476837158 ], "texture": "#3" }
    }
},
{
    "from": [ 7.1, 0, 7.6 ],
    "to": [ 7.4, 2.7, 7.9 ],
    "faces": {
        "down":  { "uv": [ 0, 0, 0.3, 0.3 ], "texture": "#3" },
        "up":    { "uv": [ 0, 0, 0.29999998211860657, 0.29999998211860657 ], "texture": "#3" },
        "north": { "uv": [ 0, 0, 0.29999998211860657, 2.7000000476837158 ], "texture": "#3" },
        "south": { "uv": [ 0, 0, 0.29999998211860657, 2.7000000476837158 ], "texture": "#3" },
        "west":  { "uv": [ 0, 0, 0.29999998211860657, 2.7000000476837158 ], "texture": "#3" },
        "east":  { "uv": [ 0, 0, 0.29999998211860657, 2.7000000476837158 ], "texture": "#3" }
    }
},
{
    "from": [ 7.1, 0, 8.1 ],
    "to": [ 7.4, 2.7, 8.4 ],
    "faces": {
        "down":  { "uv": [ 0, 0, 0.3, 0.3 ], "texture": "#3" },
        "up":    { "uv": [ 0, 0, 0.29999998211860657, 0.29999998211860657 ], "texture": "#3" },
        "north": { "uv": [ 0, 0, 0.29999998211860657, 2.7000000476837158 ], "texture": "#3" },
        "south": { "uv": [ 0, 0, 0.29999998211860657, 2.7000000476837158 ], "texture": "#3" },
        "west":  { "uv": [ 0, 0, 0.29999998211860657, 2.7000000476837158 ], "texture": "#3" },
        "east":  { "uv": [ 0, 0, 0.29999998211860657, 2.7000000476837158 ], "texture": "#3" }
    }
},
{
    "from": [ 7.1, 0, 8.6 ],
    "to": [ 7.4, 2.7, 8.9 ],
    "faces": {
        "down":  { "uv": [ 0, 0, 0.3, 0.3 ], "texture": "#3" },
        "up":    { "uv": [ 0, 0, 0.29999998211860657, 0.29999998211860657 ], "texture": "#3" },
        "north": { "uv": [ 0, 0, 0.29999998211860657, 2.7000000476837158 ], "texture": "#3" },
        "south": { "uv": [ 0, 0, 0.29999998211860657, 2.7000000476837158 ], "texture": "#3" },
        "west":  { "uv": [ 0, 0, 0.29999998211860657, 2.7000000476837158 ], "texture": "#3" },
        "east":  { "uv": [ 0, 0, 0.29999998211860657, 2.7000000476837158 ], "texture": "#3" }
    }
},
{
    "from": [ 7.5, 0, 8.6 ],
    "to": [ 7.8, 2.7, 8.9 ],
    "faces": {
        "down":  { "uv": [ 0, 0, 0.3, 0.3 ], "texture": "#3" },
        "up":    { "uv": [ 0, 0, 0.29999998211860657, 0.29999998211860657 ], "texture": "#3" },
        "north": { "uv": [ 0, 0, 0.29999998211860657, 2.7000000476837158 ], "texture": "#3" },
        "south": { "uv": [ 0, 0, 0.29999998211860657, 2.7000000476837158 ], "texture": "#3" },
        "west":  { "uv": [ 0, 0, 0.29999998211860657, 2.7000000476837158 ], "texture": "#3" },
        "east":  { "uv": [ 0, 0, 0.29999998211860657, 2.7000000476837158 ], "texture": "#3" }
    }
},
{
    "from": [ 8.1, 0, 8.6 ],
    "to": [ 8.4, 2.7, 8.9 ],
    "faces": {
        "down":  { "uv": [ 0, 0, 0.3, 0.3 ], "texture": "#3" },
        "up":    { "uv": [ 0, 0, 0.29999998211860657, 0.29999998211860657 ], "texture": "#3" },
        "north": { "uv": [ 0, 0, 0.29999998211860657, 2.7000000476837158 ], "texture": "#3" },
        "south": { "uv": [ 0, 0, 0.29999998211860657, 2.7000000476837158 ], "texture": "#3" },
        "west":  { "uv": [ 0, 0, 0.29999998211860657, 2.7000000476837158 ], "texture": "#3" },
        "east":  { "uv": [ 0, 0, 0.29999998211860657, 2.7000000476837158 ], "texture": "#3" }
    }
},
{
    "from": [ 8.6, 0, 8.6 ],
    "to": [ 8.9, 2.7, 8.9 ],
    "faces": {
        "down":  { "uv": [ 0, 0, 0.3, 0.3 ], "texture": "#3" },
        "up":    { "uv": [ 0, 0, 0.29999998211860657, 0.29999998211860657 ], "texture": "#3" },
        "north": { "uv": [ 0, 0, 0.29999998211860657, 2.7000000476837158 ], "texture": "#3" },
        "south": { "uv": [ 0, 0, 0.29999998211860657, 2.7000000476837158 ], "texture": "#3" },
        "west":  { "uv": [ 0, 0, 0.29999998211860657, 2.7000000476837158 ], "texture": "#3" },
        "east":  { "uv": [ 0, 0, 0.29999998211860657, 2.7000000476837158 ], "texture": "#3" }
    }
},
{
    "from": [ 8.6, 0, 8.2 ],
    "to": [ 8.9, 2.7, 8.5 ],
    "faces": {
        "down":  { "uv": [ 0, 0, 0.3, 0.3 ], "texture": "#3" },
        "up":    { "uv": [ 0, 0, 0.29999998211860657, 0.29999998211860657 ], "texture": "#3" },
        "north": { "uv": [ 0, 0, 0.29999998211860657, 2.7000000476837158 ], "texture": "#3" },
        "south": { "uv": [ 0, 0, 0.29999998211860657, 2.7000000476837158 ], "texture": "#3" },
        "west":  { "uv": [ 0, 0, 0.29999998211860657, 2.7000000476837158 ], "texture": "#3" },
        "east":  { "uv": [ 0, 0, 0.29999998211860657, 2.7000000476837158 ], "texture": "#3" }
    }
},
{
    "from": [ 8.6, 0, 7.6 ],
    "to": [ 8.9, 2.7, 7.9 ],
    "faces": {
        "down":  { "uv": [ 0, 0, 0.3, 0.3 ], "texture": "#3" },
        "up":    { "uv": [ 0, 0, 0.29999998211860657, 0.29999998211860657 ], "texture": "#3" },
        "north": { "uv": [ 0, 0, 0.29999998211860657, 2.7000000476837158 ], "texture": "#3" },
        "south": { "uv": [ 0, 0, 0.29999998211860657, 2.7000000476837158 ], "texture": "#3" },
        "west":  { "uv": [ 0, 0, 0.29999998211860657, 2.7000000476837158 ], "texture": "#3" },
        "east":  { "uv": [ 0, 0, 0.29999998211860657, 2.7000000476837158 ], "texture": "#3" }
    }
},
{
    "from": [ 8.6, 0, 7.1 ],
    "to": [ 8.9, 2.7, 7.4 ],
    "faces": {
        "down":  { "uv": [ 0, 0, 0.3, 0.3 ], "texture": "#3" },
        "up":    { "uv": [ 0, 0, 0.29999998211860657, 0.29999998211860657 ], "texture": "#3" },
        "north": { "uv": [ 0, 0, 0.29999998211860657, 2.7000000476837158 ], "texture": "#3" },
        "south": { "uv": [ 0, 0, 0.29999998211860657, 2.7000000476837158 ], "texture": "#3" },
        "west":  { "uv": [ 0, 0, 0.29999998211860657, 2.7000000476837158 ], "texture": "#3" },
        "east":  { "uv": [ 0, 0, 0.29999998211860657, 2.7000000476837158 ], "texture": "#3" }
    }
},
{
    "from": [ 8.1, 0, 7.1 ],
    "to": [ 8.4, 2.7, 7.4 ],
    "faces": {
        "down":  { "uv": [ 0, 0, 0.3, 0.3 ], "texture": "#3" },
        "up":    { "uv": [ 0, 0, 0.29999998211860657, 0.29999998211860657 ], "texture": "#3" },
        "north": { "uv": [ 0, 0, 0.29999998211860657, 2.7000000476837158 ], "texture": "#3" },
        "south": { "uv": [ 0, 0, 0.29999998211860657, 2.7000000476837158 ], "texture": "#3" },
        "west":  { "uv": [ 0, 0, 0.29999998211860657, 2.7000000476837158 ], "texture": "#3" },
        "east":  { "uv": [ 0, 0, 0.29999998211860657, 2.7000000476837158 ], "texture": "#3" }
    }
},
{
    "from": [ 7.5, 0, 7.1 ],
    "to": [ 7.8, 2.7, 7.4 ],
    "faces": {
        "down":  { "uv": [ 0, 0, 0.3, 0.3 ], "texture": "#3" },
        "up":    { "uv": [ 0, 0, 0.29999998211860657, 0.29999998211860657 ], "texture": "#3" },
        "north": { "uv": [ 0, 0, 0.29999998211860657, 2.7000000476837158 ], "texture": "#3" },
        "south": { "uv": [ 0, 0, 0.29999998211860657, 2.7000000476837158 ], "texture": "#3" },
        "west":  { "uv": [ 0, 0, 0.29999998211860657, 2.7000000476837158 ], "texture": "#3" },
        "east":  { "uv": [ 0, 0, 0.29999998211860657, 2.7000000476837158 ], "texture": "#3" }
    }
},
{
    "from": [ 7.7, 5.6, 8.4 ],
    "to": [ 8.4, 6.3, 9.1 ],
    "faces": {
        "down":  { "uv": [ 0, 0, 0.7, 0.7 ], "texture": "#1" },
        "up":    { "uv": [ 0, 0, 0.69999998807907104, 0.69999998807907104 ], "texture": "#1" },
        "north": { "uv": [ 0, 0, 0.69999998807907104, 0.69999998807907104 ], "texture": "#1" },
        "south": { "uv": [ 0, 0, 0.69999998807907104, 0.69999998807907104 ], "texture": "#1" },
        "west":  { "uv": [ 0, 0, 0.69999998807907104, 0.69999998807907104 ], "texture": "#1" },
        "east":  { "uv": [ 0, 0, 0.69999998807907104, 0.69999998807907104 ], "texture": "#1" }
    }
},
{
    "from": [ 7.5, 6.7, 6.8 ],
    "to": [ 7.7, 7.5, 7.8 ],
    "faces": {
        "down":  { "uv": [ 0, 0, 0.2, 1 ], "texture": "#1" },
        "up":    { "uv": [ 0, 0, 0.19999998807907104, 1 ], "texture": "#1" },
        "north": { "uv": [ 0, 0, 0.19999998807907104, 0.80000001192092896 ], "texture": "#1" },
        "south": { "uv": [ 0, 0, 0.19999998807907104, 0.80000001192092896 ], "texture": "#1" },
        "west":  { "uv": [ 0, 0, 1, 0.80000001192092896 ], "texture": "#1" },
        "east":  { "uv": [ 0, 0, 1, 0.80000001192092896 ], "texture": "#1" }
    }
},
{
    "from": [ 8.3, 6.7, 6.8 ],
    "to": [ 8.5, 7.5, 7.8 ],
    "faces": {
        "down":  { "uv": [ 0, 0, 0.2, 1 ], "texture": "#1" },
        "up":    { "uv": [ 0, 0, 0.19999998807907104, 1 ], "texture": "#1" },
        "north": { "uv": [ 0, 0, 0.19999998807907104, 0.80000001192092896 ], "texture": "#1" },
        "south": { "uv": [ 0, 0, 0.19999998807907104, 0.80000001192092896 ], "texture": "#1" },
        "west":  { "uv": [ 0, 0, 1, 0.80000001192092896 ], "texture": "#1" },
        "east":  { "uv": [ 0, 0, 1, 0.80000001192092896 ], "texture": "#1" }
    }
},
{
    "from": [ 7.7, 5.7, 6.7 ],
    "to": [ 8.3, 6.3, 7.4 ],
    "faces": {
        "down":  { "uv": [ 0, 0, 0.6, 0.7 ], "texture": "#1" },
        "up":    { "uv": [ 0, 0, 0.59999996423721313, 0.69999998807907104 ], "texture": "#1" },
        "north": { "uv": [ 0, 0, 0.59999996423721313, 0.59999996423721313 ], "texture": "#1" },
        "south": { "uv": [ 0, 0, 0.59999996423721313, 0.59999996423721313 ], "texture": "#1" },
        "west":  { "uv": [ 0, 0, 0.69999998807907104, 0.59999996423721313 ], "texture": "#1" },
        "east":  { "uv": [ 0, 0, 0.69999998807907104, 0.59999996423721313 ], "texture": "#1" }
    }
},
{
    "from": [ 7.2, 6.8, 7.2 ],
    "to": [ 8.8, 8, 7.5 ],
    "faces": {
        "down":  { "uv": [ 7, 0, 8.6, 0.3 ], "texture": "#1" },
        "up":    { "uv": [ 7, 0, 8.6000003814697266, 0.29999998211860657 ], "texture": "#1" },
        "north": { "uv": [ 8, 0, 8.6000003814697266, 2.2000000476837158 ], "texture": "#1" },
        "south": { "uv": [ 8, 0, 9.6000003814697266, 1.2000000476837158 ], "texture": "#1" },
        "west":  { "uv": [ 7, 0, 7.3000001907348633, 1.2000000476837158 ], "texture": "#1" },
        "east":  { "uv": [ 7, 0, 7.3000001907348633, 1.2000000476837158 ], "texture": "#1" }
    }
},
{
    "from": [ 7.3, 6.7, 7.5 ],
    "to": [ 7.6, 7.7, 8.5 ],
    "faces": {
        "down":  { "uv": [ 0, 0, 0.3, 1 ], "texture": "#1" },
        "up":    { "uv": [ 0, 0, 0.29999998211860657, 1 ], "texture": "#1" },
        "north": { "uv": [ 0, 0, 0.29999998211860657, 1 ], "texture": "#1" },
        "south": { "uv": [ 0, 0, 0.29999998211860657, 1 ], "texture": "#1" },
        "west":  { "uv": [ 0, 0, 1, 1 ], "texture": "#1" },
        "east":  { "uv": [ 0, 0, 1, 1 ], "texture": "#1" }
    }
},
{
    "from": [ 8.4, 6.7, 7.5 ],
    "to": [ 8.7, 7.7, 8.5 ],
    "faces": {
        "down":  { "uv": [ 0, 0, 0.3, 1 ], "texture": "#1" },
        "up":    { "uv": [ 0, 0, 0.29999998211860657, 1 ], "texture": "#1" },
        "north": { "uv": [ 0, 0, 0.29999998211860657, 1 ], "texture": "#1" },
        "south": { "uv": [ 0, 0, 0.29999998211860657, 1 ], "texture": "#1" },
        "west":  { "uv": [ 0, 0, 1, 1 ], "texture": "#1" },
        "east":  { "uv": [ 0, 0, 1, 1 ], "texture": "#1" }
    }
},
{
    "from": [ 7.4, 6.6, 8.5 ],
    "to": [ 8.6, 7.6, 8.7 ],
    "faces": {
        "down":  { "uv": [ 0, 0, 1.2, 0.2 ], "texture": "#1" },
        "up":    { "uv": [ 0, 0, 1.2000000476837158, 0.19999998807907104 ], "texture": "#1" },
        "north": { "uv": [ 0, 0, 1.2000000476837158, 1 ], "texture": "#1" },
        "south": { "uv": [ 0, 0, 1.2000000476837158, 1 ], "texture": "#1" },
        "west":  { "uv": [ 0, 0, 0.19999998807907104, 1 ], "texture": "#1" },
        "east":  { "uv": [ 0, 0, -6.8000001907348633, 4 ], "texture": "#1" }
    }
}
],
"display": {
    "thirdperson": {
        "rotation": [ -91, 0, 0 ],
        "translation": [ 0, 1.1, -2.6 ],
        "scale": [ 1, 1, 1 ]
    },
    "ground": {
        "rotation": [ 28, 1, 0 ],
        "translation": [ 0, 0, 0 ],
        "scale": [ 1, 1, 1 ]
    },
    "firstperson": {
        "rotation": [ 0, 26, -9 ],
        "translation": [ 0, 1.8, 0 ],
        "scale": [ 0.88, 2.05, 1.35 ]
    },
    "gui": {
        "rotation": [ 13, -6, 61 ],
        "translation": [ -0.5, -3.3, 2.1 ],
        "scale": [ 1, 1.17, 1 ]
    }
}
}
