{
    "parent": "item/handheld",
    "textures": {
        "layer0": "items/diamond_hoe"
    },
"overrides":[
{ "predicate": { "damaged": 1, "damage": 0.00064061499}, "model":"item/crown"},
{ "predicate": { "damaged": 1, "damage": 0.00128122998}, "model":"item/tiara"},
{ "predicate": { "damaged": 1, "damage": 0.00192184500}, "model":"item/seasonalhats/seasonal_hat1"},
{ "predicate": { "damaged": 1, "damage": 0.00256245996}, "model":"item/seasonalhats/seasonal_hat2"},
{ "predicate": { "damaged": 1, "damage": 0.00320307495}, "model":"item/seasonalhats/seasonal_hat3"},
{ "predicate": { "damaged": 1, "damage": 0.00384368994}, "model":"item/seasonalhats/seasonal_hat4"},
{ "predicate": { "damaged": 1, "damage": 0.004484304933}, "model":"item/cake"},
{ "predicate": { "damaged": 1, "damage": 0.005124919923}, "model":"item/anicrown"},
{ "predicate": { "damaged": 1, "damage": 0.005765534914}, "model":"item/hats/rainbow_ears_v2"},
{ "predicate": { "damaged": 1, "damage": 0.006406149903}, "model":"item/hats/mickey_ears"},
{ "predicate": { "damaged": 1, "damage": 0.007046764894}, "model":"item/hats/minnie_ears"},
{ "predicate": { "damaged": 1, "damage": 0.007687379884}, "model":"item/hats/buzz"},
{ "predicate": { "damaged": 1, "damage": 0.008327994875}, "model":"item/hats/woody_ears"},
{ "predicate": { "damaged": 1, "damage": 0.008968609865}, "model":"item/hats/rainbow_ears"},
{ "predicate": { "damaged": 1, "damage": 0.009609224855}, "model":"item/hats/woody"},
{ "predicate": { "damaged": 1, "damage": 0.010249839846}, "model":"item/hats/mickey_wand"},
{ "predicate": { "damaged": 1, "damage": 0.010890454836}, "model":"item/hats/stitch_hat"},
{ "predicate": { "damaged": 1, "damage": 0.011531069830}, "model":"item/handitems/prideflag"},
{ "predicate": { "damaged": 1, "damage": 0.012171684820}, "model":"item/hats/mickey_ears_hat"},
{ "predicate": { "damaged": 1, "damage": 0.012804097311}, "model":"item/handitems/transflag"},
{ "predicate": { "damaged": 1, "damage": 0.013444302}, "model":"item/hats/goofy"}
]
}
