{
	"__comment": "Designed by Kodak_kev with Cubik Studio - https://cubik.studio",
	"textures": {
		"particle": "blocks/e_particle",
		"texture": "blocks/wool_colored_orange",
		"texture1": "blocks/wool_colored_black",
		"texture2": "custom/jackolantern",
		"texture3": "blocks/hardened_clay_stained_green",
		"texture4": "blocks/red_sand"
	},
	"elements": [ 	 
		{
			"__comment": "Box1",
			"from": [ 8, 0, 8 ],
			"to": [ 9, 7, 9 ],
			"faces": {
				"down": { "uv": [ 8, 7, 9, 8 ], "texture": "#texture4" },
				"up": { "uv": [ 8, 8, 9, 9 ], "texture": "#texture4" },
				"north": { "uv": [ 7, 9, 8, 16 ], "texture": "#texture4" },
				"south": { "uv": [ 8, 9, 9, 16 ], "texture": "#texture4" },
				"west": { "uv": [ 8, 9, 9, 16 ], "texture": "#texture4" },
				"east": { "uv": [ 7, 9, 8, 16 ], "texture": "#texture4" }
			}
		},
		{
			"__comment": "Box2",
			"from": [ 7.5, 8.625, 7.5 ],
			"to": [ 9.5, 9.125, 9.5 ],
			"faces": {
				"down": { "uv": [ 7.5, 6.5, 9.5, 8.5 ], "texture": "#texture1" },
				"up": { "uv": [ 7.5, 7.5, 9.5, 9.5 ], "texture": "#texture1" },
				"north": { "uv": [ 6.5, 6.875, 8.5, 7.375 ], "texture": "#texture1" },
				"south": { "uv": [ 7.5, 6.875, 9.5, 7.375 ], "texture": "#texture1" },
				"west": { "uv": [ 7.5, 6.875, 9.5, 7.375 ], "texture": "#texture1" },
				"east": { "uv": [ 6.5, 6.875, 8.5, 7.375 ], "texture": "#texture1" }
			}
		},
		{
			"__comment": "Box2",
			"from": [ 7.75, 6.5, 7.75 ],
			"to": [ 9.25, 9, 9.25 ],
			"faces": {
				"down": { "uv": [ 7.75, 6.75, 9.25, 8.25 ], "texture": "#texture4" },
				"up": { "uv": [ 7.75, 7.75, 9.25, 9.25 ], "texture": "#texture4" },
				"north": { "uv": [ 6.75, 7, 8.25, 9.5 ], "texture": "#texture4" },
				"south": { "uv": [ 7.75, 7, 9.25, 9.5 ], "texture": "#texture4" },
				"west": { "uv": [ 7.75, 7, 9.25, 9.5 ], "texture": "#texture4" },
				"east": { "uv": [ 6.75, 7, 8.25, 9.5 ], "texture": "#texture4" }
			}
		},
		{
			"__comment": "Box4",
			"from": [ 7, 12, 7 ],
			"to": [ 10, 13, 10 ],
			"faces": {
				"down": { "uv": [ 7, 6, 10, 9 ], "texture": "#texture" },
				"up": { "uv": [ 7, 7, 10, 10 ], "texture": "#texture" },
				"north": { "uv": [ 6, 3, 9, 4 ], "texture": "#texture" },
				"south": { "uv": [ 7, 3, 10, 4 ], "texture": "#texture" },
				"west": { "uv": [ 7, 3, 10, 4 ], "texture": "#texture" },
				"east": { "uv": [ 6, 3, 9, 4 ], "texture": "#texture" }
			}
		},
		{
			"__comment": "Box5",
			"from": [ 6.5, 9.5, 6.75 ],
			"to": [ 10.5, 12.5, 10.25 ],
			"faces": {
				"down": { "uv": [ 6.5, 5.75, 10.5, 9.25 ], "texture": "#texture" },
				"up": { "uv": [ 6.5, 6.75, 10.5, 10.25 ], "texture": "#texture" },
				"north": { "uv": [ 5.5, 3.5, 9.5, 6.5 ], "texture": "#texture" },
				"south": { "uv": [ 6.5, 3.5, 10.5, 6.5 ], "texture": "#texture" },
				"west": { "uv": [ 6.75, 3.5, 10.25, 6.5 ], "texture": "#texture" },
				"east": { "uv": [ 5.75, 3.5, 9.25, 6.5 ], "texture": "#texture" }
			}
		},
		{
			"__comment": "Box4",
			"from": [ 7, 9, 7 ],
			"to": [ 10, 10, 10 ],
			"faces": {
				"down": { "uv": [ 7, 6, 10, 9 ], "texture": "#texture" },
				"up": { "uv": [ 7, 7, 10, 10 ], "texture": "#texture" },
				"north": { "uv": [ 6, 6, 9, 7 ], "texture": "#texture" },
				"south": { "uv": [ 7, 6, 10, 7 ], "texture": "#texture" },
				"west": { "uv": [ 7, 6, 10, 7 ], "texture": "#texture" },
				"east": { "uv": [ 6, 6, 9, 7 ], "texture": "#texture" }
			}
		},
		{
			"__comment": "Box7",
			"from": [ 9.5, 11.5, 8.25 ],
			"to": [ 11.5, 13.5, 8.75 ],
			"faces": {
				"down": { "uv": [ 9.5, 7.25, 11.5, 7.75 ], "texture": "#texture1" },
				"up": { "uv": [ 9.5, 8.25, 11.5, 8.75 ], "texture": "#texture1" },
				"north": { "uv": [ 4.5, 2.5, 6.5, 4.5 ], "texture": "#texture1" },
				"south": { "uv": [ 9.5, 2.5, 11.5, 4.5 ], "texture": "#texture1" },
				"west": { "uv": [ 8.25, 2.5, 8.75, 4.5 ], "texture": "#texture1" },
				"east": { "uv": [ 7.25, 2.5, 7.75, 4.5 ], "texture": "#texture1" }
			}
		},
		{
			"__comment": "Box7",
			"from": [ 5.5, 11.5, 8.25 ],
			"to": [ 7.5, 13.5, 8.75 ],
			"faces": {
				"down": { "uv": [ 5.5, 7.25, 7.5, 7.75 ], "texture": "#texture1" },
				"up": { "uv": [ 5.5, 8.25, 7.5, 8.75 ], "texture": "#texture1" },
				"north": { "uv": [ 8.5, 2.5, 10.5, 4.5 ], "texture": "#texture1" },
				"south": { "uv": [ 5.5, 2.5, 7.5, 4.5 ], "texture": "#texture1" },
				"west": { "uv": [ 8.25, 2.5, 8.75, 4.5 ], "texture": "#texture1" },
				"east": { "uv": [ 7.25, 2.5, 7.75, 4.5 ], "texture": "#texture1" }
			}
		},
		{
			"__comment": "Box9",
			"from": [ 7.75, -0.125, 7.75 ],
			"to": [ 9.25, 0.875, 9.25 ],
			"faces": {
				"down": { "uv": [ 7.75, 6.75, 9.25, 8.25 ], "texture": "#texture1" },
				"up": { "uv": [ 7.75, 7.75, 9.25, 9.25 ], "texture": "#texture1" },
				"north": { "uv": [ 6.75, 15.125, 8.25, 16 ], "texture": "#texture1" },
				"south": { "uv": [ 7.75, 15.125, 9.25, 16 ], "texture": "#texture1" },
				"west": { "uv": [ 7.75, 15.125, 9.25, 16 ], "texture": "#texture1" },
				"east": { "uv": [ 6.75, 15.125, 8.25, 16 ], "texture": "#texture1" }
			}
		},
		{
			"__comment": "Box10",
			"from": [ 7, 9.625, 9.375 ],
			"to": [ 10, 12.125, 10.375 ],
			"faces": {
				"down": { "uv": [ 1.5, 0, 14, 14 ], "texture": "#texture2" },
				"up": { "uv": [ 0, 0, 16, 16 ], "texture": "#texture2" },
				"north": { "uv": [ 4, 5, 12, 12.5 ], "texture": "#texture2" },
				"south": { "uv": [ 4, 5, 12, 12.5 ], "texture": "#texture2" },
				"west": { "uv": [ 0, 0, 16, 16 ], "texture": "#texture2" },
				"east": { "uv": [ 0, 0, 16, 16 ], "texture": "#texture2" }
			}
		},
		{
			"__comment": "Box10",
			"from": [ 7, 9.625, 6.625 ],
			"to": [ 10, 12.125, 7.625 ],
			"faces": {
				"down": { "uv": [ 1.5, 0, 14, 14 ], "texture": "#texture2" },
				"up": { "uv": [ 0, 0, 16, 16 ], "texture": "#texture2" },
				"north": { "uv": [ 4, 5, 12, 12.5 ], "texture": "#texture2" },
				"south": { "uv": [ 0, 0, 16, 16 ], "texture": "#texture2" },
				"west": { "uv": [ 0, 0, 16, 16 ], "texture": "#texture2" },
				"east": { "uv": [ 0, 0, 16, 16 ], "texture": "#texture2" }
			}
		},
		{
			"__comment": "Box13",
			"from": [ 8.25, 7.375, 7.5 ],
			"to": [ 8.75, 7.875, 9.5 ],
			"faces": {
				"down": { "uv": [ 8.25, 6.5, 8.75, 8.5 ], "texture": "#texture1" },
				"up": { "uv": [ 8.25, 7.5, 8.75, 9.5 ], "texture": "#texture1" },
				"north": { "uv": [ 7.25, 8.125, 7.75, 8.625 ], "texture": "#texture1" },
				"south": { "uv": [ 8.25, 8.125, 8.75, 8.625 ], "texture": "#texture1" },
				"west": { "uv": [ 7.5, 8.125, 9.5, 8.625 ], "texture": "#texture1" },
				"east": { "uv": [ 6.5, 8.125, 8.5, 8.625 ], "texture": "#texture1" }
			}
		},
		{
			"__comment": "Box14",
			"from": [ 8.875, 13.375, 8.375 ],
			"to": [ 9.275, 13.675, 8.675 ],
			"rotation": { "origin": [ 8.875, 13.375, 8.375 ], "axis": "z", "angle": 22.5 },
			"faces": {
				"down": { "uv": [ 8.25, 7, 8.75, 8 ], "texture": "#texture3" },
				"up": { "uv": [ 8.25, 8, 8.75, 9 ], "texture": "#texture3" },
				"north": { "uv": [ 7.25, 2.25, 7.75, 3.25 ], "texture": "#texture3" },
				"south": { "uv": [ 8.25, 2.25, 8.75, 3.25 ], "texture": "#texture3" },
				"west": { "uv": [ 8, 2.25, 9, 3.25 ], "texture": "#texture3" },
				"east": { "uv": [ 7, 2.25, 8, 3.25 ], "texture": "#texture3" }
			}
		},
		{
			"__comment": "Box14",
			"from": [ 8, 12.25, 8 ],
			"to": [ 9, 13.25, 9 ],
			"faces": {
				"down": { "uv": [ 8, 7, 9, 8 ], "texture": "#texture3" },
				"up": { "uv": [ 8, 8, 9, 9 ], "texture": "#texture3" },
				"north": { "uv": [ 7, 2.75, 8, 3.75 ], "texture": "#texture3" },
				"south": { "uv": [ 8, 2.75, 9, 3.75 ], "texture": "#texture3" },
				"west": { "uv": [ 8, 2.75, 9, 3.75 ], "texture": "#texture3" },
				"east": { "uv": [ 7, 2.75, 8, 3.75 ], "texture": "#texture3" }
			}
		},
		{
			"__comment": "Box14",
			"from": [ 8, 13.125, 8.125 ],
			"to": [ 8.3, 13.425, 8.925 ],
			"rotation": { "origin": [ 8, 13.125, 8.125 ], "axis": "z", "angle": -22.5 },
			"faces": {
				"down": { "uv": [ 8.25, 7, 8.75, 8 ], "texture": "#texture3" },
				"up": { "uv": [ 8.25, 8, 8.75, 9 ], "texture": "#texture3" },
				"north": { "uv": [ 7.25, 2.25, 7.75, 3.25 ], "texture": "#texture3" },
				"south": { "uv": [ 8.25, 2.25, 8.75, 3.25 ], "texture": "#texture3" },
				"west": { "uv": [ 8, 2.25, 9, 3.25 ], "texture": "#texture3" },
				"east": { "uv": [ 7, 2.25, 8, 3.25 ], "texture": "#texture3" }
			}
		},
		{
			"__comment": "Box14",
			"from": [ 8.125, 13.375, 8.125 ],
			"to": [ 8.825, 13.875, 8.925 ],
			"rotation": { "origin": [ 8.125, 13.375, 8.125 ], "axis": "z", "angle": -45 },
			"faces": {
				"down": { "uv": [ 8.25, 7, 8.75, 8 ], "texture": "#texture3" },
				"up": { "uv": [ 8.25, 8, 8.75, 9 ], "texture": "#texture3" },
				"north": { "uv": [ 7.25, 2.25, 7.75, 3.25 ], "texture": "#texture3" },
				"south": { "uv": [ 8.25, 2.25, 8.75, 3.25 ], "texture": "#texture3" },
				"west": { "uv": [ 8, 2.25, 9, 3.25 ], "texture": "#texture3" },
				"east": { "uv": [ 7, 2.25, 8, 3.25 ], "texture": "#texture3" }
			}
		},
		{
			"__comment": "Box14",
			"from": [ 8.375, 13.5, 8.25 ],
			"to": [ 8.875, 14, 8.75 ],
			"rotation": { "origin": [ 8.375, 13.5, 8.25 ], "axis": "z", "angle": -45 },
			"faces": {
				"down": { "uv": [ 8.25, 7, 8.75, 8 ], "texture": "#texture3" },
				"up": { "uv": [ 8.25, 8, 8.75, 9 ], "texture": "#texture3" },
				"north": { "uv": [ 7.25, 2.25, 7.75, 3.25 ], "texture": "#texture3" },
				"south": { "uv": [ 8.25, 2.25, 8.75, 3.25 ], "texture": "#texture3" },
				"west": { "uv": [ 8, 2.25, 9, 3.25 ], "texture": "#texture3" },
				"east": { "uv": [ 7, 2.25, 8, 3.25 ], "texture": "#texture3" }
			}
		}
	],
	"display": {
		"thirdperson_righthand": {
			"rotation":  [ 11, -25, 0 ],
			"translation":  [ 0.6956, 2.7826, 1.1913 ]
		},
		"thirdperson_lefthand": {
			"rotation":  [ 11, -25, 0 ],
			"translation":  [ 0.6956, 2.7826, 1.1913 ]
		},
		"firstperson_righthand": {
			"rotation":  [ -13, 99, -3 ],
			"translation":  [ 0, 1.3913, 0 ]
		},
		"firstperson_lefthand": {
			"rotation":  [ -13, 99, -3 ],
			"translation":  [ 0, 1.3913, 0 ]
		},
		"gui": {
			"translation":  [ -0.695, 1.3913, 0 ],
			"scale":  [ 1.3478, 1.2781, 1.4521 ]
		},
		"head": {
			"rotation":  [ -53, 0, 0 ],
			"translation":  [ 9.0434, -21.54, -8.342 ],
			"scale":  [ 1.4955, 1.426, 1.4869 ]
		},
		"ground": {
			"translation":  [ 0, 9.7391, 0 ]
		}
	}
}