{
    "parent": "item/generated",
    "textures": {
        "layer0": "items/shears"
    },"overrides":[
      { "predicate": { "damaged": 1, "damage": 0.004201680672}, "model": "item/rides/horses"},
      { "predicate": { "damaged": 1, "damage": 0.008403361345}, "model": "item/rides/horses_pole"},
      { "predicate": { "damaged": 1, "damage": 0.01260504202}, "model": "item/rides/tea_cup_1"},
      { "predicate": { "damaged": 1, "damage": 0.01680672269}, "model": "item/rides/tea_cup_2"},
      { "predicate": { "damaged": 1, "damage": 0.02100840336}, "model": "item/rides/tea_cup_3"},
      { "predicate": { "damaged": 1, "damage": 0.02521008403}, "model": "item/rides/tea_cup_4"},
      { "predicate": { "damaged": 1, "damage": 0.02941176471}, "model": "item/rides/tea_cup_5"},
      { "predicate": { "damaged": 1, "damage": 0.03361344538}, "model": "item/rides/tea_cup_6"},
      { "predicate": { "damaged": 1, "damage": 0.03781512605}, "model": "item/rides/astro_orbiter"},
      { "predicate": { "damaged": 1, "damage": 0.04201680672}, "model": "item/rides/astro_orbiterpole"},
      { "predicate": { "damaged": 1, "damage": 0.04621848739}, "model": "item/rides/iasw_boat"},
      { "predicate": { "damaged": 1, "damage": 0.05042016807}, "model": "item/rides/sdmt1" },
      { "predicate": { "damaged": 1, "damage": 0.05462184874}, "model": "item/rides/sdmt2" },
      { "predicate": { "damaged": 1, "damage": 0.05882352941}, "model": "item/rides/tot" },
      { "predicate": { "damaged": 1, "damage": 0.06302521008}, "model": "item/rides/wtp" },
      { "predicate": { "damaged": 1, "damage": 0.06722689075}, "model": "item/rides/tlspeed1" },
      { "predicate": { "damaged": 1, "damage": 0.07142857142}, "model": "item/rides/tlspeed2" },
      { "predicate": { "damaged": 1, "damage": 0.07563025210}, "model": "item/rides/tlspeed3" },
      { "predicate": { "damaged": 1, "damage": 0.07983193277}, "model": "item/rides/tlspeed4" },
      { "predicate": { "damaged": 1, "damage": 0.08403361345}, "model": "item/rides/jotlm" },
      { "predicate": { "damaged": 1, "damage": 0.08823529412}, "model": "item/rides/tta" },
      { "predicate": { "damaged": 1, "damage": 0.09243697479}, "model": "item/rides/ppf" },
      { "predicate": { "damaged": 1, "damage": 0.09663865546}, "model": "item/rides/barnstormer1" },
      { "predicate": { "damaged": 1, "damage": 0.10084033610}, "model": "item/rides/barnstormer2" },
      { "predicate": { "damaged": 1, "damage": 0.10504201680}, "model": "item/rides/barnstormer3" },
      { "predicate": { "damaged": 1, "damage": 0.10924369747}, "model": "item/rides/sdd_front" },
      { "predicate": { "damaged": 1, "damage": 0.11344537815}, "model": "item/rides/sdd_middle" },
      { "predicate": { "damaged": 1, "damage": 0.11764705882}, "model": "item/rides/sdd_back" },
      { "predicate": { "damaged": 1, "damage": 0.12184873949}, "model": "item/rides/btm_front" },
      { "predicate": { "damaged": 1, "damage": 0.12605042016}, "model": "item/rides/btm_cart" },
      { "predicate": { "damaged": 1, "damage": 0.13025210084}, "model": "item/rides/sm_cart" },
      { "predicate": { "damaged": 1, "damage": 0.13445378151}, "model": "item/rides/buzz" },
      { "predicate": { "damaged": 1, "damage": 0.13865546218}, "model": "item/rides/woody" },
      { "predicate": { "damaged": 1, "damage": 0.14285714285}, "model": "item/rides/alien_saucer" },
      { "predicate": { "damaged": 1, "damage": 0.14705882352}, "model": "item/rides/alien_saucer_cart" },
      { "predicate": { "damaged": 1, "damage": 0.15126050420}, "model": "item/rides/tsm" },
      { "predicate": { "damaged": 1, "damage": 0.15546218487395 }, "model": "item/rides/bus" },
      { "predicate": { "damaged": 0, "damage": 0.159663865546218 }, "model": "item/rides/peterpan" },
  		{ "predicate": { "damaged": 0, "damage": 0.163865546218487 }, "model": "item/rides/splashmountain" },
      { "predicate": { "damaged": 1, "damage": 0.168067226890756}, "model": "item/rides/bench" }
    ]
}
