{
	"__comment": "Designed by Kodak_kev with Cubik Studio - https://cubik.studio",
	"textures": {
		"particle": "blocks/e_particle",
		"texture": "blocks/hardened_clay_stained_yellow",
		"texture2": "blocks/crown",
		"texture1": "blocks/sand"
	},
	"elements": [
		{
			"__comment": "Cube1",
			"from": [ 2.5, 0, 1.5 ],
			"to": [ 12.5, 0.5, 2 ],
			"faces": {
				"down": { "uv": [ 2.5, 13.5, 12.5, 14.5 ], "texture": "#texture1" },
				"up": { "uv": [ 2.5, 1.5, 12.5, 2.5 ], "texture": "#texture1" },
				"north": { "uv": [ 3.5, 15, 13.5, 16 ], "texture": "#texture1" },
				"south": { "uv": [ 2.5, 15, 12.5, 16 ], "texture": "#texture1" },
				"west": { "uv": [ 1.5, 15, 2.5, 16 ], "texture": "#texture1" },
				"east": { "uv": [ 13.5, 15, 14.5, 16 ], "texture": "#texture1" }
			}
		},
		{
			"__comment": "Cube1",
			"from": [ 2.5, 0, 13 ],
			"to": [ 12.5, 0.5, 13.5 ],
			"faces": {
				"down": { "uv": [ 2.5, 2.5, 12.5, 3.5 ], "texture": "#texture1" },
				"up": { "uv": [ 2.5, 12.5, 12.5, 13.5 ], "texture": "#texture1" },
				"north": { "uv": [ 3.5, 15, 13.5, 16 ], "texture": "#texture1" },
				"south": { "uv": [ 2.5, 15, 12.5, 16 ], "texture": "#texture1" },
				"west": { "uv": [ 12.5, 15, 13.5, 16 ], "texture": "#texture1" },
				"east": { "uv": [ 2.5, 15, 3.5, 16 ], "texture": "#texture1" }
			}
		},
		{
			"__comment": "Cube1",
			"from": [ 12.5, 0, 2.5 ],
			"to": [ 13, 0.5, 13 ],
			"faces": {
				"down": { "uv": [ 12.5, 3.5, 13.5, 13.5 ], "texture": "#texture1" },
				"up": { "uv": [ 12.5, 2.5, 13.5, 12.5 ], "texture": "#texture1" },
				"north": { "uv": [ 2.5, 15, 3.5, 16 ], "texture": "#texture1" },
				"south": { "uv": [ 12.5, 15, 13.5, 16 ], "texture": "#texture1" },
				"west": { "uv": [ 2.5, 15, 12.5, 16 ], "texture": "#texture1" },
				"east": { "uv": [ 3.5, 15, 13.5, 16 ], "texture": "#texture1" }
			}
		},
		{
			"__comment": "Cube1",
			"from": [ 12, 0, 2 ],
			"to": [ 13, 0.5, 2.5 ],
			"faces": {
				"down": { "uv": [ 12, 13, 13, 14 ], "texture": "#texture1" },
				"up": { "uv": [ 12, 2, 13, 3 ], "texture": "#texture1" },
				"north": { "uv": [ 3, 15, 4, 16 ], "texture": "#texture1" },
				"south": { "uv": [ 12, 15, 13, 16 ], "texture": "#texture1" },
				"west": { "uv": [ 2, 15, 3, 16 ], "texture": "#texture1" },
				"east": { "uv": [ 13, 15, 14, 16 ], "texture": "#texture1" }
			}
		},
		{
			"__comment": "Cube1",
			"from": [ 12, 0, 12.5 ],
			"to": [ 12.5, 0.5, 13.5 ],
			"faces": {
				"down": { "uv": [ 12, 3, 13, 4 ], "texture": "#texture1" },
				"up": { "uv": [ 12, 12, 13, 13 ], "texture": "#texture1" },
				"north": { "uv": [ 3, 15, 4, 16 ], "texture": "#texture1" },
				"south": { "uv": [ 12, 15, 13, 16 ], "texture": "#texture1" },
				"west": { "uv": [ 12, 15, 13, 16 ], "texture": "#texture1" },
				"east": { "uv": [ 3, 15, 4, 16 ], "texture": "#texture1" }
			}
		},
		{
			"__comment": "Box31",
			"from": [ 12.5, 1, 9.875 ],
			"to": [ 13, 2, 10.375 ],
			"rotation": { "origin": [ 12.5, 1, 9.875 ], "axis": "x", "angle": 22.5 },
			"faces": {
				"down": { "uv": [ 12.5, 6, 13, 7 ], "texture": "#texture" },
				"up": { "uv": [ 12.5, 9, 13, 10 ], "texture": "#texture" },
				"north": { "uv": [ 3, 15, 3.5, 15.5 ], "texture": "#texture" },
				"south": { "uv": [ 12.5, 15, 13, 15.5 ], "texture": "#texture" },
				"west": { "uv": [ 9, 15, 10, 15.5 ], "texture": "#texture" },
				"east": { "uv": [ 6, 15, 7, 15.5 ], "texture": "#texture" }
			}
		},
		{
			"__comment": "Box31",
			"from": [ 12.5, 0.5, 5.5 ],
			"to": [ 13, 1, 6.5 ],
			"faces": {
				"down": { "uv": [ 12.5, 9.5, 13, 10.5 ], "texture": "#texture" },
				"up": { "uv": [ 12.5, 5.5, 13, 6.5 ], "texture": "#texture" },
				"north": { "uv": [ 3, 15, 3.5, 15.5 ], "texture": "#texture" },
				"south": { "uv": [ 12.5, 15, 13, 15.5 ], "texture": "#texture" },
				"west": { "uv": [ 5.5, 15, 6.5, 15.5 ], "texture": "#texture" },
				"east": { "uv": [ 9.5, 15, 10.5, 15.5 ], "texture": "#texture" }
			}
		},
		{
			"__comment": "Box31",
			"from": [ 12.5, 2.875, 9.75 ],
			"to": [ 13, 3.875, 10.25 ],
			"rotation": { "origin": [ 12.5, 2.875, 9.75 ], "axis": "x", "angle": -45 },
			"faces": {
				"down": { "uv": [ 12.5, 10, 13, 11 ], "texture": "#texture" },
				"up": { "uv": [ 12.5, 5, 13, 6 ], "texture": "#texture" },
				"north": { "uv": [ 3, 14.5, 3.5, 15 ], "texture": "#texture" },
				"south": { "uv": [ 12.5, 14.5, 13, 15 ], "texture": "#texture" },
				"west": { "uv": [ 5, 14.5, 6, 15 ], "texture": "#texture" },
				"east": { "uv": [ 10, 14.5, 11, 15 ], "texture": "#texture" }
			}
		},
		{
			"__comment": "Box31",
			"from": [ 12.5, 0.5, 8.5 ],
			"to": [ 13, 1, 9.5 ],
			"faces": {
				"down": { "uv": [ 12.5, 6.5, 13, 7.5 ], "texture": "#texture" },
				"up": { "uv": [ 12.5, 8.5, 13, 9.5 ], "texture": "#texture" },
				"north": { "uv": [ 3, 15, 3.5, 15.5 ], "texture": "#texture" },
				"south": { "uv": [ 12.5, 15, 13, 15.5 ], "texture": "#texture" },
				"west": { "uv": [ 8.5, 15, 9.5, 15.5 ], "texture": "#texture" },
				"east": { "uv": [ 6.5, 15, 7.5, 15.5 ], "texture": "#texture" }
			}
		},
		{
			"__comment": "Box31",
			"from": [ 12.5, 0.875, 4.625 ],
			"to": [ 13, 1.375, 5.625 ],
			"rotation": { "origin": [ 12.5, 0.875, 4.625 ], "axis": "x", "angle": 22.5 },
			"faces": {
				"down": { "uv": [ 12.5, 10, 13, 11 ], "texture": "#texture" },
				"up": { "uv": [ 12.5, 5, 13, 6 ], "texture": "#texture" },
				"north": { "uv": [ 3, 14.5, 3.5, 15 ], "texture": "#texture" },
				"south": { "uv": [ 12.5, 14.5, 13, 15 ], "texture": "#texture" },
				"west": { "uv": [ 5, 14.5, 6, 15 ], "texture": "#texture" },
				"east": { "uv": [ 10, 14.5, 11, 15 ], "texture": "#texture" }
			}
		},
		{
			"__comment": "Box31",
			"from": [ 12.5, 0.5, 9.5 ],
			"to": [ 13, 1, 10.5 ],
			"rotation": { "origin": [ 12.5, 0.5, 9.5 ], "axis": "x", "angle": -22.5 },
			"faces": {
				"down": { "uv": [ 12.5, 6, 13, 7 ], "texture": "#texture" },
				"up": { "uv": [ 12.5, 9, 13, 10 ], "texture": "#texture" },
				"north": { "uv": [ 3, 15, 3.5, 15.5 ], "texture": "#texture" },
				"south": { "uv": [ 12.5, 15, 13, 15.5 ], "texture": "#texture" },
				"west": { "uv": [ 9, 15, 10, 15.5 ], "texture": "#texture" },
				"east": { "uv": [ 6, 15, 7, 15.5 ], "texture": "#texture" }
			}
		},
		{
			"__comment": "Box31",
			"from": [ 12.5, 0.875, 4.625 ],
			"to": [ 13, 1.875, 5.125 ],
			"rotation": { "origin": [ 12.5, 0.875, 4.625 ], "axis": "x", "angle": -22.5 },
			"faces": {
				"down": { "uv": [ 12.5, 10, 13, 11 ], "texture": "#texture" },
				"up": { "uv": [ 12.5, 5, 13, 6 ], "texture": "#texture" },
				"north": { "uv": [ 3, 14.5, 3.5, 15 ], "texture": "#texture" },
				"south": { "uv": [ 12.5, 14.5, 13, 15 ], "texture": "#texture" },
				"west": { "uv": [ 5, 14.5, 6, 15 ], "texture": "#texture" },
				"east": { "uv": [ 10, 14.5, 11, 15 ], "texture": "#texture" }
			}
		},
		{
			"__comment": "Box31",
			"from": [ 12.5, 1.875, 10.625 ],
			"to": [ 13, 2.375, 11.625 ],
			"rotation": { "origin": [ 12.5, 1.875, 10.625 ], "axis": "x", "angle": -22.5 },
			"faces": {
				"down": { "uv": [ 12.5, 10, 13, 11 ], "texture": "#texture" },
				"up": { "uv": [ 12.5, 5, 13, 6 ], "texture": "#texture" },
				"north": { "uv": [ 3, 14.5, 3.5, 15 ], "texture": "#texture" },
				"south": { "uv": [ 12.5, 14.5, 13, 15 ], "texture": "#texture" },
				"west": { "uv": [ 5, 14.5, 6, 15 ], "texture": "#texture" },
				"east": { "uv": [ 10, 14.5, 11, 15 ], "texture": "#texture" }
			}
		},
		{
			"__comment": "Box31",
			"from": [ 12.5, 1.625, 10.25 ],
			"to": [ 13, 2.625, 10.75 ],
			"faces": {
				"down": { "uv": [ 12.5, 10, 13, 11 ], "texture": "#texture" },
				"up": { "uv": [ 12.5, 5, 13, 6 ], "texture": "#texture" },
				"north": { "uv": [ 3, 14.5, 3.5, 15 ], "texture": "#texture" },
				"south": { "uv": [ 12.5, 14.5, 13, 15 ], "texture": "#texture" },
				"west": { "uv": [ 5, 14.5, 6, 15 ], "texture": "#texture" },
				"east": { "uv": [ 10, 14.5, 11, 15 ], "texture": "#texture" }
			}
		},
		{
			"__comment": "Box31",
			"from": [ 12.5, 2.625, 4.25 ],
			"to": [ 13, 3.625, 4.75 ],
			"rotation": { "origin": [ 12.5, 2.625, 4.25 ], "axis": "x", "angle": 45 },
			"faces": {
				"down": { "uv": [ 12.5, 10, 13, 11 ], "texture": "#texture" },
				"up": { "uv": [ 12.5, 5, 13, 6 ], "texture": "#texture" },
				"north": { "uv": [ 3, 14.5, 3.5, 15 ], "texture": "#texture" },
				"south": { "uv": [ 12.5, 14.5, 13, 15 ], "texture": "#texture" },
				"west": { "uv": [ 5, 14.5, 6, 15 ], "texture": "#texture" },
				"east": { "uv": [ 10, 14.5, 11, 15 ], "texture": "#texture" }
			}
		},
		{
			"__comment": "Box31",
			"from": [ 12.5, 2.25, 10.375 ],
			"to": [ 13, 3.25, 10.875 ],
			"rotation": { "origin": [ 12.5, 2.25, 10.375 ], "axis": "x", "angle": -45 },
			"faces": {
				"down": { "uv": [ 12.5, 10, 13, 11 ], "texture": "#texture" },
				"up": { "uv": [ 12.5, 5, 13, 6 ], "texture": "#texture" },
				"north": { "uv": [ 3, 14.5, 3.5, 15 ], "texture": "#texture" },
				"south": { "uv": [ 12.5, 14.5, 13, 15 ], "texture": "#texture" },
				"west": { "uv": [ 5, 14.5, 6, 15 ], "texture": "#texture" },
				"east": { "uv": [ 10, 14.5, 11, 15 ], "texture": "#texture" }
			}
		},
		{
			"__comment": "Box31",
			"from": [ 12.5, 3.1851, 7.8999 ],
			"to": [ 13, 3.6851, 8.8999 ],
			"rotation": { "origin": [ 12.5, 3.125, 7.875 ], "axis": "x", "angle": -22.5 },
			"faces": {
				"down": { "uv": [ 12.5, 10, 13, 11 ], "texture": "#texture" },
				"up": { "uv": [ 12.5, 5, 13, 6 ], "texture": "#texture" },
				"north": { "uv": [ 3, 14.5, 3.5, 15 ], "texture": "#texture" },
				"south": { "uv": [ 12.5, 14.5, 13, 15 ], "texture": "#texture" },
				"west": { "uv": [ 5, 14.5, 6, 15 ], "texture": "#texture" },
				"east": { "uv": [ 10, 14.5, 11, 15 ], "texture": "#texture" }
			}
		},
		{
			"__comment": "Box31",
			"from": [ 12.5, 2.875, 5.25 ],
			"to": [ 13, 3.375, 6.25 ],
			"rotation": { "origin": [ 12.5, 2.875, 5.25 ], "axis": "x", "angle": -45 },
			"faces": {
				"down": { "uv": [ 12.5, 10, 13, 11 ], "texture": "#texture" },
				"up": { "uv": [ 12.5, 5, 13, 6 ], "texture": "#texture" },
				"north": { "uv": [ 3, 14.5, 3.5, 15 ], "texture": "#texture" },
				"south": { "uv": [ 12.5, 14.5, 13, 15 ], "texture": "#texture" },
				"west": { "uv": [ 5, 14.5, 6, 15 ], "texture": "#texture" },
				"east": { "uv": [ 10, 14.5, 11, 15 ], "texture": "#texture" }
			}
		},
		{
			"__comment": "Box31",
			"from": [ 12.5, 1.875, 8.25 ],
			"to": [ 13, 2.875, 8.75 ],
			"rotation": { "origin": [ 12.5, 1.875, 8.25 ], "axis": "x", "angle": -45 },
			"faces": {
				"down": { "uv": [ 12.5, 10, 13, 11 ], "texture": "#texture" },
				"up": { "uv": [ 12.5, 5, 13, 6 ], "texture": "#texture" },
				"north": { "uv": [ 3, 14.5, 3.5, 15 ], "texture": "#texture" },
				"south": { "uv": [ 12.5, 14.5, 13, 15 ], "texture": "#texture" },
				"west": { "uv": [ 5, 14.5, 6, 15 ], "texture": "#texture" },
				"east": { "uv": [ 10, 14.5, 11, 15 ], "texture": "#texture" }
			}
		},
		{
			"__comment": "Box31",
			"from": [ 12.5, 3.5, 5.625 ],
			"to": [ 13, 4, 6.625 ],
			"faces": {
				"down": { "uv": [ 12.5, 10, 13, 11 ], "texture": "#texture" },
				"up": { "uv": [ 12.5, 5, 13, 6 ], "texture": "#texture" },
				"north": { "uv": [ 3, 14.5, 3.5, 15 ], "texture": "#texture" },
				"south": { "uv": [ 12.5, 14.5, 13, 15 ], "texture": "#texture" },
				"west": { "uv": [ 5, 14.5, 6, 15 ], "texture": "#texture" },
				"east": { "uv": [ 10, 14.5, 11, 15 ], "texture": "#texture" }
			}
		},
		{
			"__comment": "Box31",
			"from": [ 12.5, 3.5, 8.375 ],
			"to": [ 13, 4, 9.375 ],
			"faces": {
				"down": { "uv": [ 12.5, 10, 13, 11 ], "texture": "#texture" },
				"up": { "uv": [ 12.5, 5, 13, 6 ], "texture": "#texture" },
				"north": { "uv": [ 3, 14.5, 3.5, 15 ], "texture": "#texture" },
				"south": { "uv": [ 12.5, 14.5, 13, 15 ], "texture": "#texture" },
				"west": { "uv": [ 5, 14.5, 6, 15 ], "texture": "#texture" },
				"east": { "uv": [ 10, 14.5, 11, 15 ], "texture": "#texture" }
			}
		},
		{
			"__comment": "Box31",
			"from": [ 12.5, 3.5831, 6.2156 ],
			"to": [ 13, 4.0831, 7.2156 ],
			"rotation": { "origin": [ 12.5, 3.5, 6.25 ], "axis": "x", "angle": 22.5 },
			"faces": {
				"down": { "uv": [ 12.5, 10, 13, 11 ], "texture": "#texture" },
				"up": { "uv": [ 12.5, 5, 13, 6 ], "texture": "#texture" },
				"north": { "uv": [ 3, 14.5, 3.5, 15 ], "texture": "#texture" },
				"south": { "uv": [ 12.5, 14.5, 13, 15 ], "texture": "#texture" },
				"west": { "uv": [ 5, 14.5, 6, 15 ], "texture": "#texture" },
				"east": { "uv": [ 10, 14.5, 11, 15 ], "texture": "#texture" }
			}
		},
		{
			"__comment": "Box31",
			"from": [ 12.5, 2.25, 6.375 ],
			"to": [ 13, 3.25, 6.875 ],
			"rotation": { "origin": [ 12.5, 2.25, 6.375 ], "axis": "x", "angle": 45 },
			"faces": {
				"down": { "uv": [ 12.5, 10, 13, 11 ], "texture": "#texture" },
				"up": { "uv": [ 12.5, 5, 13, 6 ], "texture": "#texture" },
				"north": { "uv": [ 3, 14.5, 3.5, 15 ], "texture": "#texture" },
				"south": { "uv": [ 12.5, 14.5, 13, 15 ], "texture": "#texture" },
				"west": { "uv": [ 5, 14.5, 6, 15 ], "texture": "#texture" },
				"east": { "uv": [ 10, 14.5, 11, 15 ], "texture": "#texture" }
			}
		},
		{
			"__comment": "Box31",
			"from": [ 12.5, 2.25, 5.75 ],
			"to": [ 13, 2.75, 6.75 ],
			"rotation": { "origin": [ 12.5, 2.25, 5.75 ], "axis": "x", "angle": 22.5 },
			"faces": {
				"down": { "uv": [ 12.5, 10, 13, 11 ], "texture": "#texture" },
				"up": { "uv": [ 12.5, 5, 13, 6 ], "texture": "#texture" },
				"north": { "uv": [ 3, 14.5, 3.5, 15 ], "texture": "#texture" },
				"south": { "uv": [ 12.5, 14.5, 13, 15 ], "texture": "#texture" },
				"west": { "uv": [ 5, 14.5, 6, 15 ], "texture": "#texture" },
				"east": { "uv": [ 10, 14.5, 11, 15 ], "texture": "#texture" }
			}
		},
		{
			"__comment": "Box31",
			"from": [ 12.5, 1.875, 8.375 ],
			"to": [ 13, 2.375, 9.375 ],
			"rotation": { "origin": [ 12.5, 1.875, 8.375 ], "axis": "x", "angle": -22.5 },
			"faces": {
				"down": { "uv": [ 12.5, 10, 13, 11 ], "texture": "#texture" },
				"up": { "uv": [ 12.5, 5, 13, 6 ], "texture": "#texture" },
				"north": { "uv": [ 3, 14.5, 3.5, 15 ], "texture": "#texture" },
				"south": { "uv": [ 12.5, 14.5, 13, 15 ], "texture": "#texture" },
				"west": { "uv": [ 5, 14.5, 6, 15 ], "texture": "#texture" },
				"east": { "uv": [ 10, 14.5, 11, 15 ], "texture": "#texture" }
			}
		},
		{
			"__comment": "Box31",
			"from": [ 12.5, 3.7747, 7.1639 ],
			"to": [ 13, 4.2747, 7.6639 ],
			"rotation": { "origin": [ 12.5, 3.75, 7.125 ], "axis": "x", "angle": 45 },
			"faces": {
				"down": { "uv": [ 12.5, 10, 13, 11 ], "texture": "#texture2" },
				"up": { "uv": [ 12.5, 5, 13, 6 ], "texture": "#texture2" },
				"north": { "uv": [ 3, 14.5, 3.5, 15 ], "texture": "#texture2" },
				"south": { "uv": [ 12.5, 14.5, 13, 15 ], "texture": "#texture2" },
				"west": { "uv": [ 5, 14.5, 6, 15 ], "texture": "#texture2" },
				"east": { "uv": [ 10, 14.5, 11, 15 ], "texture": "#texture2" }
			}
		},
		{
			"__comment": "Box31",
			"from": [ 12.5, 1.625, 4.25 ],
			"to": [ 13, 2.625, 4.75 ],
			"faces": {
				"down": { "uv": [ 12.5, 10, 13, 11 ], "texture": "#texture" },
				"up": { "uv": [ 12.5, 5, 13, 6 ], "texture": "#texture" },
				"north": { "uv": [ 3, 14.5, 3.5, 15 ], "texture": "#texture" },
				"south": { "uv": [ 12.5, 14.5, 13, 15 ], "texture": "#texture" },
				"west": { "uv": [ 5, 14.5, 6, 15 ], "texture": "#texture" },
				"east": { "uv": [ 10, 14.5, 11, 15 ], "texture": "#texture" }
			}
		},
		{
			"__comment": "Box31",
			"from": [ 12.5, 2.25, 3.375 ],
			"to": [ 13, 2.75, 4.375 ],
			"rotation": { "origin": [ 12.5, 2.25, 3.375 ], "axis": "x", "angle": 22.5 },
			"faces": {
				"down": { "uv": [ 12.5, 10, 13, 11 ], "texture": "#texture" },
				"up": { "uv": [ 12.5, 5, 13, 6 ], "texture": "#texture" },
				"north": { "uv": [ 3, 14.5, 3.5, 15 ], "texture": "#texture" },
				"south": { "uv": [ 12.5, 14.5, 13, 15 ], "texture": "#texture" },
				"west": { "uv": [ 5, 14.5, 6, 15 ], "texture": "#texture" },
				"east": { "uv": [ 10, 14.5, 11, 15 ], "texture": "#texture" }
			}
		},
		{
			"__comment": "Box31",
			"from": [ 12.5, 0.5, 3.5 ],
			"to": [ 13, 1, 4.5 ],
			"rotation": { "origin": [ 12.5, 0.5, 3.5 ], "axis": "x", "angle": -45 },
			"faces": {
				"down": { "uv": [ 12.5, 10, 13, 11 ], "texture": "#texture" },
				"up": { "uv": [ 12.5, 5, 13, 6 ], "texture": "#texture" },
				"north": { "uv": [ 3, 14.5, 3.5, 15 ], "texture": "#texture" },
				"south": { "uv": [ 12.5, 14.5, 13, 15 ], "texture": "#texture" },
				"west": { "uv": [ 5, 14.5, 6, 15 ], "texture": "#texture" },
				"east": { "uv": [ 10, 14.5, 11, 15 ], "texture": "#texture" }
			}
		},
		{
			"__comment": "Box31",
			"from": [ 12.5, 1.75, 2.375 ],
			"to": [ 13, 2.25, 3.375 ],
			"rotation": { "origin": [ 12.5, 1.75, 2.375 ], "axis": "x", "angle": -45 },
			"faces": {
				"down": { "uv": [ 12.5, 10, 13, 11 ], "texture": "#texture" },
				"up": { "uv": [ 12.5, 5, 13, 6 ], "texture": "#texture" },
				"north": { "uv": [ 3, 14.5, 3.5, 15 ], "texture": "#texture" },
				"south": { "uv": [ 12.5, 14.5, 13, 15 ], "texture": "#texture" },
				"west": { "uv": [ 5, 14.5, 6, 15 ], "texture": "#texture" },
				"east": { "uv": [ 10, 14.5, 11, 15 ], "texture": "#texture" }
			}
		},
		{
			"__comment": "Box31",
			"from": [ 12.5, 2.25, 2.625 ],
			"to": [ 13, 2.75, 3.625 ],
			"faces": {
				"down": { "uv": [ 12.5, 10, 13, 11 ], "texture": "#texture" },
				"up": { "uv": [ 12.5, 5, 13, 6 ], "texture": "#texture" },
				"north": { "uv": [ 3, 14.5, 3.5, 15 ], "texture": "#texture" },
				"south": { "uv": [ 12.5, 14.5, 13, 15 ], "texture": "#texture" },
				"west": { "uv": [ 5, 14.5, 6, 15 ], "texture": "#texture" },
				"east": { "uv": [ 10, 14.5, 11, 15 ], "texture": "#texture" }
			}
		},
		{
			"__comment": "Box31",
			"from": [ 12.5, 2.25, 11.375 ],
			"to": [ 13, 2.75, 12.375 ],
			"faces": {
				"down": { "uv": [ 12.5, 10, 13, 11 ], "texture": "#texture" },
				"up": { "uv": [ 12.5, 5, 13, 6 ], "texture": "#texture" },
				"north": { "uv": [ 3, 14.5, 3.5, 15 ], "texture": "#texture" },
				"south": { "uv": [ 12.5, 14.5, 13, 15 ], "texture": "#texture" },
				"west": { "uv": [ 5, 14.5, 6, 15 ], "texture": "#texture" },
				"east": { "uv": [ 10, 14.5, 11, 15 ], "texture": "#texture" }
			}
		},
		{
			"__comment": "Box31",
			"from": [ 12.5, 2.375, 12 ],
			"to": [ 13, 2.875, 13 ],
			"rotation": { "origin": [ 12.5, 2.375, 12 ], "axis": "x", "angle": 45 },
			"faces": {
				"down": { "uv": [ 12.5, 10, 13, 11 ], "texture": "#texture" },
				"up": { "uv": [ 12.5, 5, 13, 6 ], "texture": "#texture" },
				"north": { "uv": [ 3, 14.5, 3.5, 15 ], "texture": "#texture" },
				"south": { "uv": [ 12.5, 14.5, 13, 15 ], "texture": "#texture" },
				"west": { "uv": [ 5, 14.5, 6, 15 ], "texture": "#texture" },
				"east": { "uv": [ 10, 14.5, 11, 15 ], "texture": "#texture" }
			}
		},
		{
			"__comment": "Box31",
			"from": [ 12.5, 0.5, 2.75 ],
			"to": [ 13, 1.5, 3.25 ],
			"rotation": { "origin": [ 12.5, 0.5, 2.75 ], "axis": "x", "angle": -45 },
			"faces": {
				"down": { "uv": [ 12.5, 10, 13, 11 ], "texture": "#texture" },
				"up": { "uv": [ 12.5, 5, 13, 6 ], "texture": "#texture" },
				"north": { "uv": [ 3, 14.5, 3.5, 15 ], "texture": "#texture" },
				"south": { "uv": [ 12.5, 14.5, 13, 15 ], "texture": "#texture" },
				"west": { "uv": [ 5, 14.5, 6, 15 ], "texture": "#texture" },
				"east": { "uv": [ 10, 14.5, 11, 15 ], "texture": "#texture" }
			}
		},
		{
			"__comment": "Box31",
			"from": [ 12.5, 1.125, 12.5 ],
			"to": [ 13, 2.125, 13 ],
			"faces": {
				"down": { "uv": [ 12.5, 10, 13, 11 ], "texture": "#texture" },
				"up": { "uv": [ 12.5, 5, 13, 6 ], "texture": "#texture" },
				"north": { "uv": [ 3, 14.5, 3.5, 15 ], "texture": "#texture" },
				"south": { "uv": [ 12.5, 14.5, 13, 15 ], "texture": "#texture" },
				"west": { "uv": [ 5, 14.5, 6, 15 ], "texture": "#texture" },
				"east": { "uv": [ 10, 14.5, 11, 15 ], "texture": "#texture" }
			}
		},
		{
			"__comment": "Box31",
			"from": [ 12.5, 1.125, 2 ],
			"to": [ 13, 2.125, 2.5 ],
			"faces": {
				"down": { "uv": [ 12.5, 10, 13, 11 ], "texture": "#texture" },
				"up": { "uv": [ 12.5, 5, 13, 6 ], "texture": "#texture" },
				"north": { "uv": [ 3, 14.5, 3.5, 15 ], "texture": "#texture" },
				"south": { "uv": [ 12.5, 14.5, 13, 15 ], "texture": "#texture" },
				"west": { "uv": [ 5, 14.5, 6, 15 ], "texture": "#texture" },
				"east": { "uv": [ 10, 14.5, 11, 15 ], "texture": "#texture" }
			}
		},
		{
			"__comment": "Box31",
			"from": [ 12.5, 0.875, 12 ],
			"to": [ 13, 1.875, 12.5 ],
			"rotation": { "origin": [ 12.5, 0.875, 12 ], "axis": "x", "angle": 45 },
			"faces": {
				"down": { "uv": [ 12.5, 10, 13, 11 ], "texture": "#texture" },
				"up": { "uv": [ 12.5, 5, 13, 6 ], "texture": "#texture" },
				"north": { "uv": [ 3, 14.5, 3.5, 15 ], "texture": "#texture" },
				"south": { "uv": [ 12.5, 14.5, 13, 15 ], "texture": "#texture" },
				"west": { "uv": [ 5, 14.5, 6, 15 ], "texture": "#texture" },
				"east": { "uv": [ 10, 14.5, 11, 15 ], "texture": "#texture" }
			}
		},
		{
			"__comment": "Box31",
			"from": [ 12.5, 1.125, 10.75 ],
			"to": [ 13, 1.625, 11.75 ],
			"rotation": { "origin": [ 12.5, 1.125, 10.75 ], "axis": "x", "angle": 45 },
			"faces": {
				"down": { "uv": [ 12.5, 10, 13, 11 ], "texture": "#texture" },
				"up": { "uv": [ 12.5, 5, 13, 6 ], "texture": "#texture" },
				"north": { "uv": [ 3, 14.5, 3.5, 15 ], "texture": "#texture" },
				"south": { "uv": [ 12.5, 14.5, 13, 15 ], "texture": "#texture" },
				"west": { "uv": [ 5, 14.5, 6, 15 ], "texture": "#texture" },
				"east": { "uv": [ 10, 14.5, 11, 15 ], "texture": "#texture" }
			}
		},
		{
			"__comment": "Box31",
			"from": [ 12.5, 0.5, 2.625 ],
			"to": [ 13, 1, 3.625 ],
			"faces": {
				"down": { "uv": [ 12.5, 10, 13, 11 ], "texture": "#texture" },
				"up": { "uv": [ 12.5, 5, 13, 6 ], "texture": "#texture" },
				"north": { "uv": [ 3, 14.5, 3.5, 15 ], "texture": "#texture" },
				"south": { "uv": [ 12.5, 14.5, 13, 15 ], "texture": "#texture" },
				"west": { "uv": [ 5, 14.5, 6, 15 ], "texture": "#texture" },
				"east": { "uv": [ 10, 14.5, 11, 15 ], "texture": "#texture" }
			}
		},
		{
			"__comment": "Box31",
			"from": [ 12.5, 0.5, 11.375 ],
			"to": [ 13, 1, 12.375 ],
			"faces": {
				"down": { "uv": [ 12.5, 10, 13, 11 ], "texture": "#texture" },
				"up": { "uv": [ 12.5, 5, 13, 6 ], "texture": "#texture" },
				"north": { "uv": [ 3, 14.5, 3.5, 15 ], "texture": "#texture" },
				"south": { "uv": [ 12.5, 14.5, 13, 15 ], "texture": "#texture" },
				"west": { "uv": [ 5, 14.5, 6, 15 ], "texture": "#texture" },
				"east": { "uv": [ 10, 14.5, 11, 15 ], "texture": "#texture" }
			}
		},
		{
			"__comment": "Box31",
			"from": [ 12.5, 2.5, 6.875 ],
			"to": [ 13, 3.5, 7.375 ],
			"faces": {
				"down": { "uv": [ 12.5, 10, 13, 11 ], "texture": "#texture" },
				"up": { "uv": [ 12.5, 5, 13, 6 ], "texture": "#texture" },
				"north": { "uv": [ 3, 14.5, 3.5, 15 ], "texture": "#texture" },
				"south": { "uv": [ 12.5, 14.5, 13, 15 ], "texture": "#texture" },
				"west": { "uv": [ 5, 14.5, 6, 15 ], "texture": "#texture" },
				"east": { "uv": [ 10, 14.5, 11, 15 ], "texture": "#texture" }
			}
		},
		{
			"__comment": "Box31",
			"from": [ 12.5, 2.5, 7.625 ],
			"to": [ 13, 3.5, 8.125 ],
			"faces": {
				"down": { "uv": [ 12.5, 10, 13, 11 ], "texture": "#texture" },
				"up": { "uv": [ 12.5, 5, 13, 6 ], "texture": "#texture" },
				"north": { "uv": [ 3, 14.5, 3.5, 15 ], "texture": "#texture" },
				"south": { "uv": [ 12.5, 14.5, 13, 15 ], "texture": "#texture" },
				"west": { "uv": [ 5, 14.5, 6, 15 ], "texture": "#texture" },
				"east": { "uv": [ 10, 14.5, 11, 15 ], "texture": "#texture" }
			}
		},
		{
			"__comment": "Box31",
			"from": [ 12.5, 3.7319, 7.0904 ],
			"to": [ 13, 4.2319, 7.5904 ],
			"rotation": { "origin": [ 12.5, 3.75, 7.125 ], "axis": "x", "angle": -22.5 },
			"faces": {
				"down": { "uv": [ 12.5, 10, 13, 11 ], "texture": "#texture2" },
				"up": { "uv": [ 12.5, 5, 13, 6 ], "texture": "#texture2" },
				"north": { "uv": [ 3, 14.5, 3.5, 15 ], "texture": "#texture2" },
				"south": { "uv": [ 12.5, 14.5, 13, 15 ], "texture": "#texture2" },
				"west": { "uv": [ 5, 14.5, 6, 15 ], "texture": "#texture2" },
				"east": { "uv": [ 10, 14.5, 11, 15 ], "texture": "#texture2" }
			}
		},
		{
			"__comment": "Box31",
			"from": [ 12.5, 3.9552, 7.4771 ],
			"to": [ 13, 4.4552, 7.9771 ],
			"rotation": { "origin": [ 12.5, 3.875, 7.375 ], "axis": "x", "angle": 22.5 },
			"faces": {
				"down": { "uv": [ 12.5, 10, 13, 11 ], "texture": "#texture2" },
				"up": { "uv": [ 12.5, 5, 13, 6 ], "texture": "#texture2" },
				"north": { "uv": [ 3, 14.5, 3.5, 15 ], "texture": "#texture2" },
				"south": { "uv": [ 12.5, 14.5, 13, 15 ], "texture": "#texture2" },
				"west": { "uv": [ 5, 14.5, 6, 15 ], "texture": "#texture2" },
				"east": { "uv": [ 10, 14.5, 11, 15 ], "texture": "#texture2" }
			}
		}
	],
	"display": {
		"thirdperson_righthand": {
			"rotation":  [ 55, 166, 11 ],
			"translation":  [ -1.391, 5.5652, 4.1739 ],
			"scale":  [ 0.7565, 0.9304, 0.6521 ]
		},
		"thirdperson_lefthand": {
			"rotation":  [ 55, -33, 11 ],
			"translation":  [ -1.391, 5.5652, 4.1739 ],
			"scale":  [ 0.7565, 0.9304, 0.6521 ]
		},
		"firstperson_righthand": {
			"rotation":  [ -3, 180, 0 ],
			"translation":  [ 0, 7.6521, 0 ],
			"scale":  [ 0.7913, 0.9304, 0.7217 ]
		},
		"firstperson_lefthand": {
			"rotation":  [ -3, 16, 0 ],
			"translation":  [ 0, 7.6521, 0 ],
			"scale":  [ 0.7913, 0.9304, 0.7217 ]
		},
		"gui": {
			"rotation":  [ 0, -90, 0 ],
			"translation":  [ -0.695, 4.8695, 0 ],
			"scale":  [ 1, 1.2782, 1 ]
		},
		"head": {
			"rotation":  [ 0, 90, 0 ],
			"translation":  [ 0.6956, 16.692, -1.3 ],
			"scale":  [ 1.3825, 1.4169, 1.3129 ]
		},
		"ground": {
			"translation":  [ 0, 7.6521, 0 ],
			"scale":  [ 0.7217, 0.9651, 0.7565 ]
		},
		"fixed": {
			"rotation":  [ 0, 90, 0 ],
			"translation":  [ 0, 3.4782, 0 ]
		}
	}
}