{
    "__comment": "Model generated using MrCrayfish's Model Creator (http://mrcrayfish.com/modelcreator/)",
    "textures": {
        "0": "blocks/wool_colored_red",
        "1": "blocks/wool_colored_lime",
        "2": "blocks/wool_colored_magenta",
        "3": "blocks/wool_colored_light_blue",
        "4": "blocks/wool_colored_yellow",
        "5": "blocks/wool_colored_pink",
        "6": "blocks/wool_colored_white"
    },
    "elements": [
        {
            "name": "Cube",
            "from": [ 4.0, 18.0, 2.0 ],
            "to": [ 12.0, 20.0, 3.0 ],
            "faces": {
                "north": { "texture": "#0", "uv": [ 0.0, 0.0, 8.0, 2.0 ] },
                "east": { "texture": "#0", "uv": [ 0.0, 0.0, 1.0, 2.0 ] },
                "south": { "texture": "#0", "uv": [ 0.0, 0.0, 8.0, 2.0 ] },
                "west": { "texture": "#0", "uv": [ 0.0, 0.0, 1.0, 2.0 ] },
                "up": { "texture": "#0", "uv": [ 0.0, 0.0, 8.0, 1.0 ] },
                "down": { "texture": "#0", "uv": [ 0.0, 0.0, 8.0, 1.0 ] }
            }
        },
        {
            "name": "Cube",
            "from": [ 2.0, 17.0, 4.0 ],
            "to": [ 3.0, 20.0, 13.0 ],
            "faces": {
                "north": { "texture": "#0", "uv": [ 0.0, 0.0, 1.0, 3.0 ] },
                "east": { "texture": "#0", "uv": [ 0.0, 0.0, 9.0, 3.0 ] },
                "south": { "texture": "#0", "uv": [ 0.0, 0.0, 1.0, 3.0 ] },
                "west": { "texture": "#0", "uv": [ 0.0, 0.0, 9.0, 3.0 ] },
                "up": { "texture": "#0", "uv": [ 0.0, 0.0, 1.0, 9.0 ] },
                "down": { "texture": "#0", "uv": [ 0.0, 0.0, 1.0, 9.0 ] }
            }
        },
        {
            "name": "Cube",
            "from": [ 3.0, 18.0, 3.0 ],
            "to": [ 13.0, 20.0, 13.0 ],
            "faces": {
                "north": { "texture": "#0", "uv": [ 0.0, 0.0, 10.0, 2.0 ] },
                "east": { "texture": "#0", "uv": [ 0.0, 0.0, 10.0, 2.0 ] },
                "south": { "texture": "#0", "uv": [ 0.0, 0.0, 10.0, 2.0 ] },
                "west": { "texture": "#0", "uv": [ 0.0, 0.0, 10.0, 2.0 ] },
                "up": { "texture": "#0", "uv": [ 0.0, 0.0, 10.0, 10.0 ] },
                "down": { "texture": "#0", "uv": [ 0.0, 0.0, 10.0, 10.0 ] }
            }
        },
        {
            "name": "Cube",
            "from": [ 14.0, 15.0, 3.0 ],
            "to": [ 15.0, 18.0, 13.0 ],
            "faces": {
                "north": { "texture": "#0", "uv": [ 0.0, 0.0, 1.0, 3.0 ] },
                "east": { "texture": "#0", "uv": [ 0.0, 0.0, 10.0, 3.0 ] },
                "south": { "texture": "#0", "uv": [ 0.0, 0.0, 1.0, 3.0 ] },
                "west": { "texture": "#0", "uv": [ 0.0, 0.0, 10.0, 3.0 ] },
                "up": { "texture": "#0", "uv": [ 0.0, 0.0, 1.0, 10.0 ] },
                "down": { "texture": "#0", "uv": [ 0.0, 0.0, 1.0, 10.0 ] }
            }
        },
        {
            "name": "Cube",
            "from": [ 3.0, 15.0, 14.0 ],
            "to": [ 13.0, 18.0, 15.0 ],
            "faces": {
                "north": { "texture": "#0", "uv": [ 0.0, 0.0, 10.0, 3.0 ] },
                "east": { "texture": "#0", "uv": [ 0.0, 0.0, 1.0, 3.0 ] },
                "south": { "texture": "#0", "uv": [ 0.0, 0.0, 10.0, 3.0 ] },
                "west": { "texture": "#0", "uv": [ 0.0, 0.0, 1.0, 3.0 ] },
                "up": { "texture": "#0", "uv": [ 0.0, 0.0, 10.0, 1.0 ] },
                "down": { "texture": "#0", "uv": [ 0.0, 0.0, 10.0, 1.0 ] }
            }
        },
        {
            "name": "Cube",
            "from": [ 1.0, 15.0, 3.0 ],
            "to": [ 2.0, 18.0, 13.0 ],
            "faces": {
                "north": { "texture": "#0", "uv": [ 0.0, 0.0, 1.0, 3.0 ] },
                "east": { "texture": "#0", "uv": [ 0.0, 0.0, 10.0, 3.0 ] },
                "south": { "texture": "#0", "uv": [ 0.0, 0.0, 1.0, 3.0 ] },
                "west": { "texture": "#0", "uv": [ 0.0, 0.0, 10.0, 3.0 ] },
                "up": { "texture": "#0", "uv": [ 0.0, 0.0, 1.0, 10.0 ] },
                "down": { "texture": "#0", "uv": [ 0.0, 0.0, 1.0, 10.0 ] }
            }
        },
        {
            "name": "Cube",
            "from": [ 3.0, 15.0, 1.0 ],
            "to": [ 13.0, 18.0, 2.0 ],
            "faces": {
                "north": { "texture": "#0", "uv": [ 0.0, 0.0, 10.0, 3.0 ] },
                "east": { "texture": "#0", "uv": [ 0.0, 0.0, 1.0, 3.0 ] },
                "south": { "texture": "#0", "uv": [ 0.0, 0.0, 10.0, 3.0 ] },
                "west": { "texture": "#0", "uv": [ 0.0, 0.0, 1.0, 3.0 ] },
                "up": { "texture": "#0", "uv": [ 0.0, 0.0, 10.0, 1.0 ] },
                "down": { "texture": "#0", "uv": [ 0.0, 0.0, 10.0, 1.0 ] }
            }
        },
        {
            "name": "Cube",
            "from": [ 2.0, 15.0, 2.0 ],
            "to": [ 14.0, 18.0, 14.0 ],
            "faces": {
                "north": { "texture": "#0", "uv": [ 0.0, 0.0, 12.0, 3.0 ] },
                "east": { "texture": "#0", "uv": [ 0.0, 0.0, 12.0, 3.0 ] },
                "south": { "texture": "#0", "uv": [ 0.0, 0.0, 12.0, 3.0 ] },
                "west": { "texture": "#0", "uv": [ 0.0, 0.0, 12.0, 3.0 ] },
                "up": { "texture": "#0", "uv": [ 0.0, 0.0, 12.0, 12.0 ] },
                "down": { "texture": "#0", "uv": [ 0.0, 0.0, 12.0, 12.0 ] }
            }
        },
        {
            "name": "Cube",
            "from": [ 1.0, 19.0, 8.0 ],
            "to": [ 2.0, 20.0, 9.0 ],
            "faces": {
                "north": { "texture": "#1", "uv": [ 0.0, 0.0, 1.0, 1.0 ] },
                "east": { "texture": "#1", "uv": [ 0.0, 0.0, 1.0, 1.0 ] },
                "south": { "texture": "#1", "uv": [ 0.0, 0.0, 1.0, 1.0 ] },
                "west": { "texture": "#1", "uv": [ 0.0, 0.0, 1.0, 1.0 ] },
                "up": { "texture": "#1", "uv": [ 0.0, 0.0, 1.0, 1.0 ] },
                "down": { "texture": "#1", "uv": [ 0.0, 0.0, 1.0, 1.0 ] }
            }
        },
        {
            "name": "Cube",
            "from": [ 12.0, 20.0, 8.0 ],
            "to": [ 13.0, 24.0, 9.0 ],
            "faces": {
                "north": { "texture": "#2", "uv": [ 0.0, 0.0, 1.0, 4.0 ] },
                "east": { "texture": "#2", "uv": [ 0.0, 0.0, 1.0, 4.0 ] },
                "south": { "texture": "#2", "uv": [ 0.0, 0.0, 1.0, 4.0 ] },
                "west": { "texture": "#2", "uv": [ 0.0, 0.0, 1.0, 4.0 ] },
                "up": { "texture": "#2", "uv": [ 0.0, 0.0, 1.0, 1.0 ] },
                "down": { "texture": "#2", "uv": [ 0.0, 0.0, 1.0, 1.0 ] }
            }
        },
        {
            "name": "Cube",
            "from": [ 3.0, 20.0, 8.0 ],
            "to": [ 4.0, 24.0, 9.0 ],
            "faces": {
                "north": { "texture": "#2", "uv": [ 0.0, 0.0, 1.0, 4.0 ] },
                "east": { "texture": "#2", "uv": [ 0.0, 0.0, 1.0, 4.0 ] },
                "south": { "texture": "#2", "uv": [ 0.0, 0.0, 1.0, 4.0 ] },
                "west": { "texture": "#2", "uv": [ 0.0, 0.0, 1.0, 4.0 ] },
                "up": { "texture": "#2", "uv": [ 0.0, 0.0, 1.0, 1.0 ] },
                "down": { "texture": "#2", "uv": [ 0.0, 0.0, 1.0, 1.0 ] }
            }
        },
        {
            "name": "Cube",
            "from": [ 4.0, 20.0, 4.0 ],
            "to": [ 12.0, 21.0, 12.0 ],
            "faces": {
                "north": { "texture": "#0", "uv": [ 0.0, 0.0, 8.0, 1.0 ] },
                "east": { "texture": "#0", "uv": [ 0.0, 0.0, 8.0, 1.0 ] },
                "south": { "texture": "#0", "uv": [ 0.0, 0.0, 8.0, 1.0 ] },
                "west": { "texture": "#0", "uv": [ 0.0, 0.0, 8.0, 1.0 ] },
                "up": { "texture": "#0", "uv": [ 0.0, 0.0, 8.0, 8.0 ] },
                "down": { "texture": "#0", "uv": [ 0.0, 0.0, 8.0, 8.0 ] }
            }
        },
        {
            "name": "Cube",
            "from": [ 13.0, 18.0, 4.0 ],
            "to": [ 14.0, 20.0, 13.0 ],
            "faces": {
                "north": { "texture": "#0", "uv": [ 0.0, 0.0, 1.0, 2.0 ] },
                "east": { "texture": "#0", "uv": [ 0.0, 0.0, 9.0, 2.0 ] },
                "south": { "texture": "#0", "uv": [ 0.0, 0.0, 1.0, 2.0 ] },
                "west": { "texture": "#0", "uv": [ 0.0, 0.0, 9.0, 2.0 ] },
                "up": { "texture": "#0", "uv": [ 0.0, 0.0, 1.0, 9.0 ] },
                "down": { "texture": "#0", "uv": [ 0.0, 0.0, 1.0, 9.0 ] }
            }
        },
        {
            "name": "Cube",
            "from": [ 4.0, 18.0, 13.0 ],
            "to": [ 12.0, 20.0, 14.0 ],
            "faces": {
                "north": { "texture": "#0", "uv": [ 0.0, 0.0, 8.0, 2.0 ] },
                "east": { "texture": "#0", "uv": [ 0.0, 0.0, 1.0, 2.0 ] },
                "south": { "texture": "#0", "uv": [ 0.0, 0.0, 8.0, 2.0 ] },
                "west": { "texture": "#0", "uv": [ 0.0, 0.0, 1.0, 2.0 ] },
                "up": { "texture": "#0", "uv": [ 0.0, 0.0, 8.0, 1.0 ] },
                "down": { "texture": "#0", "uv": [ 0.0, 0.0, 8.0, 1.0 ] }
            }
        },
        {
            "name": "Cube",
            "from": [ 2.0, 20.0, 8.0 ],
            "to": [ 3.0, 25.0, 9.0 ],
            "faces": {
                "north": { "texture": "#3", "uv": [ 0.0, 0.0, 1.0, 5.0 ] },
                "east": { "texture": "#3", "uv": [ 0.0, 0.0, 1.0, 5.0 ] },
                "south": { "texture": "#3", "uv": [ 0.0, 0.0, 1.0, 5.0 ] },
                "west": { "texture": "#3", "uv": [ 0.0, 0.0, 1.0, 5.0 ] },
                "up": { "texture": "#3", "uv": [ 0.0, 0.0, 1.0, 1.0 ] },
                "down": { "texture": "#3", "uv": [ 0.0, 0.0, 1.0, 1.0 ] }
            }
        },
        {
            "name": "Cube",
            "from": [ 1.0, 20.0, 8.0 ],
            "to": [ 2.0, 25.0, 9.0 ],
            "faces": {
                "north": { "texture": "#1", "uv": [ 0.0, 0.0, 1.0, 5.0 ] },
                "east": { "texture": "#1", "uv": [ 0.0, 0.0, 1.0, 5.0 ] },
                "south": { "texture": "#1", "uv": [ 0.0, 0.0, 1.0, 3.0 ] },
                "west": { "texture": "#1", "uv": [ 0.0, 0.0, 1.0, 5.0 ] },
                "up": { "texture": "#1", "uv": [ 0.0, 0.0, 1.0, 1.0 ] },
                "down": { "texture": "#1", "uv": [ 0.0, 0.0, 1.0, 1.0 ] }
            }
        },
        {
            "name": "Cube",
            "from": [ 0.0, 20.0, 8.0 ],
            "to": [ 1.0, 24.0, 9.0 ],
            "faces": {
                "north": { "texture": "#4", "uv": [ 0.0, 0.0, 1.0, 4.0 ] },
                "east": { "texture": "#4", "uv": [ 0.0, 0.0, 1.0, 4.0 ] },
                "south": { "texture": "#4", "uv": [ 0.0, 0.0, 1.0, 4.0 ] },
                "west": { "texture": "#4", "uv": [ 0.0, 0.0, 1.0, 4.0 ] },
                "up": { "texture": "#4", "uv": [ 0.0, 0.0, 1.0, 1.0 ] },
                "down": { "texture": "#4", "uv": [ 0.0, 0.0, 1.0, 1.0 ] }
            }
        },
        {
            "name": "Cube",
            "from": [ -1.0, 21.0, 8.0 ],
            "to": [ 0.0, 23.0, 9.0 ],
            "faces": {
                "north": { "texture": "#0", "uv": [ 0.0, 0.0, 1.0, 2.0 ] },
                "east": { "texture": "#0", "uv": [ 0.0, 0.0, 1.0, 2.0 ] },
                "south": { "texture": "#0", "uv": [ 0.0, 0.0, 1.0, 2.0 ] },
                "west": { "texture": "#0", "uv": [ 0.0, 0.0, 1.0, 2.0 ] },
                "up": { "texture": "#0", "uv": [ 0.0, 0.0, 1.0, 1.0 ] },
                "down": { "texture": "#0", "uv": [ 0.0, 0.0, 1.0, 1.0 ] }
            }
        },
        {
            "name": "Cube",
            "from": [ 4.0, 21.0, 8.0 ],
            "to": [ 5.0, 23.0, 9.0 ],
            "faces": {
                "north": { "texture": "#5", "uv": [ 0.0, 0.0, 1.0, 2.0 ] },
                "east": { "texture": "#5", "uv": [ 0.0, 0.0, 1.0, 2.0 ] },
                "south": { "texture": "#5", "uv": [ 0.0, 0.0, 1.0, 2.0 ] },
                "west": { "texture": "#5", "uv": [ 0.0, 0.0, 1.0, 2.0 ] },
                "up": { "texture": "#5", "uv": [ 0.0, 0.0, 1.0, 1.0 ] },
                "down": { "texture": "#5", "uv": [ 0.0, 0.0, 1.0, 1.0 ] }
            }
        },
        {
            "name": "Cube",
            "from": [ 16.0, 21.0, 8.0 ],
            "to": [ 17.0, 23.0, 9.0 ],
            "faces": {
                "north": { "texture": "#0", "uv": [ 0.0, 0.0, 1.0, 2.0 ] },
                "east": { "texture": "#0", "uv": [ 0.0, 0.0, 1.0, 2.0 ] },
                "south": { "texture": "#0", "uv": [ 0.0, 0.0, 1.0, 2.0 ] },
                "west": { "texture": "#0", "uv": [ 0.0, 0.0, 1.0, 2.0 ] },
                "up": { "texture": "#0", "uv": [ 0.0, 0.0, 1.0, 1.0 ] },
                "down": { "texture": "#0", "uv": [ 0.0, 0.0, 1.0, 1.0 ] }
            }
        },
        {
            "name": "Cube",
            "from": [ 15.0, 20.0, 8.0 ],
            "to": [ 16.0, 24.0, 9.0 ],
            "faces": {
                "north": { "texture": "#4", "uv": [ 0.0, 0.0, 1.0, 4.0 ] },
                "east": { "texture": "#4", "uv": [ 0.0, 0.0, 1.0, 4.0 ] },
                "south": { "texture": "#4", "uv": [ 0.0, 0.0, 1.0, 4.0 ] },
                "west": { "texture": "#4", "uv": [ 0.0, 0.0, 1.0, 4.0 ] },
                "up": { "texture": "#4", "uv": [ 0.0, 0.0, 1.0, 1.0 ] },
                "down": { "texture": "#4", "uv": [ 0.0, 0.0, 1.0, 1.0 ] }
            }
        },
        {
            "name": "Cube",
            "from": [ 14.0, 19.0, 8.0 ],
            "to": [ 15.0, 25.0, 9.0 ],
            "faces": {
                "north": { "texture": "#1", "uv": [ 0.0, 0.0, 1.0, 6.0 ] },
                "east": { "texture": "#1", "uv": [ 0.0, 0.0, 1.0, 6.0 ] },
                "south": { "texture": "#1", "uv": [ 0.0, 0.0, 1.0, 6.0 ] },
                "west": { "texture": "#1", "uv": [ 0.0, 0.0, 1.0, 6.0 ] },
                "up": { "texture": "#1", "uv": [ 0.0, 0.0, 1.0, 1.0 ] },
                "down": { "texture": "#1", "uv": [ 0.0, 0.0, 1.0, 1.0 ] }
            }
        },
        {
            "name": "Cube",
            "from": [ 13.0, 19.0, 8.0 ],
            "to": [ 14.0, 25.0, 9.0 ],
            "faces": {
                "north": { "texture": "#3", "uv": [ 0.0, 0.0, 1.0, 6.0 ] },
                "east": { "texture": "#3", "uv": [ 0.0, 0.0, 1.0, 6.0 ] },
                "south": { "texture": "#3", "uv": [ 0.0, 0.0, 1.0, 6.0 ] },
                "west": { "texture": "#3", "uv": [ 0.0, 0.0, 1.0, 6.0 ] },
                "up": { "texture": "#3", "uv": [ 0.0, 0.0, 1.0, 1.0 ] },
                "down": { "texture": "#3", "uv": [ 0.0, 0.0, 1.0, 1.0 ] }
            }
        },
        {
            "name": "Cube",
            "from": [ 11.0, 21.0, 8.0 ],
            "to": [ 12.0, 23.0, 9.0 ],
            "faces": {
                "north": { "texture": "#5", "uv": [ 0.0, 0.0, 1.0, 2.0 ] },
                "east": { "texture": "#5", "uv": [ 0.0, 0.0, 1.0, 2.0 ] },
                "south": { "texture": "#5", "uv": [ 0.0, 0.0, 1.0, 2.0 ] },
                "west": { "texture": "#5", "uv": [ 0.0, 0.0, 1.0, 2.0 ] },
                "up": { "texture": "#5", "uv": [ 0.0, 0.0, 1.0, 1.0 ] },
                "down": { "texture": "#5", "uv": [ 0.0, 0.0, 1.0, 1.0 ] }
            }
        },
        {
            "name": "Cube",
            "from": [ 15.0, 14.0, 3.0 ],
            "to": [ 16.0, 15.0, 13.0 ],
            "faces": {
                "north": { "texture": "#3", "uv": [ 0.0, 0.0, 1.0, 1.0 ] },
                "east": { "texture": "#3", "uv": [ 0.0, 0.0, 10.0, 1.0 ] },
                "south": { "texture": "#3", "uv": [ 0.0, 0.0, 1.0, 1.0 ] },
                "west": { "texture": "#3", "uv": [ 0.0, 0.0, 10.0, 1.0 ] },
                "up": { "texture": "#3", "uv": [ 0.0, 0.0, 1.0, 10.0 ] },
                "down": { "texture": "#3", "uv": [ 0.0, 0.0, 1.0, 10.0 ] }
            }
        },
        {
            "name": "Cube",
            "from": [ 3.0, 14.0, 15.0 ],
            "to": [ 13.0, 15.0, 16.0 ],
            "faces": {
                "north": { "texture": "#3", "uv": [ 0.0, 0.0, 10.0, 1.0 ] },
                "east": { "texture": "#3", "uv": [ 0.0, 0.0, 1.0, 1.0 ] },
                "south": { "texture": "#3", "uv": [ 0.0, 0.0, 10.0, 1.0 ] },
                "west": { "texture": "#3", "uv": [ 0.0, 0.0, 1.0, 1.0 ] },
                "up": { "texture": "#3", "uv": [ 0.0, 0.0, 10.0, 1.0 ] },
                "down": { "texture": "#3", "uv": [ 0.0, 0.0, 10.0, 1.0 ] }
            }
        },
        {
            "name": "Cube",
            "from": [ 2.0, 14.0, 14.0 ],
            "to": [ 3.0, 15.0, 15.0 ],
            "faces": {
                "north": { "texture": "#3", "uv": [ 0.0, 0.0, 1.0, 1.0 ] },
                "east": { "texture": "#3", "uv": [ 0.0, 0.0, 1.0, 1.0 ] },
                "south": { "texture": "#3", "uv": [ 0.0, 0.0, 1.0, 1.0 ] },
                "west": { "texture": "#3", "uv": [ 0.0, 0.0, 1.0, 1.0 ] },
                "up": { "texture": "#3", "uv": [ 0.0, 0.0, 1.0, 1.0 ] },
                "down": { "texture": "#3", "uv": [ 0.0, 0.0, 1.0, 1.0 ] }
            }
        },
        {
            "name": "Cube",
            "from": [ 0.0, 14.0, 3.0 ],
            "to": [ 1.0, 15.0, 13.0 ],
            "faces": {
                "north": { "texture": "#3", "uv": [ 0.0, 0.0, 1.0, 1.0 ] },
                "east": { "texture": "#3", "uv": [ 0.0, 0.0, 10.0, 1.0 ] },
                "south": { "texture": "#3", "uv": [ 0.0, 0.0, 1.0, 1.0 ] },
                "west": { "texture": "#3", "uv": [ 0.0, 0.0, 10.0, 1.0 ] },
                "up": { "texture": "#3", "uv": [ 0.0, 0.0, 1.0, 10.0 ] },
                "down": { "texture": "#3", "uv": [ 0.0, 0.0, 1.0, 10.0 ] }
            }
        },
        {
            "name": "Cube",
            "from": [ 1.0, 14.0, 2.0 ],
            "to": [ 2.0, 15.0, 3.0 ],
            "faces": {
                "north": { "texture": "#3", "uv": [ 0.0, 0.0, 1.0, 1.0 ] },
                "east": { "texture": "#3", "uv": [ 0.0, 0.0, 1.0, 1.0 ] },
                "south": { "texture": "#3", "uv": [ 0.0, 0.0, 1.0, 1.0 ] },
                "west": { "texture": "#3", "uv": [ 0.0, 0.0, 1.0, 1.0 ] },
                "up": { "texture": "#3", "uv": [ 0.0, 0.0, 1.0, 1.0 ] },
                "down": { "texture": "#3", "uv": [ 0.0, 0.0, 1.0, 1.0 ] }
            }
        },
        {
            "name": "Cube",
            "from": [ 3.0, 14.0, 0.0 ],
            "to": [ 13.0, 15.0, 1.0 ],
            "faces": {
                "north": { "texture": "#3", "uv": [ 0.0, 0.0, 10.0, 1.0 ] },
                "east": { "texture": "#3", "uv": [ 0.0, 0.0, 1.0, 1.0 ] },
                "south": { "texture": "#3", "uv": [ 0.0, 0.0, 10.0, 1.0 ] },
                "west": { "texture": "#3", "uv": [ 0.0, 0.0, 1.0, 1.0 ] },
                "up": { "texture": "#3", "uv": [ 0.0, 0.0, 10.0, 1.0 ] },
                "down": { "texture": "#3", "uv": [ 0.0, 0.0, 10.0, 1.0 ] }
            }
        },
        {
            "name": "Cube",
            "from": [ 13.0, 14.0, 1.0 ],
            "to": [ 14.0, 15.0, 2.0 ],
            "faces": {
                "north": { "texture": "#3", "uv": [ 0.0, 0.0, 1.0, 1.0 ] },
                "east": { "texture": "#3", "uv": [ 0.0, 0.0, 1.0, 1.0 ] },
                "south": { "texture": "#3", "uv": [ 0.0, 0.0, 1.0, 1.0 ] },
                "west": { "texture": "#3", "uv": [ 0.0, 0.0, 1.0, 1.0 ] },
                "up": { "texture": "#3", "uv": [ 0.0, 0.0, 1.0, 1.0 ] },
                "down": { "texture": "#3", "uv": [ 0.0, 0.0, 1.0, 1.0 ] }
            }
        },
        {
            "name": "Cube",
            "from": [ 13.0, 14.0, 14.0 ],
            "to": [ 14.0, 15.0, 15.0 ],
            "faces": {
                "north": { "texture": "#3", "uv": [ 0.0, 0.0, 1.0, 1.0 ] },
                "east": { "texture": "#3", "uv": [ 0.0, 0.0, 1.0, 1.0 ] },
                "south": { "texture": "#3", "uv": [ 0.0, 0.0, 1.0, 1.0 ] },
                "west": { "texture": "#3", "uv": [ 0.0, 0.0, 1.0, 1.0 ] },
                "up": { "texture": "#3", "uv": [ 0.0, 0.0, 1.0, 1.0 ] },
                "down": { "texture": "#3", "uv": [ 0.0, 0.0, 1.0, 1.0 ] }
            }
        },
        {
            "name": "Cube",
            "from": [ 9.0, 17.0, 0.0 ],
            "to": [ 10.0, 18.0, 1.0 ],
            "faces": {
                "north": { "texture": "#6", "uv": [ 11.0, 9.0, 12.0, 10.0 ] },
                "east": { "texture": "#6", "uv": [ 13.0, 6.0, 14.0, 7.0 ] },
                "south": { "texture": "#6", "uv": [ 13.0, 6.0, 14.0, 7.0 ] },
                "west": { "texture": "#6", "uv": [ 11.0, 9.0, 12.0, 10.0 ] },
                "up": { "texture": "#6", "uv": [ 11.0, 9.0, 12.0, 10.0 ] },
                "down": { "texture": "#6", "uv": [ 11.0, 9.0, 12.0, 10.0 ] }
            }
        },
        {
            "name": "Cube",
            "from": [ 6.0, 17.0, 0.0 ],
            "to": [ 7.0, 18.0, 1.0 ],
            "faces": {
                "north": { "texture": "#6", "uv": [ 11.0, 9.0, 12.0, 10.0 ] },
                "east": { "texture": "#6", "uv": [ 13.0, 6.0, 14.0, 7.0 ] },
                "south": { "texture": "#6", "uv": [ 13.0, 12.0, 14.0, 13.0 ] },
                "west": { "texture": "#6", "uv": [ 13.0, 12.0, 14.0, 13.0 ] },
                "up": { "texture": "#6", "uv": [ 13.0, 12.0, 14.0, 13.0 ] },
                "down": { "texture": "#6", "uv": [ 13.0, 6.0, 14.0, 7.0 ] }
            }
        },
        {
            "name": "Cube",
            "from": [ 7.0, 15.0, 0.0 ],
            "to": [ 9.0, 17.0, 1.0 ],
            "faces": {
                "north": { "texture": "#6", "uv": [ 12.0, 12.0, 13.0, 13.0 ] },
                "east": { "texture": "#6", "uv": [ 12.0, 12.0, 13.0, 13.0 ] },
                "south": { "texture": "#6", "uv": [ 10.0, 9.0, 11.0, 10.0 ] },
                "west": { "texture": "#6", "uv": [ 10.0, 9.0, 11.0, 10.0 ] },
                "up": { "texture": "#6", "uv": [ 10.0, 9.0, 12.0, 10.0 ] },
                "down": { "texture": "#6", "uv": [ 10.0, 9.0, 11.0, 10.0 ] }
            }
        },
        {
            "name": "Cube",
            "from": [ 2.0, 14.0, 1.0 ],
            "to": [ 3.0, 15.0, 2.0 ],
            "faces": {
                "north": { "texture": "#3", "uv": [ 0.0, 0.0, 1.0, 1.0 ] },
                "east": { "texture": "#3", "uv": [ 0.0, 0.0, 1.0, 1.0 ] },
                "south": { "texture": "#3", "uv": [ 0.0, 0.0, 1.0, 1.0 ] },
                "west": { "texture": "#3", "uv": [ 0.0, 0.0, 1.0, 1.0 ] },
                "up": { "texture": "#3", "uv": [ 0.0, 0.0, 1.0, 1.0 ] },
                "down": { "texture": "#3", "uv": [ 0.0, 0.0, 1.0, 1.0 ] }
            }
        },
        {
            "name": "Cube",
            "from": [ 14.0, 14.0, 2.0 ],
            "to": [ 15.0, 15.0, 3.0 ],
            "faces": {
                "north": { "texture": "#3", "uv": [ 0.0, 0.0, 1.0, 1.0 ] },
                "east": { "texture": "#3", "uv": [ 0.0, 0.0, 1.0, 1.0 ] },
                "south": { "texture": "#3", "uv": [ 0.0, 0.0, 1.0, 1.0 ] },
                "west": { "texture": "#3", "uv": [ 0.0, 0.0, 1.0, 1.0 ] },
                "up": { "texture": "#3", "uv": [ 0.0, 0.0, 1.0, 1.0 ] },
                "down": { "texture": "#3", "uv": [ 0.0, 0.0, 1.0, 1.0 ] }
            }
        },
        {
            "name": "Cube",
            "from": [ 1.0, 14.0, 13.0 ],
            "to": [ 2.0, 15.0, 14.0 ],
            "faces": {
                "north": { "texture": "#3", "uv": [ 0.0, 0.0, 1.0, 1.0 ] },
                "east": { "texture": "#3", "uv": [ 0.0, 0.0, 1.0, 1.0 ] },
                "south": { "texture": "#3", "uv": [ 0.0, 0.0, 1.0, 1.0 ] },
                "west": { "texture": "#3", "uv": [ 0.0, 0.0, 1.0, 1.0 ] },
                "up": { "texture": "#3", "uv": [ 0.0, 0.0, 1.0, 1.0 ] },
                "down": { "texture": "#3", "uv": [ 0.0, 0.0, 1.0, 1.0 ] }
            }
        },
        {
            "name": "Cube",
            "from": [ 14.0, 14.0, 13.0 ],
            "to": [ 15.0, 15.0, 14.0 ],
            "faces": {
                "north": { "texture": "#3", "uv": [ 0.0, 0.0, 1.0, 1.0 ] },
                "east": { "texture": "#3", "uv": [ 0.0, 0.0, 1.0, 1.0 ] },
                "south": { "texture": "#3", "uv": [ 0.0, 0.0, 1.0, 1.0 ] },
                "west": { "texture": "#3", "uv": [ 0.0, 0.0, 1.0, 1.0 ] },
                "up": { "texture": "#3", "uv": [ 0.0, 0.0, 1.0, 1.0 ] },
                "down": { "texture": "#3", "uv": [ 0.0, 0.0, 1.0, 1.0 ] }
            }
        }
    ],
  	"display": {
  		"head": {
  			"rotation":  [ 0, 0, 0 ],
  			"translation":  [ 0, -3, 0 ],
  			"scale":  [ 1.07, 1.07, 1.07 ]
  		}
  	}
}
